global_index,relative_path,label,class,split,position_in_split,excluded_reason,near_duplicate_group
0,Aalubhat/Aalubhat_001.jpg,0,Aalubhat,train,66,,0
1,Aalubhat/Aalubhat_002.jpg,0,Aalubhat,train,2121,,1
2,Aalubhat/Aalubhat_003.jpg,0,Aalubhat,train,1615,,2
3,Aalubhat/Aalubhat_004.jpg,0,Aalubhat,train,234,,3
4,Aalubhat/Aalubhat_005.jpg,0,Aalubhat,train,2540,,4
5,Aalubhat/Aalubhat_006.jpg,0,Aalubhat,val,105,,5
6,Aalubhat/Aalubhat_007.jpg,0,Aalubhat,train,85,,6
7,Aalubhat/Aalubhat_008.jpg,0,Aalubhat,train,1412,,7
8,Aalubhat/Aalubhat_009.jpg,0,Aalubhat,train,2145,,8
9,Aalubhat/Aalubhat_010.jpg,0,Aalubhat,train,2841,,9
10,Aalubhat/Aalubhat_011.jpg,0,Aalubhat,train,429,,10
11,Aalubhat/Aalubhat_012.jpg,0,Aalubhat,test,565,,11
12,Aalubhat/Aalubhat_013.jpg,0,Aalubhat,train,1969,,12
13,Aalubhat/Aalubhat_014.jpg,0,Aalubhat,val,468,,13
14,Aalubhat/Aalubhat_015.jpg,0,Aalubhat,test,543,,14
15,Aalubhat/Aalubhat_016.jpg,0,Aalubhat,test,450,,15
16,Aalubhat/Aalubhat_017.jpg,0,Aalubhat,train,2089,,16
17,Aalubhat/Aalubhat_018.jpg,0,Aalubhat,train,1016,,17
18,Aalubhat/Aalubhat_019.jpg,0,Aalubhat,test,250,,18
19,Aalubhat/Aalubhat_020.jpg,0,Aalubhat,train,3038,,19
20,Aalubhat/Aalubhat_021.jpg,0,Aalubhat,train,1347,,20
21,Aalubhat/Aalubhat_022.jpg,0,Aalubhat,train,407,,21
22,Aalubhat/Aalubhat_023.jpg,0,Aalubhat,train,958,,22
23,Aalubhat/Aalubhat_024.jpg,0,Aalubhat,test,374,,23
24,Aalubhat/Aalubhat_025.jpg,0,Aalubhat,train,721,,24
25,Aalubhat/Aalubhat_026.jpg,0,Aalubhat,test,53,,11
26,Aalubhat/Aalubhat_027.jpg,0,Aalubhat,val,474,,26
27,Aalubhat/Aalubhat_028.jpg,0,Aalubhat,train,923,,27
28,Aalubhat/Aalubhat_029.jpg,0,Aalubhat,train,545,,28
29,Aalubhat/Aalubhat_030.jpg,0,Aalubhat,train,2846,,29
30,Aalubhat/Aalubhat_031.jpg,0,Aalubhat,train,2272,,30
31,Aalubhat/Aalubhat_032.jpg,0,Aalubhat,train,278,,31
32,Aalubhat/Aalubhat_033.jpg,0,Aalubhat,train,530,,32
33,Aalubhat/Aalubhat_034.jpg,0,Aalubhat,train,1415,,33
34,Aalubhat/Aalubhat_035.jpg,0,Aalubhat,train,1843,,34
35,Aalubhat/Aalubhat_036.jpg,0,Aalubhat,train,836,,35
36,Aalubhat/Aalubhat_037.jpg,0,Aalubhat,val,417,,36
37,Aalubhat/Aalubhat_038.jpg,0,Aalubhat,val,242,,37
38,Aalubhat/Aalubhat_039.jpg,0,Aalubhat,train,2397,,38
39,Aalubhat/Aalubhat_040.jpg,0,Aalubhat,train,1416,,39
40,Aalubhat/Aalubhat_041.jpg,0,Aalubhat,train,2760,,39
41,Aalubhat/Aalubhat_042.jpg,0,Aalubhat,train,3115,,41
42,Aalubhat/Aalubhat_043.jpg,0,Aalubhat,val,30,,42
43,Aalubhat/Aalubhat_044.jpg,0,Aalubhat,val,400,,42
44,Aalubhat/Aalubhat_045.jpg,0,Aalubhat,train,294,,44
45,Aalubhat/Aalubhat_046.jpg,0,Aalubhat,train,598,,45
46,Aalubhat/Aalubhat_047.jpg,0,Aalubhat,test,563,,46
47,Alfredo_Pasta/Alfredo_Pasta_001.jpg,1,Alfredo_Pasta,train,1187,,47
48,Alfredo_Pasta/Alfredo_Pasta_002.jpg,1,Alfredo_Pasta,train,907,,48
49,Alfredo_Pasta/Alfredo_Pasta_003.jpg,1,Alfredo_Pasta,train,2767,,49
50,Alfredo_Pasta/Alfredo_Pasta_004.jpg,1,Alfredo_Pasta,excluded,-1,exact duplicate (same class),50
51,Alfredo_Pasta/Alfredo_Pasta_005.jpg,1,Alfredo_Pasta,train,727,,51
52,Alfredo_Pasta/Alfredo_Pasta_006.jpg,1,Alfredo_Pasta,train,504,,52
53,Alfredo_Pasta/Alfredo_Pasta_007.jpg,1,Alfredo_Pasta,train,22,,53
54,"Alfredo_Pasta/Alfredo_Pasta_008,jpg.jpg",1,Alfredo_Pasta,test,481,,54
55,Alfredo_Pasta/Alfredo_Pasta_009.jpg,1,Alfredo_Pasta,train,200,,55
56,Alfredo_Pasta/Alfredo_Pasta_010.jpg,1,Alfredo_Pasta,excluded,-1,exact duplicate (same class),56
57,Alfredo_Pasta/Alfredo_Pasta_011.jpg,1,Alfredo_Pasta,train,777,,57
58,Alfredo_Pasta/Alfredo_Pasta_012.jpg,1,Alfredo_Pasta,train,1431,,58
59,Alfredo_Pasta/Alfredo_Pasta_013.jpg,1,Alfredo_Pasta,train,1666,,59
60,Alfredo_Pasta/Alfredo_Pasta_014.jpg,1,Alfredo_Pasta,train,248,,60
61,Alfredo_Pasta/Alfredo_Pasta_015.jpg,1,Alfredo_Pasta,train,2914,,61
62,Alfredo_Pasta/Alfredo_Pasta_016.jpg,1,Alfredo_Pasta,val,315,,62
63,Alfredo_Pasta/Alfredo_Pasta_017.jpg,1,Alfredo_Pasta,train,1501,,63
64,Alfredo_Pasta/Alfredo_Pasta_018.jpg,1,Alfredo_Pasta,val,546,,64
65,Alfredo_Pasta/Alfredo_Pasta_019.jpg,1,Alfredo_Pasta,train,624,,65
66,Alfredo_Pasta/Alfredo_Pasta_020.jpg,1,Alfredo_Pasta,train,2101,,66
67,Alfredo_Pasta/Alfredo_Pasta_021.jpg,1,Alfredo_Pasta,train,2934,,67
68,Alfredo_Pasta/Alfredo_Pasta_022.jpg,1,Alfredo_Pasta,test,358,,68
69,Alfredo_Pasta/Alfredo_Pasta_023.jpg,1,Alfredo_Pasta,train,2418,,69
70,Alfredo_Pasta/Alfredo_Pasta_024.jpg,1,Alfredo_Pasta,train,2912,,70
71,Alfredo_Pasta/Alfredo_Pasta_025.jpg,1,Alfredo_Pasta,val,462,,71
72,Alfredo_Pasta/Alfredo_Pasta_026.jpg,1,Alfredo_Pasta,val,381,,71
73,Alfredo_Pasta/Alfredo_Pasta_027.jpg,1,Alfredo_Pasta,test,145,,73
74,Alfredo_Pasta/Alfredo_Pasta_028.jpg,1,Alfredo_Pasta,train,26,,74
75,Alfredo_Pasta/Alfredo_Pasta_029.jpg,1,Alfredo_Pasta,test,434,,73
76,Aloo_Paratha/Aloo_paratha_001.jpg,2,Aloo_Paratha,train,2746,,76
77,Aloo_Paratha/Aloo_paratha_002.jpg,2,Aloo_Paratha,val,364,,77
78,Aloo_Paratha/Aloo_paratha_003.jpg,2,Aloo_Paratha,train,2111,,78
79,Aloo_Paratha/Aloo_paratha_004.jpg,2,Aloo_Paratha,val,590,,79
80,Aloo_Paratha/Aloo_paratha_005.jpg,2,Aloo_Paratha,test,289,,80
81,Aloo_Paratha/Aloo_paratha_006.jpg,2,Aloo_Paratha,train,3006,,81
82,Aloo_Paratha/Aloo_paratha_007.jpg,2,Aloo_Paratha,train,2406,,82
83,Aloo_Paratha/Aloo_paratha_008.jpg,2,Aloo_Paratha,train,2292,,83
84,Aloo_Paratha/Aloo_paratha_009.jpg,2,Aloo_Paratha,train,368,,84
85,Aloo_Paratha/Aloo_paratha_010.jpg,2,Aloo_Paratha,train,2327,,85
86,Aloo_Paratha/Aloo_paratha_011.jpg,2,Aloo_Paratha,train,2268,,86
87,Aloo_Paratha/Aloo_paratha_012.jpg,2,Aloo_Paratha,val,251,,87
88,Aloo_Paratha/Aloo_paratha_013.jpg,2,Aloo_Paratha,test,107,,88
89,Aloo_Paratha/Aloo_paratha_014.jpg,2,Aloo_Paratha,test,130,,88
90,Aloo_Paratha/Aloo_paratha_015.jpg,2,Aloo_Paratha,val,45,,90
91,Aloo_Paratha/Aloo_paratha_016.jpg,2,Aloo_Paratha,val,119,,90
92,Aloo_Paratha/Aloo_paratha_017.jpg,2,Aloo_Paratha,train,892,,92
93,Aloo_Paratha/Aloo_paratha_018.jpg,2,Aloo_Paratha,train,320,,94
94,Aloo_Paratha/Aloo_paratha_019.jpg,2,Aloo_Paratha,train,2871,,94
95,Aloo_Paratha/Aloo_paratha_020.jpg,2,Aloo_Paratha,train,1118,,95
96,Aloo_Paratha/Aloo_paratha_021.jpg,2,Aloo_Paratha,train,112,,94
97,Aloo_Paratha/Aloo_paratha_022.jpg,2,Aloo_Paratha,train,1917,,94
98,Aloo_Paratha/Aloo_paratha_023.jpg,2,Aloo_Paratha,test,73,,98
99,Aloo_Paratha/Aloo_paratha_024.jpg,2,Aloo_Paratha,train,2660,,99
100,Aloo_Paratha/Aloo_paratha_025.jpg,2,Aloo_Paratha,train,2440,,100
101,Aloo_Paratha/Aloo_paratha_026.jpg,2,Aloo_Paratha,train,2281,,101
102,Aloo_Paratha/Aloo_paratha_027.jpg,2,Aloo_Paratha,train,3074,,102
103,Aloo_Paratha/Aloo_paratha_028.jpg,2,Aloo_Paratha,train,1893,,103
104,Aloo_Paratha/Aloo_paratha_029.jpg,2,Aloo_Paratha,test,448,,98
105,Aloo_Paratha/Aloo_paratha_030.jpg,2,Aloo_Paratha,train,1646,,94
106,Aloo_Paratha/Aloo_paratha_031.jpg,2,Aloo_Paratha,train,2816,,94
107,Aloo_Paratha/Aloo_paratha_032.jpg,2,Aloo_Paratha,train,3108,,94
108,Aloo_Paratha/Aloo_paratha_033.jpg,2,Aloo_Paratha,test,196,,108
109,Aloo_Paratha/Aloo_paratha_034.jpg,2,Aloo_Paratha,train,1849,,109
110,Aloo_Paratha/Aloo_paratha_035.jpg,2,Aloo_Paratha,train,2814,,110
111,Aloo_Paratha/Aloo_paratha_036.jpg,2,Aloo_Paratha,val,46,,111
112,Aloo_Paratha/Aloo_paratha_037.jpg,2,Aloo_Paratha,train,318,,112
113,Aloo_Paratha/Aloo_paratha_038.jpg,2,Aloo_Paratha,train,2808,,113
114,Aloo_Paratha/Aloo_paratha_039.jpg,2,Aloo_Paratha,train,819,,94
115,Aloo_Paratha/Aloo_paratha_040.jpg,2,Aloo_Paratha,train,2745,,94
116,Aloo_Paratha/Aloo_paratha_041.jpg,2,Aloo_Paratha,train,1621,,116
117,Aloo_Paratha/Aloo_paratha_042.jpg,2,Aloo_Paratha,train,2178,,117
118,Aloo_Paratha/Aloo_paratha_043.jpg,2,Aloo_Paratha,train,1946,,117
119,Aloo_Paratha/Aloo_paratha_044.jpg,2,Aloo_Paratha,val,177,,119
120,Aloo_Paratha/Aloo_paratha_045.jpg,2,Aloo_Paratha,train,2596,,120
121,Aloo_Paratha/Aloo_paratha_046.jpg,2,Aloo_Paratha,train,2903,,121
122,Aloo_Paratha/Aloo_paratha_047.jpg,2,Aloo_Paratha,test,607,,122
123,Aloo_Paratha/Aloo_paratha_048.jpg,2,Aloo_Paratha,train,1984,,123
124,Aloo_Paratha/Aloo_paratha_049.jpg,2,Aloo_Paratha,train,2666,,124
125,Aloo_sabji/Aloo_sabji_001.jpg,3,Aloo_sabji,train,404,,125
126,Aloo_sabji/Aloo_sabji_002.jpg,3,Aloo_sabji,train,1800,,126
127,Aloo_sabji/Aloo_sabji_003.jpg,3,Aloo_sabji,train,1180,,127
128,Aloo_sabji/Aloo_sabji_004.jpg,3,Aloo_sabji,train,2058,,128
129,Aloo_sabji/Aloo_sabji_005.jpg,3,Aloo_sabji,train,994,,129
130,Aloo_sabji/Aloo_sabji_006.jpg,3,Aloo_sabji,train,723,,130
131,Aloo_sabji/Aloo_sabji_007.jpg,3,Aloo_sabji,train,2585,,131
132,Aloo_sabji/Aloo_sabji_008.jpg,3,Aloo_sabji,val,667,,132
133,Aloo_sabji/Aloo_sabji_009.jpg,3,Aloo_sabji,val,581,,133
134,Aloo_sabji/Aloo_sabji_010.jpg,3,Aloo_sabji,train,2778,,134
135,Aloo_sabji/Aloo_sabji_011.jpg,3,Aloo_sabji,train,18,,135
136,Aloo_sabji/Aloo_sabji_012.jpg,3,Aloo_sabji,train,1233,,136
137,Aloo_sabji/Aloo_sabji_013.jpg,3,Aloo_sabji,val,239,,137
138,Aloo_sabji/Aloo_sabji_014.jpg,3,Aloo_sabji,test,467,,138
139,Aloo_sabji/Aloo_sabji_015.jpg,3,Aloo_sabji,train,1066,,139
140,Aloo_sabji/Aloo_sabji_016.jpg,3,Aloo_sabji,train,9,,140
141,Aloo_sabji/Aloo_sabji_017.jpg,3,Aloo_sabji,val,382,,141
142,Aloo_sabji/Aloo_sabji_018.jpg,3,Aloo_sabji,train,905,,142
143,Aloo_sabji/Aloo_sabji_019.jpg,3,Aloo_sabji,test,462,,143
144,Aloo_sabji/Aloo_sabji_020.jpg,3,Aloo_sabji,train,1704,,144
145,Aloo_sabji/Aloo_sabji_021.jpg,3,Aloo_sabji,val,541,,145
146,Aloo_sabji/Aloo_sabji_022.jpg,3,Aloo_sabji,train,1520,,146
147,Aloo_sabji/Aloo_sabji_023.jpg,3,Aloo_sabji,test,282,,147
148,Aloo_sabji/Aloo_sabji_024.jpg,3,Aloo_sabji,train,2269,,148
149,Aloo_sabji/Aloo_sabji_025.jpg,3,Aloo_sabji,test,28,,149
150,Aloo_sabji/Aloo_sabji_026.jpg,3,Aloo_sabji,train,1244,,150
151,Aloo_sabji/Aloo_sabji_027.jpg,3,Aloo_sabji,train,271,,151
152,Aloo_sabji/Aloo_sabji_028.jpg,3,Aloo_sabji,train,2258,,152
153,Aloo_sabji/Aloo_sabji_029.jpg,3,Aloo_sabji,train,2377,,153
154,Aloo_sabji/Aloo_sabji_030.jpg,3,Aloo_sabji,val,415,,154
155,Aloo_sabji/Aloo_sabji_031.jpg,3,Aloo_sabji,train,2954,,155
156,Aloo_sabji/Aloo_sabji_032.jpg,3,Aloo_sabji,train,2971,,156
157,Aloo_sabji/Aloo_sabji_033.jpg,3,Aloo_sabji,test,484,,157
158,Aloo_sabji/Aloo_sabji_034.jpg,3,Aloo_sabji,train,1461,,158
159,Aloo_sabji/Aloo_sabji_035.jpg,3,Aloo_sabji,test,507,,159
160,Aloo_sabji/Aloo_sabji_036.jpg,3,Aloo_sabji,test,400,,160
161,Aloo_sabji/Aloo_sabji_037.jpg,3,Aloo_sabji,train,2569,,161
162,Aloo_sabji/Aloo_sabji_038.jpg,3,Aloo_sabji,train,977,,162
163,Aloo_sabji/Aloo_sabji_039.jpg,3,Aloo_sabji,train,221,,163
164,Aloo_sabji/Aloo_sabji_040.jpg,3,Aloo_sabji,train,488,,164
165,Aloo_sabji/Aloo_sabji_041.jpg,3,Aloo_sabji,train,873,,165
166,Aloo_sabji/Aloo_sabji_042.jpg,3,Aloo_sabji,train,1372,,166
167,Aloo_sabji/Aloo_sabji_043.jpg,3,Aloo_sabji,train,2031,,167
168,Aloo_sabji/Aloo_sabji_044.jpg,3,Aloo_sabji,val,107,,168
169,Aloo_sabji/Aloo_sabji_045.jpg,3,Aloo_sabji,train,2924,,169
170,Aloo_sabji/Aloo_sabji_046.jpg,3,Aloo_sabji,train,568,,170
171,Aloo_sabji/Aloo_sabji_047.jpg,3,Aloo_sabji,train,1699,,171
172,Aloo_sabji/Aloo_sabji_048.jpg,3,Aloo_sabji,train,2088,,172
173,Aloo_sabji/.ipynb_checkpoints/Aloo_sabji_017-checkpoint.jpg,3,Aloo_sabji,excluded,-1,exact duplicate (same class),173
174,Alu_vadi/Alu_vadi_001.jpg,4,Alu_vadi,train,1589,,174
175,Alu_vadi/Alu_vadi_002.jpg,4,Alu_vadi,train,574,,175
176,Alu_vadi/Alu_vadi_003.jpg,4,Alu_vadi,val,109,,176
177,Alu_vadi/Alu_vadi_004.jpg,4,Alu_vadi,train,1758,,177
178,Alu_vadi/Alu_vadi_005.jpg,4,Alu_vadi,train,60,,178
179,Alu_vadi/Alu_vadi_006.jpg,4,Alu_vadi,train,728,,179
180,Alu_vadi/Alu_vadi_007.jpg,4,Alu_vadi,val,333,,180
181,Alu_vadi/Alu_vadi_008.jpg,4,Alu_vadi,train,2703,,181
182,Alu_vadi/Alu_vadi_009.jpg,4,Alu_vadi,train,1351,,182
183,Alu_vadi/Alu_vadi_010.jpg,4,Alu_vadi,train,2849,,183
184,Alu_vadi/Alu_vadi_011.jpg,4,Alu_vadi,train,2300,,184
185,Alu_vadi/Alu_vadi_012.jpg,4,Alu_vadi,test,675,,185
186,Alu_vadi/Alu_vadi_013.jpg,4,Alu_vadi,train,2477,,186
187,Alu_vadi/Alu_vadi_014.jpg,4,Alu_vadi,train,2970,,187
188,Alu_vadi/Alu_vadi_015.jpg,4,Alu_vadi,val,193,,188
189,Alu_vadi/Alu_vadi_016.jpg,4,Alu_vadi,train,1690,,189
190,Alu_vadi/Alu_vadi_017.jpg,4,Alu_vadi,train,683,,190
191,Alu_vadi/Alu_vadi_018.jpg,4,Alu_vadi,val,288,,191
192,Alu_vadi/Alu_vadi_019.jpg,4,Alu_vadi,test,436,,192
193,Alu_vadi/Alu_vadi_020.jpg,4,Alu_vadi,test,213,,193
194,Alu_vadi/Alu_vadi_021.jpg,4,Alu_vadi,val,638,,194
195,Alu_vadi/Alu_vadi_022.jpg,4,Alu_vadi,test,123,,195
196,Alu_vadi/Alu_vadi_023.jpg,4,Alu_vadi,train,1170,,196
197,Alu_vadi/Alu_vadi_024.jpg,4,Alu_vadi,train,3009,,197
198,Alu_vadi/Alu_vadi_025.jpg,4,Alu_vadi,train,374,,198
199,Alu_vadi/Alu_vadi_026.jpg,4,Alu_vadi,train,1938,,199
200,Alu_vadi/Alu_vadi_027.jpg,4,Alu_vadi,train,929,,200
201,Alu_vadi/Alu_vadi_028.jpg,4,Alu_vadi,train,882,,201
202,Alu_vadi/Alu_vadi_029.jpg,4,Alu_vadi,train,1779,,202
203,Alu_vadi/Alu_vadi_030.jpg,4,Alu_vadi,train,1786,,203
204,Alu_vadi/Alu_vadi_031.jpg,4,Alu_vadi,train,1423,,204
205,Alu_vadi/Alu_vadi_032.jpg,4,Alu_vadi,train,1021,,205
206,Alu_vadi/Alu_vadi_033.jpg,4,Alu_vadi,train,594,,206
207,Alu_vadi/Alu_vadi_034.jpg,4,Alu_vadi,test,261,,207
208,Alu_vadi/Alu_vadi_035.jpg,4,Alu_vadi,train,965,,208
209,Appam/Appam_001.jpg,5,Appam,test,276,,209
210,Appam/Appam_002.jpg,5,Appam,train,967,,210
211,Appam/Appam_003.jpg,5,Appam,test,278,,211
212,Appam/Appam_004.jpg,5,Appam,train,533,,212
213,Appam/Appam_005.jpg,5,Appam,train,829,,213
214,Appam/Appam_006.jpg,5,Appam,train,512,,214
215,Appam/Appam_007.jpg,5,Appam,train,1104,,215
216,Appam/Appam_008.jpg,5,Appam,train,1278,,216
217,Appam/Appam_009.jpg,5,Appam,test,141,,217
218,Appam/Appam_010.jpg,5,Appam,train,2901,,218
219,Appam/Appam_011.jpg,5,Appam,train,223,,219
220,Appam/Appam_012.jpg,5,Appam,train,1540,,220
221,Appam/Appam_013.jpg,5,Appam,train,1437,,221
222,Appam/Appam_014.jpg,5,Appam,train,491,,222
223,Appam/Appam_015.jpg,5,Appam,train,930,,223
224,Appam/Appam_016.jpg,5,Appam,train,99,,224
225,Appam/Appam_017.jpg,5,Appam,train,1744,,225
226,Appam/Appam_018.jpg,5,Appam,train,1861,,226
227,Appam/Appam_019.jpg,5,Appam,val,419,,227
228,Appam/Appam_020.jpg,5,Appam,train,1334,,228
229,Appam/Appam_021.jpg,5,Appam,train,2489,,229
230,Appam/Appam_022.jpg,5,Appam,train,1781,,230
231,Appam/Appam_023.jpg,5,Appam,val,160,,231
232,Appam/Appam_024.jpg,5,Appam,val,237,,232
233,Appam/Appam_025.jpg,5,Appam,train,2428,,233
234,Appam/Appam_026.jpg,5,Appam,test,293,,234
235,Appam/Appam_027.jpg,5,Appam,train,41,,235
236,Appam/Appam_028.jpg,5,Appam,train,1790,,236
237,Appam/Appam_029.jpg,5,Appam,test,627,,237
238,Appam/Appam_030.jpg,5,Appam,train,1559,,238
239,Appam/Appam_031.jpg,5,Appam,val,261,,239
240,Appam/Appam_032.jpg,5,Appam,val,671,,240
241,Appam/Appam_033.jpg,5,Appam,train,1830,,241
242,Basundi/Basundi_001.jpg,6,Basundi,train,682,,242
243,Basundi/Basundi_002.jpg,6,Basundi,train,2045,,243
244,Basundi/Basundi_003.jpg,6,Basundi,train,2419,,244
245,Basundi/Basundi_004.jpg,6,Basundi,val,139,,245
246,Basundi/Basundi_005.jpg,6,Basundi,train,1497,,246
247,Basundi/Basundi_006.jpg,6,Basundi,train,2050,,247
248,Basundi/Basundi_007.jpg,6,Basundi,train,1143,,248
249,Basundi/Basundi_008.jpg,6,Basundi,train,283,,249
250,Basundi/Basundi_009.jpg,6,Basundi,train,2945,,250
251,Basundi/Basundi_010.jpg,6,Basundi,train,2678,,251
252,Basundi/Basundi_011.jpg,6,Basundi,train,2883,,252
253,Basundi/Basundi_012.jpg,6,Basundi,train,2930,,253
254,Basundi/Basundi_013.jpg,6,Basundi,test,651,,254
255,Basundi/Basundi_014.jpg,6,Basundi,train,1527,,255
256,Basundi/Basundi_015.jpg,6,Basundi,train,301,,256
257,Basundi/Basundi_016.jpg,6,Basundi,test,12,,257
258,Basundi/Basundi_017.jpg,6,Basundi,train,2277,,258
259,Basundi/Basundi_018.jpg,6,Basundi,train,2108,,259
260,Basundi/Basundi_019.jpg,6,Basundi,test,566,,257
261,Basundi/Basundi_020.jpg,6,Basundi,val,220,,261
262,Basundi/Basundi_021.jpg,6,Basundi,test,526,,262
263,Basundi/Basundi_022.jpg,6,Basundi,train,1616,,263
264,Basundi/Basundi_023.jpg,6,Basundi,test,677,,264
265,Basundi/Basundi_024.jpg,6,Basundi,train,1673,,265
266,Basundi/Basundi_025.jpg,6,Basundi,train,2339,,266
267,Basundi/Basundi_026.jpg,6,Basundi,val,440,,267
268,Basundi/Basundi_027.jpg,6,Basundi,test,320,,268
269,Basundi/Basundi_028.jpg,6,Basundi,val,255,,269
270,Basundi/Basundi_029.jpg,6,Basundi,train,2617,,270
271,Basundi/Basundi_030.jpg,6,Basundi,train,1171,,271
272,Basundi/Basundi_031.jpg,6,Basundi,train,552,,272
273,Basundi/Basundi_032.jpg,6,Basundi,train,2609,,273
274,Basundi/Basundi_033.jpg,6,Basundi,train,788,,274
275,Basundi/Basundi_034.jpg,6,Basundi,train,316,,275
276,Basundi/Basundi_035.jpg,6,Basundi,train,1479,,276
277,Basundi/Basundi_036.jpg,6,Basundi,train,1709,,277
278,Basundi/Basundi_037.jpg,6,Basundi,train,2316,,278
279,Basundi/Basundi_038.jpg,6,Basundi,train,1597,,279
280,Basundi/Basundi_039.jpg,6,Basundi,train,938,,280
281,Basundi/Basundi_040.jpg,6,Basundi,train,778,,281
282,Basundi/Basundi_041.jpg,6,Basundi,train,617,,282
283,Basundi/Basundi_042.jpg,6,Basundi,train,1672,,283
284,Basundi/Basundi_043.jpg,6,Basundi,train,235,,284
285,Basundi/Basundi_044.jpg,6,Basundi,val,75,,285
286,Basundi/Basundi_045.jpg,6,Basundi,train,1528,,286
287,Basundi/Basundi_046.jpg,6,Basundi,train,2063,,287
288,Basundi/Basundi_047.jpg,6,Basundi,train,3002,,288
289,Basundi/Basundi_048.jpg,6,Basundi,train,2371,,289
290,Basundi/Basundi_049.jpg,6,Basundi,val,475,,290
291,Basundi/Basundi_050.jpg,6,Basundi,test,126,,291
292,Basundi/Basundi_051.jpg,6,Basundi,train,1464,,292
293,Basundi/Basundi_052.jpg,6,Basundi,test,384,,293
294,Basundi/Basundi_053.jpg,6,Basundi,val,247,,294
295,Basundi/Basundi_054.jpg,6,Basundi,val,555,,295
296,Bhakri_thecha/Bhakri_thecha_001.jpg,7,Bhakri_thecha,val,10,,296
297,Bhakri_thecha/Bhakri_thecha_002.jpg,7,Bhakri_thecha,train,1521,,297
298,Bhakri_thecha/Bhakri_thecha_003.jpg,7,Bhakri_thecha,train,2425,,298
299,Bhakri_thecha/Bhakri_thecha_004.jpg,7,Bhakri_thecha,train,139,,299
300,Bhakri_thecha/Bhakri_thecha_005.jpg,7,Bhakri_thecha,train,357,,300
301,Bhakri_thecha/Bhakri_thecha_006.jpg,7,Bhakri_thecha,val,190,,301
302,Bhakri_thecha/Bhakri_thecha_007.jpg,7,Bhakri_thecha,train,1012,,302
303,Bhakri_thecha/Bhakri_thecha_008.jpg,7,Bhakri_thecha,train,615,,303
304,Bhakri_thecha/Bhakri_thecha_009.jpg,7,Bhakri_thecha,val,341,,304
305,Bhakri_thecha/Bhakri_thecha_010.jpg,7,Bhakri_thecha,test,58,,305
306,Bhakri_thecha/Bhakri_thecha_011.jpg,7,Bhakri_thecha,train,1275,,306
307,Bhakri_thecha/Bhakri_thecha_012.jpg,7,Bhakri_thecha,train,150,,307
308,Bhakri_thecha/Bhakri_thecha_013.jpg,7,Bhakri_thecha,train,2195,,308
309,Bhakri_thecha/Bhakri_thecha_014.jpg,7,Bhakri_thecha,train,1507,,309
310,Bhakri_thecha/Bhakri_thecha_015.jpg,7,Bhakri_thecha,train,2710,,310
311,Bhakri_thecha/Bhakri_thecha_016.jpg,7,Bhakri_thecha,val,97,,311
312,Bhakri_thecha/Bhakri_thecha_017.jpg,7,Bhakri_thecha,train,2432,,312
313,Bhakri_thecha/Bhakri_thecha_018.jpg,7,Bhakri_thecha,test,288,,313
314,Bhakri_thecha/Bhakri_thecha_019.jpg,7,Bhakri_thecha,test,495,,314
315,Bhakri_thecha/Bhakri_thecha_020.jpg,7,Bhakri_thecha,train,230,,315
316,Bhakri_thecha/Bhakri_thecha_021.jpg,7,Bhakri_thecha,train,2716,,316
317,Bhakri_thecha/Bhakri_thecha_022.jpg,7,Bhakri_thecha,train,322,,317
318,Bhakri_thecha/Bhakri_thecha_023.jpg,7,Bhakri_thecha,train,661,,318
319,Bhakri_thecha/Bhakri_thecha_024.jpg,7,Bhakri_thecha,train,1932,,319
320,Bhakri_thecha/Bhakri_thecha_025.jpg,7,Bhakri_thecha,val,499,,320
321,Bhakri_thecha/Bhakri_thecha_026(1).jpg,7,Bhakri_thecha,train,841,,321
322,Bhakri_thecha/Bhakri_thecha_026.jpg,7,Bhakri_thecha,val,296,,322
323,Bhakri_thecha/Bhakri_thecha_027.jpg,7,Bhakri_thecha,train,2681,,323
324,Bhakri_thecha/Bhakri_thecha_028.jpg,7,Bhakri_thecha,train,2535,,324
325,Bhakri_thecha/Bhakri_thecha_029.jpg,7,Bhakri_thecha,train,1671,,325
326,Bhakri_thecha/Bhakri_thecha_030.jpg,7,Bhakri_thecha,excluded,-1,exact duplicate (same class),326
327,Bhakri_thecha/Bhakri_thecha_031.jpg,7,Bhakri_thecha,train,1533,,327
328,Bhakri_thecha/Bhakri_thecha_032.jpg,7,Bhakri_thecha,excluded,-1,exact duplicate (same class),328
329,Bhakri_thecha/Bhakri_thecha_033.jpg,7,Bhakri_thecha,train,1665,,329
330,Bhakri_thecha/Bhakri_thecha_034.jpg,7,Bhakri_thecha,excluded,-1,exact duplicate (same class),330
331,Bhakri_thecha/Bhakri_thecha_035.jpg,7,Bhakri_thecha,train,3019,,331
332,Bhakri_thecha/Bhakri_thecha_036.jpg,7,Bhakri_thecha,excluded,-1,exact duplicate (same class),332
333,Bhakri_thecha/Bhakri_thecha_037.jpg,7,Bhakri_thecha,train,847,,333
334,Bhakri_thecha/Bhakri_thecha_038.jpg,7,Bhakri_thecha,excluded,-1,exact duplicate (same class),334
335,Bhakri_thecha/Bhakri_thecha_039.jpg,7,Bhakri_thecha,test,517,,335
336,Bhakri_thecha/Bhakri_thecha_040.jpg,7,Bhakri_thecha,excluded,-1,exact duplicate (same class),336
337,Bhakri_thecha/Bhakri_thecha_041.jpg,7,Bhakri_thecha,train,735,,337
338,Bhakri_thecha/Bhakri_thecha_042.jpg,7,Bhakri_thecha,excluded,-1,exact duplicate (same class),338
339,Bhakri_thecha/Bhakri_thecha_043.jpg,7,Bhakri_thecha,train,932,,339
340,Bhakri_thecha/Bhakri_thecha_044.jpg,7,Bhakri_thecha,excluded,-1,exact duplicate (same class),340
341,Bhakri_thecha/Bhakri_thecha_045.jpg,7,Bhakri_thecha,train,1102,,341
342,Bhakri_thecha/Bhakri_thecha_046.jpg,7,Bhakri_thecha,excluded,-1,exact duplicate (same class),342
343,Bhakri_thecha/Bhakri_thecha_047.jpg,7,Bhakri_thecha,train,2964,,343
344,Bhakri_thecha/Bhakri_thecha_048.jpg,7,Bhakri_thecha,excluded,-1,exact duplicate (same class),344
345,Bhakri_thecha/Bhakri_thecha_049.jpg,7,Bhakri_thecha,test,620,,345
346,Bhakri_thecha/Bhakri_thecha_050.jpg,7,Bhakri_thecha,excluded,-1,exact duplicate (same class),346
347,Bhakri_thecha/Bhakri_thecha_051.jpg,7,Bhakri_thecha,test,341,,345
348,Bhakri_thecha/Bhakri_thecha_052.jpg,7,Bhakri_thecha,excluded,-1,exact duplicate (same class),348
349,Bhindi_Sabji/Bhindi_Sabji_001.jpg,8,Bhindi_Sabji,train,560,,349
350,Bhindi_Sabji/Bhindi_Sabji_002.jpg,8,Bhindi_Sabji,train,1887,,350
351,Bhindi_Sabji/Bhindi_Sabji_003.jpg,8,Bhindi_Sabji,train,1301,,351
352,Bhindi_Sabji/Bhindi_Sabji_004.jpg,8,Bhindi_Sabji,train,1826,,352
353,Bhindi_Sabji/Bhindi_Sabji_005.jpg,8,Bhindi_Sabji,train,1074,,353
354,Bhindi_Sabji/Bhindi_Sabji_006.jpg,8,Bhindi_Sabji,test,408,,354
355,Bhindi_Sabji/Bhindi_Sabji_007.jpg,8,Bhindi_Sabji,train,3061,,355
356,Bhindi_Sabji/Bhindi_Sabji_008.jpg,8,Bhindi_Sabji,val,213,,356
357,Bhindi_Sabji/Bhindi_Sabji_009.jpg,8,Bhindi_Sabji,train,2544,,357
358,Bhindi_Sabji/Bhindi_Sabji_010.jpg,8,Bhindi_Sabji,train,649,,358
359,Bhindi_Sabji/Bhindi_Sabji_011.jpg,8,Bhindi_Sabji,train,2643,,359
360,Bhindi_Sabji/Bhindi_Sabji_012.jpg,8,Bhindi_Sabji,train,1598,,360
361,Bhindi_Sabji/Bhindi_Sabji_013.jpg,8,Bhindi_Sabji,train,1928,,361
362,Bhindi_Sabji/Bhindi_Sabji_014.jpg,8,Bhindi_Sabji,train,452,,362
363,Bhindi_Sabji/Bhindi_Sabji_015.jpg,8,Bhindi_Sabji,train,459,,363
364,Bhindi_Sabji/Bhindi_Sabji_016.jpg,8,Bhindi_Sabji,test,322,,364
365,Bhindi_Sabji/Bhindi_Sabji_017.jpg,8,Bhindi_Sabji,test,270,,365
366,Bhindi_Sabji/Bhindi_Sabji_018.jpg,8,Bhindi_Sabji,train,3018,,366
367,Bhindi_Sabji/Bhindi_Sabji_019.jpg,8,Bhindi_Sabji,test,138,,367
368,Bhindi_Sabji/Bhindi_Sabji_020.jpg,8,Bhindi_Sabji,test,498,,367
369,Bhindi_Sabji/Bhindi_Sabji_021.jpg,8,Bhindi_Sabji,val,408,,369
370,Bhindi_Sabji/Bhindi_Sabji_022.jpg,8,Bhindi_Sabji,train,208,,370
371,Bhindi_Sabji/Bhindi_Sabji_023.jpg,8,Bhindi_Sabji,train,3085,,371
372,Bhindi_Sabji/Bhindi_Sabji_024.jpg,8,Bhindi_Sabji,train,2731,,372
373,Bhindi_Sabji/Bhindi_Sabji_025.jpg,8,Bhindi_Sabji,train,2025,,373
374,Bhindi_Sabji/Bhindi_Sabji_026.jpg,8,Bhindi_Sabji,train,1894,,374
375,Bhindi_Sabji/Bhindi_Sabji_027.jpg,8,Bhindi_Sabji,train,335,,375
376,Bhindi_Sabji/Bhindi_Sabji_028.jpg,8,Bhindi_Sabji,train,468,,376
377,Bhindi_Sabji/Bhindi_Sabji_029.jpg,8,Bhindi_Sabji,train,497,,377
378,Bhindi_Sabji/Bhindi_Sabji_030.jpg,8,Bhindi_Sabji,train,963,,378
379,Bhindi_Sabji/Bhindi_Sabji_031.jpg,8,Bhindi_Sabji,train,872,,379
380,Bhindi_Sabji/Bhindi_Sabji_032.jpg,8,Bhindi_Sabji,train,493,,380
381,Bhindi_Sabji/Bhindi_Sabji_033.jpg,8,Bhindi_Sabji,train,2539,,381
382,Bhindi_Sabji/Bhindi_Sabji_034.jpg,8,Bhindi_Sabji,val,563,,382
383,Bhindi_Sabji/Bhindi_Sabji_035.jpg,8,Bhindi_Sabji,train,2806,,383
384,Bhindi_Sabji/Bhindi_Sabji_036.jpg,8,Bhindi_Sabji,val,394,,384
385,Bhindi_Sabji/Bhindi_Sabji_037.jpg,8,Bhindi_Sabji,train,844,,385
386,Bhindi_Sabji/Bhindi_Sabji_038.jpg,8,Bhindi_Sabji,train,292,,386
387,Bhindi_Sabji/Bhindi_Sabji_039.jpg,8,Bhindi_Sabji,test,618,,387
388,Bhindi_Sabji/Bhindi_Sabji_040.jpg,8,Bhindi_Sabji,train,2211,,388
389,Bhindi_Sabji/Bhindi_Sabji_041.jpg,8,Bhindi_Sabji,train,534,,389
390,Bhindi_Sabji/Bhindi_Sabji_042.jpg,8,Bhindi_Sabji,val,645,,390
391,Bhindi_Sabji/Bhindi_Sabji_043.jpg,8,Bhindi_Sabji,val,461,,391
392,Bhindi_Sabji/Bhindi_Sabji_044.jpg,8,Bhindi_Sabji,train,1991,,392
393,Bhindi_Sabji/Bhindi_Sabji_045.jpg,8,Bhindi_Sabji,train,2459,,393
394,Bhindi_Sabji/Bhindi_Sabji_046.jpg,8,Bhindi_Sabji,train,1863,,394
395,Bhindi_Sabji/Bhindi_Sabji_047.jpg,8,Bhindi_Sabji,val,501,,395
396,Bhindi_Sabji/Bhindi_Sabji_048.jpg,8,Bhindi_Sabji,train,564,,396
397,Bhindi_Sabji/Bhindi_Sabji_049.jpg,8,Bhindi_Sabji,train,866,,397
398,Bhindi_Sabji/Bhindi_Sabji_050.jpg,8,Bhindi_Sabji,train,1333,,398
399,Bhindi_Sabji/Bhindi_Sabji_051.jpg,8,Bhindi_Sabji,test,89,,399
400,Bhindi_Sabji/Bhindi_Sabji_052.jpg,8,Bhindi_Sabji,val,601,,400
401,Bhindi_Sabji/Bhindi_Sabji_053.jpg,8,Bhindi_Sabji,train,592,,401
402,Bhindi_Sabji/Bhindi_Sabji_054.jpg,8,Bhindi_Sabji,train,2665,,402
403,Bhindi_Sabji/Bhindi_Sabji_055.jpg,8,Bhindi_Sabji,val,233,,403
404,Bhindi_Sabji/Bhindi_Sabji_056.jpg,8,Bhindi_Sabji,train,410,,404
405,Bhindi_Sabji/Bhindi_Sabji_057.jpg,8,Bhindi_Sabji,test,110,,405
406,Bhindi_Sabji/Bhindi_Sabji_058.jpg,8,Bhindi_Sabji,test,326,,406
407,Bhindi_Sabji/Bhindi_Sabji_059.jpg,8,Bhindi_Sabji,train,648,,407
408,Bombay_Halwa/Bombay_Halwa_001.jpg,9,Bombay_Halwa,test,99,,408
409,Bombay_Halwa/Bombay_Halwa_002.jpg,9,Bombay_Halwa,val,431,,409
410,Bombay_Halwa/Bombay_Halwa_003.jpg,9,Bombay_Halwa,train,995,,410
411,Bombay_Halwa/Bombay_Halwa_004.jpg,9,Bombay_Halwa,train,726,,411
412,Bombay_Halwa/Bombay_Halwa_005.jpg,9,Bombay_Halwa,train,1224,,412
413,Bombay_Halwa/Bombay_Halwa_006.jpg,9,Bombay_Halwa,train,367,,413
414,Bombay_Halwa/Bombay_Halwa_007.jpg,9,Bombay_Halwa,val,227,,414
415,Bombay_Halwa/Bombay_Halwa_008.jpg,9,Bombay_Halwa,train,2306,,415
416,Bombay_Halwa/Bombay_Halwa_009.jpg,9,Bombay_Halwa,val,260,,416
417,Bombay_Halwa/Bombay_Halwa_010.jpg,9,Bombay_Halwa,train,768,,417
418,Bombay_Halwa/Bombay_Halwa_011.jpg,9,Bombay_Halwa,train,1429,,418
419,Bombay_Halwa/Bombay_Halwa_012.jpg,9,Bombay_Halwa,train,2471,,419
420,Bombay_Halwa/Bombay_Halwa_013.jpg,9,Bombay_Halwa,test,407,,420
421,Bombay_Halwa/Bombay_Halwa_014.jpg,9,Bombay_Halwa,train,1930,,421
422,Bombay_Halwa/Bombay_Halwa_015.jpg,9,Bombay_Halwa,train,1178,,422
423,Bombay_Halwa/Bombay_Halwa_016.jpg,9,Bombay_Halwa,train,1628,,423
424,Bombay_Halwa/Bombay_Halwa_017.jpg,9,Bombay_Halwa,train,1994,,424
425,Bombay_Halwa/Bombay_Halwa_018.jpg,9,Bombay_Halwa,train,1657,,425
426,Bombay_Halwa/Bombay_Halwa_019.jpg,9,Bombay_Halwa,val,434,,426
427,Bombay_Halwa/Bombay_Halwa_020.jpg,9,Bombay_Halwa,train,1859,,427
428,Bombay_Halwa/Bombay_Halwa_021.jpg,9,Bombay_Halwa,train,2907,,428
429,Bombay_Halwa/Bombay_Halwa_022.jpg,9,Bombay_Halwa,test,656,,429
430,Bombay_Halwa/Bombay_Halwa_023.jpg,9,Bombay_Halwa,train,652,,430
431,Bombay_Halwa/Bombay_Halwa_024.jpg,9,Bombay_Halwa,train,558,,431
432,Bombay_Halwa/Bombay_Halwa_025.jpg,9,Bombay_Halwa,test,44,,432
433,Bombay_Halwa/Bombay_Halwa_026.jpg,9,Bombay_Halwa,train,2054,,433
434,Bombay_Halwa/Bombay_Halwa_027.jpg,9,Bombay_Halwa,val,230,,434
435,Bombay_Halwa/Bombay_Halwa_028.jpg,9,Bombay_Halwa,test,78,,435
436,Bombay_Halwa/Bombay_Halwa_029.jpg,9,Bombay_Halwa,train,2261,,436
437,Bombay_Halwa/Bombay_Halwa_030.jpg,9,Bombay_Halwa,train,2331,,437
438,Bombay_Halwa/Bombay_Halwa_031.jpg,9,Bombay_Halwa,train,2117,,438
439,Bombay_Halwa/Bombay_Halwa_032.jpg,9,Bombay_Halwa,train,64,,439
440,Bombay_Halwa/Bombay_Halwa_033.jpg,9,Bombay_Halwa,train,985,,440
441,Bombay_Halwa/Bombay_Halwa_034.jpg,9,Bombay_Halwa,train,557,,441
442,Bombay_Halwa/Bombay_Halwa_035.jpg,9,Bombay_Halwa,train,2439,,442
443,Bombay_Halwa/Bombay_Halwa_036.jpg,9,Bombay_Halwa,train,2628,,443
444,Bombay_Halwa/Bombay_Halwa_037.jpg,9,Bombay_Halwa,test,345,,444
445,Bombay_Halwa/Bombay_Halwa_038.jpg,9,Bombay_Halwa,test,652,,445
446,Bombay_Halwa/Bombay_Halwa_039.jpg,9,Bombay_Halwa,train,1041,,446
447,Bombay_Halwa/Bombay_Halwa_040.jpg,9,Bombay_Halwa,val,158,,447
448,Bombay_Halwa/Bombay_Halwa_041.jpg,9,Bombay_Halwa,train,2083,,448
449,Bombay_Halwa/Bombay_Halwa_042.jpg,9,Bombay_Halwa,val,212,,449
450,Bombay_Halwa/Bombay_Halwa_043.jpg,9,Bombay_Halwa,val,245,,450
451,Bombay_Halwa/Bombay_Halwa_044.jpg,9,Bombay_Halwa,train,1183,,451
452,Bombay_Halwa/Bombay_Halwa_045.jpg,9,Bombay_Halwa,train,1809,,452
453,Bombay_Halwa/Bombay_Halwa_046.jpg,9,Bombay_Halwa,train,838,,453
454,Bombay_Halwa/Bombay_Halwa_047.jpg,9,Bombay_Halwa,train,266,,454
455,Bombay_Halwa/Bombay_Halwa_048.jpg,9,Bombay_Halwa,train,975,,455
456,Bombay_Halwa/Bombay_Halwa_049.jpg,9,Bombay_Halwa,train,510,,456
457,Bombay_Halwa/Bombay_Halwa_050.jpg,9,Bombay_Halwa,test,167,,457
458,Bombay_Halwa/Bombay_Halwa_051.jpg,9,Bombay_Halwa,train,2699,,458
459,Bombay_Halwa/Bombay_Halwa_052.jpg,9,Bombay_Halwa,train,943,,459
460,Bombay_Halwa/Bombay_Halwa_053.jpg,9,Bombay_Halwa,train,1624,,460
461,Brinjal_Curry/Brinjal_Curry_001.jpg,10,Brinjal_Curry,train,609,,461
462,Brinjal_Curry/Brinjal_Curry_002.jpg,10,Brinjal_Curry,test,10,,462
463,Brinjal_Curry/Brinjal_Curry_003.jpg,10,Brinjal_Curry,train,501,,463
464,Brinjal_Curry/Brinjal_Curry_004.jpg,10,Brinjal_Curry,val,171,,464
465,Brinjal_Curry/Brinjal_Curry_005.jpg,10,Brinjal_Curry,train,514,,465
466,Brinjal_Curry/Brinjal_Curry_006.jpg,10,Brinjal_Curry,train,1684,,466
467,Brinjal_Curry/Brinjal_Curry_007.jpg,10,Brinjal_Curry,test,625,,467
468,Brinjal_Curry/Brinjal_Curry_008.jpg,10,Brinjal_Curry,train,3050,,468
469,Brinjal_Curry/Brinjal_Curry_009.jpg,10,Brinjal_Curry,test,472,,469
470,Brinjal_Curry/Brinjal_Curry_010.jpg,10,Brinjal_Curry,train,1374,,470
471,Brinjal_Curry/Brinjal_Curry_011.jpg,10,Brinjal_Curry,train,3071,,471
472,Brinjal_Curry/Brinjal_Curry_012.jpg,10,Brinjal_Curry,train,1715,,472
473,Brinjal_Curry/Brinjal_Curry_013.jpg,10,Brinjal_Curry,train,3081,,473
474,Brinjal_Curry/Brinjal_Curry_014.jpg,10,Brinjal_Curry,train,6,,474
475,Brinjal_Curry/Brinjal_Curry_015.jpg,10,Brinjal_Curry,train,742,,475
476,Brinjal_Curry/Brinjal_Curry_016.jpg,10,Brinjal_Curry,train,984,,476
477,Brinjal_Curry/Brinjal_Curry_017.jpg,10,Brinjal_Curry,train,1446,,477
478,Brinjal_Curry/Brinjal_Curry_018.jpg,10,Brinjal_Curry,train,1466,,478
479,Brinjal_Curry/Brinjal_Curry_019.jpg,10,Brinjal_Curry,test,657,,479
480,Brinjal_Curry/Brinjal_Curry_020.jpg,10,Brinjal_Curry,test,387,,480
481,Brinjal_Curry/Brinjal_Curry_021.jpg,10,Brinjal_Curry,train,983,,481
482,Brinjal_Curry/Brinjal_Curry_022.jpg,10,Brinjal_Curry,train,756,,482
483,Brinjal_Curry/Brinjal_Curry_023.jpg,10,Brinjal_Curry,train,1990,,483
484,Brinjal_Curry/Brinjal_Curry_024.jpg,10,Brinjal_Curry,train,1293,,484
485,Brinjal_Curry/Brinjal_Curry_025.jpg,10,Brinjal_Curry,val,117,,485
486,Brinjal_Curry/Brinjal_Curry_026.jpg,10,Brinjal_Curry,train,2480,,486
487,Brinjal_Curry/Brinjal_Curry_027.jpg,10,Brinjal_Curry,train,93,,487
488,Brinjal_Curry/Brinjal_Curry_028.jpg,10,Brinjal_Curry,train,267,,488
489,Brinjal_Curry/Brinjal_Curry_029.jpg,10,Brinjal_Curry,train,1716,,489
490,Brinjal_Curry/Brinjal_Curry_030.jpg,10,Brinjal_Curry,train,264,,490
491,Brinjal_Curry/Brinjal_Curry_031.jpg,10,Brinjal_Curry,test,473,,491
492,Brinjal_Curry/Brinjal_Curry_032.jpg,10,Brinjal_Curry,val,224,,492
493,Brinjal_Curry/Brinjal_Curry_033.jpg,10,Brinjal_Curry,val,49,,493
494,Brinjal_Curry/Brinjal_Curry_034.jpg,10,Brinjal_Curry,val,111,,494
495,Brinjal_Curry/Brinjal_Curry_035.jpg,10,Brinjal_Curry,train,174,,495
496,Brinjal_Curry/Brinjal_Curry_036.jpg,10,Brinjal_Curry,train,1693,,496
497,Brinjal_Curry/Brinjal_Curry_037.jpg,10,Brinjal_Curry,test,40,,497
498,Brinjal_Curry/Brinjal_Curry_038.jpg,10,Brinjal_Curry,train,1547,,498
499,Brinjal_Curry/Brinjal_Curry_039.jpg,10,Brinjal_Curry,train,2022,,499
500,Brinjal_Curry/Brinjal_Curry_040.jpg,10,Brinjal_Curry,train,2326,,500
501,Brinjal_Curry/Brinjal_Curry_041.jpg,10,Brinjal_Curry,train,2159,,501
502,Brinjal_Curry/Brinjal_Curry_042.jpg,10,Brinjal_Curry,train,2317,,502
503,Brinjal_Curry/Brinjal_Curry_043.jpg,10,Brinjal_Curry,val,391,,503
504,Brinjal_Curry/Brinjal_Curry_044.jpg,10,Brinjal_Curry,train,2734,,504
505,Brinjal_Curry/Brinjal_Curry_045.jpg,10,Brinjal_Curry,train,2732,,505
506,Brinjal_Curry/Brinjal_Curry_046.jpg,10,Brinjal_Curry,train,1824,,506
507,Brinjal_Curry/Brinjal_Curry_047.jpg,10,Brinjal_Curry,test,221,,507
508,Brinjal_Curry/Brinjal_Curry_048.jpg,10,Brinjal_Curry,val,100,,508
509,Brinjal_Curry/Brinjal_Curry_049.jpg,10,Brinjal_Curry,val,550,,509
510,Brinjal_Curry/Brinjal_Curry_050.jpg,10,Brinjal_Curry,train,1791,,510
511,Brinjal_Curry/Brinjal_Curry_051.jpg,10,Brinjal_Curry,train,1886,,511
512,Brinjal_Curry/Brinjal_Curry_052.jpg,10,Brinjal_Curry,test,90,,512
513,Brinjal_Curry/Brinjal_Curry_053.jpg,10,Brinjal_Curry,train,2940,,513
514,Brinjal_Curry/Brinjal_Curry_054.jpg,10,Brinjal_Curry,train,2637,,514
515,Brinjal_Curry/Brinjal_Curry_055.jpg,10,Brinjal_Curry,train,627,,515
516,Brinjal_Curry/Brinjal_Curry_056.jpg,10,Brinjal_Curry,val,489,,516
517,Brinjal_Curry/Brinjal_Curry_057.jpg,10,Brinjal_Curry,train,524,,517
518,Brinjal_Curry/Brinjal_Curry_058.jpg,10,Brinjal_Curry,train,2529,,518
519,Brinjal_dry/Brinjal_dry_001.jpg,11,Brinjal_dry,train,2124,,519
520,Brinjal_dry/Brinjal_dry_002.jpg,11,Brinjal_dry,train,449,,520
521,Brinjal_dry/Brinjal_dry_003.jpg,11,Brinjal_dry,train,3119,,521
522,Brinjal_dry/Brinjal_dry_004.jpg,11,Brinjal_dry,train,730,,522
523,Brinjal_dry/Brinjal_dry_005.jpg,11,Brinjal_dry,train,1238,,523
524,Brinjal_dry/Brinjal_dry_006.jpg,11,Brinjal_dry,test,527,,524
525,Brinjal_dry/Brinjal_dry_007.jpg,11,Brinjal_dry,train,2150,,525
526,Brinjal_dry/Brinjal_dry_008.jpg,11,Brinjal_dry,train,2319,,526
527,Brinjal_dry/Brinjal_dry_010.jpg,11,Brinjal_dry,test,262,,527
528,Brinjal_dry/Brinjal_dry_011.jpg,11,Brinjal_dry,train,2307,,528
529,Brinjal_dry/Brinjal_dry_012.jpg,11,Brinjal_dry,train,520,,529
530,Brinjal_dry/Brinjal_dry_013.jpg,11,Brinjal_dry,test,528,,530
531,Brinjal_dry/Brinjal_dry_014.jpg,11,Brinjal_dry,train,1142,,531
532,Brinjal_dry/Brinjal_dry_015.jpg,11,Brinjal_dry,train,1698,,532
533,Brinjal_dry/Brinjal_dry_016.jpg,11,Brinjal_dry,train,3104,,533
534,Brinjal_dry/Brinjal_dry_017.jpg,11,Brinjal_dry,val,649,,534
535,Brinjal_dry/Brinjal_dry_018.jpg,11,Brinjal_dry,val,329,,535
536,Brinjal_dry/Brinjal_dry_019.jpg,11,Brinjal_dry,train,2654,,536
537,Brinjal_dry/Brinjal_dry_020.jpg,11,Brinjal_dry,train,519,,537
538,Brinjal_dry/Brinjal_dry_021.jpg,11,Brinjal_dry,train,1645,,538
539,Brinjal_dry/Brinjal_dry_022.jpg,11,Brinjal_dry,train,134,,539
540,Brinjal_dry/Brinjal_dry_023.jpg,11,Brinjal_dry,train,3055,,540
541,Brinjal_dry/Brinjal_dry_024.jpg,11,Brinjal_dry,train,1705,,541
542,Brinjal_dry/Brinjal_dry_025.jpg,11,Brinjal_dry,val,62,,542
543,Brinjal_dry/Brinjal_dry_026.jpg,11,Brinjal_dry,train,251,,543
544,Brinjal_dry/Brinjal_dry_027.jpg,11,Brinjal_dry,val,526,,544
545,Brinjal_dry/Brinjal_dry_028.jpg,11,Brinjal_dry,test,149,,545
546,Brinjal_dry/Brinjal_dry_029.jpg,11,Brinjal_dry,train,354,,546
547,Brinjal_dry/Brinjal_dry_030.jpg,11,Brinjal_dry,train,1578,,547
548,Brinjal_dry/Brinjal_dry_031.jpg,11,Brinjal_dry,train,2828,,548
549,Brinjal_dry/Brinjal_dry_032.jpg,11,Brinjal_dry,train,2130,,549
550,Brinjal_dry/Brinjal_dry_033.jpg,11,Brinjal_dry,val,323,,550
551,Brinjal_dry/Brinjal_dry_034.jpg,11,Brinjal_dry,train,2285,,551
552,Brinjal_dry/Brinjal_dry_035.jpg,11,Brinjal_dry,train,81,,552
553,Brinjal_dry/Brinjal_dry_036.jpg,11,Brinjal_dry,test,246,,553
554,Brinjal_dry/Brinjal_dry_037.jpg,11,Brinjal_dry,train,43,,554
555,Brinjal_dry/Brinjal_dry_038.jpg,11,Brinjal_dry,train,2496,,555
556,Brinjal_dry/Brinjal_dry_039.jpg,11,Brinjal_dry,test,206,,556
557,Brinjal_dry/Brinjal_dry_040.jpg,11,Brinjal_dry,train,1793,,557
558,Brinjal_dry/Brinjal_dry_041.jpg,11,Brinjal_dry,test,427,,558
559,Brinjal_dry/Brinjal_dry_042.jpg,11,Brinjal_dry,train,1391,,559
560,Brinjal_dry/Brinjal_dry_043.jpg,11,Brinjal_dry,train,2379,,560
561,Brinjal_dry/Brinjal_dry_044.jpg,11,Brinjal_dry,train,2392,,561
562,Brinjal_dry/Brinjal_dry_045.jpg,11,Brinjal_dry,train,2792,,562
563,Brinjal_dry/Brinjal_dry_046.jpg,11,Brinjal_dry,val,616,,563
564,Brinjal_dry/Brinjal_dry_047.jpg,11,Brinjal_dry,train,1822,,564
565,Brinjal_dry/Brinjal_dry_048.jpg,11,Brinjal_dry,test,664,,565
566,Brinjal_dry/Brinjal_dry_049.jpg,11,Brinjal_dry,train,506,,566
567,Brinjal_dry/Brinjal_dry_050.jpg,11,Brinjal_dry,train,766,,567
568,Brinjal_dry/Brinjal_dry_051.jpg,11,Brinjal_dry,val,63,,568
569,Brinjal_dry/Brinjal_dry_052.jpg,11,Brinjal_dry,val,537,,569
570,Brinjal_dry/Brinjal_dry_053.jpg,11,Brinjal_dry,train,102,,570
571,Cabbage_sabji/Cabbage_sabji_001.jpg,12,Cabbage_sabji,test,105,,571
572,Cabbage_sabji/Cabbage_sabji_002.jpg,12,Cabbage_sabji,train,2923,,572
573,Cabbage_sabji/Cabbage_sabji_003.jpg,12,Cabbage_sabji,test,468,,573
574,Cabbage_sabji/Cabbage_sabji_004.jpg,12,Cabbage_sabji,train,2458,,574
575,Cabbage_sabji/Cabbage_sabji_005.jpg,12,Cabbage_sabji,train,1858,,575
576,Cabbage_sabji/Cabbage_sabji_006.jpg,12,Cabbage_sabji,train,1696,,576
577,Cabbage_sabji/Cabbage_sabji_007.jpg,12,Cabbage_sabji,train,1345,,577
578,Cabbage_sabji/Cabbage_sabji_008.jpg,12,Cabbage_sabji,test,43,,578
579,Cabbage_sabji/Cabbage_sabji_009.jpg,12,Cabbage_sabji,val,205,,579
580,Cabbage_sabji/Cabbage_sabji_010.jpg,12,Cabbage_sabji,val,277,,580
581,Cabbage_sabji/Cabbage_sabji_011.jpg,12,Cabbage_sabji,train,1691,,581
582,Cabbage_sabji/Cabbage_sabji_012.jpg,12,Cabbage_sabji,train,152,,582
583,Cabbage_sabji/Cabbage_sabji_013.jpg,12,Cabbage_sabji,train,1978,,583
584,Cabbage_sabji/Cabbage_sabji_014.jpg,12,Cabbage_sabji,val,524,,584
585,Cabbage_sabji/Cabbage_sabji_015.jpg,12,Cabbage_sabji,train,2899,,585
586,Cabbage_sabji/Cabbage_sabji_016.jpg,12,Cabbage_sabji,train,626,,586
587,Cabbage_sabji/Cabbage_sabji_017.jpg,12,Cabbage_sabji,train,2197,,587
588,Cabbage_sabji/Cabbage_sabji_018.jpg,12,Cabbage_sabji,val,254,,588
589,Cabbage_sabji/Cabbage_sabji_019.jpg,12,Cabbage_sabji,val,282,,589
590,Cabbage_sabji/Cabbage_sabji_020.jpg,12,Cabbage_sabji,train,97,,590
591,Cabbage_sabji/Cabbage_sabji_021.jpg,12,Cabbage_sabji,train,90,,591
592,Cabbage_sabji/Cabbage_sabji_022.jpg,12,Cabbage_sabji,train,1436,,592
593,Cabbage_sabji/Cabbage_sabji_023.jpg,12,Cabbage_sabji,train,2006,,593
594,Cabbage_sabji/Cabbage_sabji_024.jpg,12,Cabbage_sabji,train,2141,,594
595,Cabbage_sabji/Cabbage_sabji_025.jpg,12,Cabbage_sabji,test,611,,595
596,Cabbage_sabji/Cabbage_sabji_026.jpg,12,Cabbage_sabji,train,427,,596
597,Cabbage_sabji/Cabbage_sabji_027.jpg,12,Cabbage_sabji,train,1776,,597
598,Cabbage_sabji/Cabbage_sabji_028.jpg,12,Cabbage_sabji,train,2221,,598
599,Cabbage_sabji/Cabbage_sabji_029.jpg,12,Cabbage_sabji,test,204,,599
600,Cabbage_sabji/Cabbage_sabji_030.jpg,12,Cabbage_sabji,train,397,,600
601,Cabbage_sabji/Cabbage_sabji_031.jpg,12,Cabbage_sabji,train,2932,,601
602,Cabbage_sabji/Cabbage_sabji_032.jpg,12,Cabbage_sabji,train,2118,,602
603,Cabbage_sabji/Cabbage_sabji_033.jpg,12,Cabbage_sabji,test,5,,603
604,Cabbage_sabji/Cabbage_sabji_034.jpg,12,Cabbage_sabji,train,551,,604
605,Cabbage_sabji/Cabbage_sabji_035.jpg,12,Cabbage_sabji,train,1795,,605
606,Cabbage_sabji/Cabbage_sabji_036.jpg,12,Cabbage_sabji,val,186,,606
607,Cabbage_sabji/Cabbage_sabji_037.jpg,12,Cabbage_sabji,train,1107,,607
608,Cauliflower_Sabji/Cauliflower_Sabji_001.jpg,13,Cauliflower_Sabji,train,178,,608
609,Cauliflower_Sabji/Cauliflower_Sabji_002.jpg,13,Cauliflower_Sabji,train,658,,609
610,Cauliflower_Sabji/Cauliflower_Sabji_003.jpg,13,Cauliflower_Sabji,train,33,,610
611,Cauliflower_Sabji/Cauliflower_Sabji_004.jpg,13,Cauliflower_Sabji,train,870,,611
612,Cauliflower_Sabji/Cauliflower_Sabji_005.jpg,13,Cauliflower_Sabji,train,1999,,612
613,Cauliflower_Sabji/Cauliflower_Sabji_006.jpg,13,Cauliflower_Sabji,test,220,,613
614,Cauliflower_Sabji/Cauliflower_Sabji_007.jpg,13,Cauliflower_Sabji,val,403,,614
615,Cauliflower_Sabji/Cauliflower_Sabji_008.jpg,13,Cauliflower_Sabji,train,1756,,615
616,Cauliflower_Sabji/Cauliflower_Sabji_009.jpg,13,Cauliflower_Sabji,val,623,,616
617,Cauliflower_Sabji/Cauliflower_Sabji_010.jpg,13,Cauliflower_Sabji,train,1234,,617
618,Cauliflower_Sabji/Cauliflower_Sabji_011.jpg,13,Cauliflower_Sabji,train,2242,,618
619,Cauliflower_Sabji/Cauliflower_Sabji_012.jpg,13,Cauliflower_Sabji,train,2265,,619
620,Cauliflower_Sabji/Cauliflower_Sabji_013.jpg,13,Cauliflower_Sabji,train,1460,,620
621,Cauliflower_Sabji/Cauliflower_Sabji_014.jpg,13,Cauliflower_Sabji,test,516,,621
622,Cauliflower_Sabji/Cauliflower_Sabji_015.jpg,13,Cauliflower_Sabji,test,74,,621
623,Cauliflower_Sabji/Cauliflower_Sabji_016.jpg,13,Cauliflower_Sabji,test,638,,621
624,Cauliflower_Sabji/Cauliflower_Sabji_017.jpg,13,Cauliflower_Sabji,val,478,,624
625,Cauliflower_Sabji/Cauliflower_Sabji_018.jpg,13,Cauliflower_Sabji,train,1029,,625
626,Cauliflower_Sabji/Cauliflower_Sabji_019.jpg,13,Cauliflower_Sabji,val,24,,626
627,Cauliflower_Sabji/Cauliflower_Sabji_020.jpg,13,Cauliflower_Sabji,val,116,,626
628,Cauliflower_Sabji/Cauliflower_Sabji_021.jpg,13,Cauliflower_Sabji,test,67,,628
629,Cauliflower_Sabji/Cauliflower_Sabji_022.jpg,13,Cauliflower_Sabji,train,779,,629
630,Cauliflower_Sabji/Cauliflower_Sabji_023.jpg,13,Cauliflower_Sabji,train,2649,,630
631,Cauliflower_Sabji/Cauliflower_Sabji_024.jpg,13,Cauliflower_Sabji,excluded,-1,exact duplicate (same class),631
632,Cauliflower_Sabji/Cauliflower_Sabji_025.jpg,13,Cauliflower_Sabji,train,2086,,632
633,Cauliflower_Sabji/Cauliflower_Sabji_026.jpg,13,Cauliflower_Sabji,excluded,-1,exact duplicate (same class),633
634,Cauliflower_Sabji/Cauliflower_Sabji_027.jpg,13,Cauliflower_Sabji,train,619,,632
635,Cauliflower_Sabji/Cauliflower_Sabji_028.jpg,13,Cauliflower_Sabji,excluded,-1,exact duplicate (same class),635
636,Cauliflower_Sabji/Cauliflower_Sabji_029.jpg,13,Cauliflower_Sabji,train,0,,636
637,Cauliflower_Sabji/Cauliflower_Sabji_030.jpg,13,Cauliflower_Sabji,excluded,-1,exact duplicate (same class),637
638,Cauliflower_Sabji/Cauliflower_Sabji_031.jpg,13,Cauliflower_Sabji,train,1317,,638
639,Cauliflower_Sabji/Cauliflower_Sabji_032.jpg,13,Cauliflower_Sabji,excluded,-1,exact duplicate (same class),639
640,Cauliflower_Sabji/Cauliflower_Sabji_033.jpg,13,Cauliflower_Sabji,train,854,,640
641,Cauliflower_Sabji/Cauliflower_Sabji_034.jpg,13,Cauliflower_Sabji,excluded,-1,exact duplicate (same class),641
642,Cauliflower_Sabji/Cauliflower_Sabji_035.jpg,13,Cauliflower_Sabji,test,514,,642
643,Cauliflower_Sabji/Cauliflower_Sabji_036.jpg,13,Cauliflower_Sabji,excluded,-1,exact duplicate (same class),643
644,Cauliflower_Sabji/Cauliflower_Sabji_037.jpg,13,Cauliflower_Sabji,train,476,,644
645,Cauliflower_Sabji/Cauliflower_Sabji_038.jpg,13,Cauliflower_Sabji,excluded,-1,exact duplicate (same class),645
646,Cauliflower_Sabji/Cauliflower_Sabji_039.jpg,13,Cauliflower_Sabji,train,2000,,646
647,Cauliflower_Sabji/Cauliflower_Sabji_040.jpg,13,Cauliflower_Sabji,excluded,-1,exact duplicate (same class),647
648,Cauliflower_Sabji/Cauliflower_Sabji_041.jpg,13,Cauliflower_Sabji,train,2724,,648
649,Cauliflower_Sabji/Cauliflower_Sabji_042.jpg,13,Cauliflower_Sabji,excluded,-1,exact duplicate (same class),649
650,Cauliflower_Sabji/Cauliflower_Sabji_043.jpg,13,Cauliflower_Sabji,test,243,,650
651,Cauliflower_Sabji/Cauliflower_Sabji_044.jpg,13,Cauliflower_Sabji,train,1772,,651
652,Cauliflower_Sabji/Cauliflower_Sabji_045.jpg,13,Cauliflower_Sabji,train,1810,,652
653,Cauliflower_Sabji/Cauliflower_Sabji_046.jpg,13,Cauliflower_Sabji,train,461,,653
654,Cauliflower_Sabji/Cauliflower_Sabji_047.jpg,13,Cauliflower_Sabji,train,2345,,654
655,Cauliflower_Sabji/Cauliflower_Sabji_048.jpg,13,Cauliflower_Sabji,train,2353,,655
656,Cauliflower_Sabji/Cauliflower_Sabji_049.jpg,13,Cauliflower_Sabji,train,1531,,656
657,Cauliflower_Sabji/Cauliflower_Sabji_050.jpg,13,Cauliflower_Sabji,train,1124,,657
658,Cauliflower_Sabji/Cauliflower_Sabji_051.jpg,13,Cauliflower_Sabji,val,637,,658
659,Cauliflower_Sabji/Cauliflower_Sabji_052.jpg,13,Cauliflower_Sabji,train,2098,,659
660,Cauliflower_Sabji/Cauliflower_Sabji_053.jpg,13,Cauliflower_Sabji,val,413,,660
661,Cauliflower_Sabji/Cauliflower_Sabji_054.jpg,13,Cauliflower_Sabji,test,636,,661
662,Cauliflower_Sabji/Cauliflower_Sabji_055.jpg,13,Cauliflower_Sabji,val,427,,662
663,Cauliflower_Sabji/Cauliflower_Sabji_056.jpg,13,Cauliflower_Sabji,train,2855,,663
664,Cauliflower_Sabji/Cauliflower_Sabji_057.jpg,13,Cauliflower_Sabji,train,2349,,664
665,Cauliflower_Sabji/Cauliflower_Sabji_058.jpg,13,Cauliflower_Sabji,train,2514,,665
666,Cauliflower_Sabji/Cauliflower_Sabji_059.jpg,13,Cauliflower_Sabji,train,1043,,666
667,Cauliflower_Sabji/Cauliflower_Sabji_060.jpg,13,Cauliflower_Sabji,train,1888,,667
668,Cauliflower_Sabji/Cauliflower_Sabji_061.jpg,13,Cauliflower_Sabji,train,2238,,668
669,Cauliflower_Sabji/Cauliflower_Sabji_062.jpg,13,Cauliflower_Sabji,train,1034,,669
670,Cauliflower_Sabji/Cauliflower_Sabji_063.jpg,13,Cauliflower_Sabji,train,1073,,670
671,Cauliflower_Sabji/Cauliflower_Sabji_064.jpg,13,Cauliflower_Sabji,train,2702,,671
672,Chicken_bhuna_masala/Chicken_bhuna_masala_001.jpg,14,Chicken_bhuna_masala,train,532,,672
673,Chicken_bhuna_masala/Chicken_bhuna_masala_002.jpg,14,Chicken_bhuna_masala,val,69,,673
674,Chicken_bhuna_masala/Chicken_bhuna_masala_003.jpg,14,Chicken_bhuna_masala,train,146,,674
675,Chicken_bhuna_masala/Chicken_bhuna_masala_004.jpg,14,Chicken_bhuna_masala,train,2148,,675
676,Chicken_bhuna_masala/Chicken_bhuna_masala_005.jpg,14,Chicken_bhuna_masala,excluded,-1,exact duplicate under different classes,676
677,Chicken_bhuna_masala/Chicken_bhuna_masala_006.jpg,14,Chicken_bhuna_masala,val,504,,677
678,Chicken_bhuna_masala/Chicken_bhuna_masala_007.jpg,14,Chicken_bhuna_masala,train,2775,,678
679,Chicken_bhuna_masala/Chicken_bhuna_masala_008.jpg,14,Chicken_bhuna_masala,train,2093,,679
680,Chicken_bhuna_masala/Chicken_bhuna_masala_009.jpg,14,Chicken_bhuna_masala,train,906,,680
681,Chicken_bhuna_masala/Chicken_bhuna_masala_010.jpg,14,Chicken_bhuna_masala,test,225,,681
682,Chicken_bhuna_masala/Chicken_bhuna_masala_011.jpg,14,Chicken_bhuna_masala,train,1163,,682
683,Chicken_bhuna_masala/Chicken_bhuna_masala_012.jpg,14,Chicken_bhuna_masala,test,452,,683
684,Chicken_bhuna_masala/Chicken_bhuna_masala_013.jpg,14,Chicken_bhuna_masala,test,650,,684
685,Chicken_bhuna_masala/Chicken_bhuna_masala_014.jpg,14,Chicken_bhuna_masala,train,471,,685
686,Chicken_bhuna_masala/Chicken_bhuna_masala_015.jpg,14,Chicken_bhuna_masala,train,1831,,686
687,Chicken_bhuna_masala/Chicken_bhuna_masala_016.jpg,14,Chicken_bhuna_masala,train,1651,,687
688,Chicken_bhuna_masala/Chicken_bhuna_masala_017.jpg,14,Chicken_bhuna_masala,train,634,,688
689,Chicken_bhuna_masala/Chicken_bhuna_masala_018.jpg,14,Chicken_bhuna_masala,train,149,,689
690,Chicken_bhuna_masala/Chicken_bhuna_masala_019.jpg,14,Chicken_bhuna_masala,train,1918,,690
691,Chicken_bhuna_masala/Chicken_bhuna_masala_020.jpg,14,Chicken_bhuna_masala,test,637,,691
692,Chicken_bhuna_masala/Chicken_bhuna_masala_021.jpg,14,Chicken_bhuna_masala,train,2770,,692
693,Chicken_bhuna_masala/Chicken_bhuna_masala_022.jpg,14,Chicken_bhuna_masala,train,2019,,693
694,Chicken_bhuna_masala/Chicken_bhuna_masala_023.jpg,14,Chicken_bhuna_masala,train,1574,,694
695,Chicken_bhuna_masala/Chicken_bhuna_masala_024.jpg,14,Chicken_bhuna_masala,train,1421,,688
696,Chicken_bhuna_masala/Chicken_bhuna_masala_025.jpg,14,Chicken_bhuna_masala,train,3118,,696
697,Chicken_bhuna_masala/Chicken_bhuna_masala_026.jpg,14,Chicken_bhuna_masala,train,2759,,697
698,Chicken_bhuna_masala/Chicken_bhuna_masala_027.jpg,14,Chicken_bhuna_masala,train,345,,690
699,Chicken_bhuna_masala/Chicken_bhuna_masala_028.jpg,14,Chicken_bhuna_masala,train,910,,699
700,Chicken_bhuna_masala/Chicken_bhuna_masala_029.jpg,14,Chicken_bhuna_masala,train,793,,700
701,Chicken_bhuna_masala/Chicken_bhuna_masala_030.jpg,14,Chicken_bhuna_masala,val,327,,701
702,Chicken_bhuna_masala/Chicken_bhuna_masala_031.jpg,14,Chicken_bhuna_masala,train,972,,702
703,Chicken_bhuna_masala/Chicken_bhuna_masala_032.jpg,14,Chicken_bhuna_masala,test,348,,691
704,Chicken_bhuna_masala/Chicken_bhuna_masala_033.jpg,14,Chicken_bhuna_masala,train,2239,,692
705,Chicken_bhuna_masala/Chicken_bhuna_masala_034.jpg,14,Chicken_bhuna_masala,train,1095,,693
706,Chicken_bhuna_masala/Chicken_bhuna_masala_035.jpg,14,Chicken_bhuna_masala,test,258,,706
707,Chicken_bhuna_masala/Chicken_bhuna_masala_036.jpg,14,Chicken_bhuna_masala,test,513,,706
708,Chicken_bhuna_masala/Chicken_bhuna_masala_037.jpg,14,Chicken_bhuna_masala,train,591,,708
709,Chicken_bhuna_masala/Chicken_bhuna_masala_038.jpg,14,Chicken_bhuna_masala,train,1388,,708
710,Chicken_bhuna_masala/Chicken_bhuna_masala_039.jpg,14,Chicken_bhuna_masala,train,2650,,710
711,Chicken_bhuna_masala/Chicken_bhuna_masala_040.jpg,14,Chicken_bhuna_masala,train,2803,,710
712,Chicken_bhuna_masala/Chicken_bhuna_masala_041.jpg,14,Chicken_bhuna_masala,train,500,,712
713,Chicken_bhuna_masala/Chicken_bhuna_masala_042.jpg,14,Chicken_bhuna_masala,train,1404,,713
714,Chicken_bhuna_masala/Chicken_bhuna_masala_043.jpg,14,Chicken_bhuna_masala,train,997,,714
715,Chicken_bhuna_masala/Chicken_bhuna_masala_044.jpg,14,Chicken_bhuna_masala,val,448,,715
716,Chicken_bhuna_masala/Chicken_bhuna_masala_045.jpg,14,Chicken_bhuna_masala,val,433,,716
717,Chicken_bhuna_masala/Chicken_bhuna_masala_046.jpg,14,Chicken_bhuna_masala,train,3043,,712
718,Chicken_bhuna_masala/Chicken_bhuna_masala_047.jpg,14,Chicken_bhuna_masala,train,670,,718
719,Chicken_bhuna_masala/Chicken_bhuna_masala_048.jpg,14,Chicken_bhuna_masala,train,2928,,713
720,Chicken_bhuna_masala/Chicken_bhuna_masala_049.jpg,14,Chicken_bhuna_masala,train,2630,,714
721,Chicken_bhuna_masala/Chicken_bhuna_masala_050.jpg,14,Chicken_bhuna_masala,train,2174,,721
722,Chicken_bhuna_masala/Chicken_bhuna_masala_051.jpg,14,Chicken_bhuna_masala,val,352,,715
723,Chicken_bhuna_masala/Chicken_bhuna_masala_052.jpg,14,Chicken_bhuna_masala,test,554,,723
724,Chicken_bhuna_masala/Chicken_bhuna_masala_053.jpg,14,Chicken_bhuna_masala,train,473,,724
725,Chicken_bhuna_masala/Chicken_bhuna_masala_054.jpg,14,Chicken_bhuna_masala,val,553,,725
726,Chicken_bhuna_masala/Chicken_bhuna_masala_055.jpg,14,Chicken_bhuna_masala,val,635,,716
727,Chicken_bhuna_masala/Chicken_bhuna_masala_056.jpg,14,Chicken_bhuna_masala,test,242,,727
728,Chicken_bhuna_masala/Chicken_bhuna_masala_057.jpg,14,Chicken_bhuna_masala,train,2009,,728
729,Chicken_bhuna_masala/Chicken_bhuna_masala_058.jpg,14,Chicken_bhuna_masala,val,496,,729
730,Chicken_bhuna_masala/Chicken_bhuna_masala_059.jpg,14,Chicken_bhuna_masala,train,1229,,730
731,Chicken_bhuna_masala/Chicken_bhuna_masala_060.jpg,14,Chicken_bhuna_masala,train,880,,731
732,Chicken_bhuna_masala/Chicken_bhuna_masala_061.jpg,14,Chicken_bhuna_masala,train,1134,,732
733,Chicken_biryani/Chicken_biryani_001.jpg,15,Chicken_biryani,train,1967,,733
734,Chicken_biryani/Chicken_biryani_002.jpg,15,Chicken_biryani,train,1755,,734
735,Chicken_biryani/Chicken_biryani_003.jpg,15,Chicken_biryani,train,3082,,735
736,Chicken_biryani/Chicken_biryani_004.jpg,15,Chicken_biryani,train,790,,736
737,Chicken_biryani/Chicken_biryani_005.jpg,15,Chicken_biryani,train,2708,,737
738,Chicken_biryani/Chicken_biryani_006.jpg,15,Chicken_biryani,train,3123,,738
739,Chicken_biryani/Chicken_biryani_007.jpg,15,Chicken_biryani,train,1581,,739
740,Chicken_biryani/Chicken_biryani_008.jpg,15,Chicken_biryani,val,439,,740
741,Chicken_biryani/Chicken_biryani_009.jpg,15,Chicken_biryani,train,2422,,741
742,Chicken_biryani/Chicken_biryani_010.jpg,15,Chicken_biryani,train,886,,742
743,Chicken_biryani/Chicken_biryani_011.jpg,15,Chicken_biryani,train,1453,,743
744,Chicken_biryani/Chicken_biryani_012.jpg,15,Chicken_biryani,test,129,,744
745,Chicken_biryani/Chicken_biryani_013.jpg,15,Chicken_biryani,train,242,,745
746,Chicken_biryani/Chicken_biryani_014.jpg,15,Chicken_biryani,train,3070,,746
747,Chicken_biryani/Chicken_biryani_015.jpg,15,Chicken_biryani,test,584,,747
748,Chicken_biryani/Chicken_biryani_016.jpg,15,Chicken_biryani,train,2684,,748
749,Chicken_biryani/Chicken_biryani_017.jpg,15,Chicken_biryani,train,2626,,749
750,Chicken_biryani/Chicken_biryani_018.jpg,15,Chicken_biryani,train,485,,750
751,Chicken_biryani/Chicken_biryani_019.jpg,15,Chicken_biryani,train,2520,,751
752,Chicken_biryani/Chicken_biryani_020.jpg,15,Chicken_biryani,train,2576,,752
753,Chicken_biryani/Chicken_biryani_021.jpg,15,Chicken_biryani,train,2110,,753
754,Chicken_biryani/Chicken_biryani_022.jpg,15,Chicken_biryani,train,499,,754
755,Chicken_biryani/Chicken_biryani_023.jpg,15,Chicken_biryani,train,1989,,755
756,Chicken_biryani/Chicken_biryani_024.jpg,15,Chicken_biryani,train,2916,,756
757,Chicken_biryani/Chicken_biryani_025.jpg,15,Chicken_biryani,train,2632,,757
758,Chicken_biryani/Chicken_biryani_026.jpg,15,Chicken_biryani,test,152,,758
759,Chicken_biryani/Chicken_biryani_027.jpg,15,Chicken_biryani,train,1088,,759
760,Chicken_biryani/Chicken_biryani_028.jpg,15,Chicken_biryani,train,2824,,760
761,Chicken_biryani/Chicken_biryani_029.jpg,15,Chicken_biryani,test,25,,761
762,Chicken_biryani/Chicken_biryani_030.jpg,15,Chicken_biryani,val,481,,762
763,Chicken_biryani/Chicken_biryani_031.jpg,15,Chicken_biryani,val,122,,763
764,Chicken_biryani/Chicken_biryani_032.jpg,15,Chicken_biryani,train,1475,,764
765,Chicken_biryani/Chicken_biryani_033.jpg,15,Chicken_biryani,test,401,,765
766,Chicken_biryani/Chicken_biryani_034.jpg,15,Chicken_biryani,train,1409,,766
767,Chicken_biryani/Chicken_biryani_035.jpg,15,Chicken_biryani,val,127,,767
768,Chicken_biryani/Chicken_biryani_036.jpg,15,Chicken_biryani,train,2920,,768
769,Chicken_biryani/Chicken_biryani_037.jpg,15,Chicken_biryani,train,1940,,769
770,Chicken_biryani/Chicken_biryani_038.jpg,15,Chicken_biryani,train,2241,,770
771,Chicken_biryani/Chicken_biryani_039.jpg,15,Chicken_biryani,train,3025,,771
772,Chicken_biryani/Chicken_biryani_040.jpg,15,Chicken_biryani,train,1903,,772
773,Chicken_biryani/Chicken_biryani_041.jpg,15,Chicken_biryani,test,422,,773
774,Chicken_biryani/Chicken_biryani_042.jpg,15,Chicken_biryani,val,29,,774
775,Chicken_biryani/Chicken_biryani_043.jpg,15,Chicken_biryani,test,68,,775
776,Chicken_biryani/Chicken_biryani_044.jpg,15,Chicken_biryani,test,594,,776
777,Chicken_biryani/Chicken_biryani_045.jpg,15,Chicken_biryani,train,2069,,777
778,Chicken_biryani/Chicken_biryani_046.jpg,15,Chicken_biryani,train,2589,,778
779,Chicken_biryani/Chicken_biryani_047.jpg,15,Chicken_biryani,val,557,,779
780,Chicken_biryani/Chicken_biryani_048.jpg,15,Chicken_biryani,val,191,,780
781,Chicken_biryani/Chicken_biryani_049.jpg,15,Chicken_biryani,train,901,,781
782,Chicken_biryani/Chicken_biryani_050.jpg,15,Chicken_biryani,test,479,,782
783,Chicken_biryani/Chicken_biryani_051.jpg,15,Chicken_biryani,train,126,,783
784,Chicken_biryani/Chicken_biryani_052.jpg,15,Chicken_biryani,train,1947,,784
785,Chicken_biryani/Chicken_biryani_053.jpg,15,Chicken_biryani,val,153,,785
786,Chicken_biryani/Chicken_biryani_054.jpg,15,Chicken_biryani,train,569,,786
787,Chicken_biryani/Chicken_biryani_055.jpg,15,Chicken_biryani,train,2387,,787
788,Chicken_biryani/Chicken_biryani_056.jpg,15,Chicken_biryani,train,2921,,788
789,Chicken_biryani/Chicken_biryani_057.jpg,15,Chicken_biryani,train,2494,,789
790,Chicken_biryani/Chicken_biryani_059.jpg,15,Chicken_biryani,val,377,,790
791,Chicken_crispy/Chicken_crispy_001.jpg,16,Chicken_crispy,train,413,,791
792,Chicken_crispy/Chicken_crispy_002.jpg,16,Chicken_crispy,val,361,,792
793,Chicken_crispy/Chicken_crispy_003.jpg,16,Chicken_crispy,excluded,-1,exact duplicate under different classes,793
794,Chicken_crispy/Chicken_crispy_004.jpg,16,Chicken_crispy,test,375,,794
795,Chicken_crispy/Chicken_crispy_005.jpg,16,Chicken_crispy,train,2680,,795
796,Chicken_crispy/Chicken_crispy_006.jpg,16,Chicken_crispy,test,64,,796
797,Chicken_crispy/Chicken_crispy_007.jpg,16,Chicken_crispy,train,1303,,797
798,Chicken_crispy/Chicken_crispy_008.jpg,16,Chicken_crispy,excluded,-1,exact duplicate under different classes,798
799,Chicken_crispy/Chicken_crispy_009.jpg,16,Chicken_crispy,excluded,-1,exact duplicate under different classes,799
800,Chicken_crispy/Chicken_crispy_010.jpg,16,Chicken_crispy,test,108,,800
801,Chicken_crispy/Chicken_crispy_011.jpg,16,Chicken_crispy,excluded,-1,exact duplicate under different classes,801
802,Chicken_crispy/Chicken_crispy_012.jpg,16,Chicken_crispy,excluded,-1,exact duplicate under different classes,802
803,Chicken_crispy/Chicken_crispy_013.jpg,16,Chicken_crispy,train,1241,,803
804,Chicken_crispy/Chicken_crispy_014.jpg,16,Chicken_crispy,val,9,,804
805,Chicken_crispy/Chicken_crispy_015.jpg,16,Chicken_crispy,train,328,,805
806,Chicken_crispy/Chicken_crispy_016.jpg,16,Chicken_crispy,train,2127,,806
807,Chicken_crispy/Chicken_crispy_017.jpg,16,Chicken_crispy,val,591,,807
808,Chicken_crispy/Chicken_crispy_018.jpg,16,Chicken_crispy,train,1663,,808
809,Chicken_crispy/Chicken_crispy_019.jpg,16,Chicken_crispy,train,2530,,809
810,Chicken_crispy/Chicken_crispy_020.jpg,16,Chicken_crispy,train,2414,,810
811,Chicken_crispy/Chicken_crispy_021.jpg,16,Chicken_crispy,train,1287,,811
812,Chicken_crispy/Chicken_crispy_022.jpg,16,Chicken_crispy,train,1133,,812
813,Chicken_crispy/Chicken_crispy_023.jpg,16,Chicken_crispy,train,1314,,813
814,Chicken_crispy/Chicken_crispy_024.jpg,16,Chicken_crispy,train,1136,,814
815,Chicken_crispy/Chicken_crispy_025.jpg,16,Chicken_crispy,train,1975,,815
816,Chicken_crispy/Chicken_crispy_026.jpg,16,Chicken_crispy,train,2805,,816
817,Chicken_crispy/Chicken_crispy_027.jpg,16,Chicken_crispy,train,1796,,817
818,Chicken_crispy/Chicken_crispy_028.jpg,16,Chicken_crispy,test,62,,818
819,Chicken_crispy/Chicken_crispy_029.jpg,16,Chicken_crispy,test,562,,818
820,Chicken_crispy/Chicken_crispy_030.jpg,16,Chicken_crispy,train,334,,820
821,Chicken_crispy/Chicken_crispy_031.jpg,16,Chicken_crispy,test,373,,818
822,Chicken_crispy/Chicken_crispy_032.jpg,16,Chicken_crispy,train,1159,,822
823,Chicken_crispy/Chicken_crispy_033.jpg,16,Chicken_crispy,train,1320,,823
824,Chicken_crispy/Chicken_crispy_034.jpg,16,Chicken_crispy,train,1249,,824
825,Chicken_crispy/Chicken_crispy_035.jpg,16,Chicken_crispy,train,1855,,825
826,Chicken_crispy/Chicken_crispy_036.jpg,16,Chicken_crispy,train,2444,,826
827,Chicken_crispy/Chicken_crispy_037.jpg,16,Chicken_crispy,train,1844,,827
828,Chicken_crispy/Chicken_crispy_038.jpg,16,Chicken_crispy,train,2365,,828
829,Chicken_crispy/Chicken_crispy_039.jpg,16,Chicken_crispy,train,2077,,829
830,Chicken_crispy/Chicken_crispy_040.jpg,16,Chicken_crispy,train,1586,,830
831,Chicken_crispy/Chicken_crispy_041.jpg,16,Chicken_crispy,val,585,,831
832,Chicken_crispy/Chicken_crispy_042.jpg,16,Chicken_crispy,train,673,,832
833,Chicken_crispy/Chicken_crispy_043.jpg,16,Chicken_crispy,train,875,,833
834,Chicken_crispy/Chicken_crispy_044.jpg,16,Chicken_crispy,train,743,,834
835,Chicken_crispy/Chicken_crispy_045.jpg,16,Chicken_crispy,val,250,,835
836,Chicken_crispy/Chicken_crispy_046.jpg,16,Chicken_crispy,val,312,,836
837,Chicken_crispy/Chicken_crispy_047.jpg,16,Chicken_crispy,test,667,,837
838,Chicken_crispy/Chicken_crispy_048.jpg,16,Chicken_crispy,val,510,,836
839,Chicken_crispy/Chicken_crispy_049.jpg,16,Chicken_crispy,train,1523,,839
840,Chicken_crispy/Chicken_crispy_050.jpg,16,Chicken_crispy,train,1356,,840
841,Chicken_curry/Chicken_curry_001.jpg,17,Chicken_curry,train,851,,841
842,Chicken_curry/Chicken_curry_002.jpg,17,Chicken_curry,val,632,,842
843,Chicken_curry/Chicken_curry_003.jpg,17,Chicken_curry,train,931,,843
844,Chicken_curry/Chicken_curry_004.jpg,17,Chicken_curry,train,2865,,844
845,Chicken_curry/Chicken_curry_005.jpg,17,Chicken_curry,test,19,,845
846,Chicken_curry/Chicken_curry_006.jpg,17,Chicken_curry,train,635,,846
847,Chicken_curry/Chicken_curry_007.jpg,17,Chicken_curry,train,1954,,847
848,Chicken_curry/Chicken_curry_008.jpg,17,Chicken_curry,test,419,,848
849,Chicken_curry/Chicken_curry_009.jpg,17,Chicken_curry,test,619,,849
850,Chicken_curry/Chicken_curry_010.jpg,17,Chicken_curry,train,1919,,850
851,Chicken_curry/Chicken_curry_011.jpg,17,Chicken_curry,val,214,,851
852,Chicken_curry/Chicken_curry_012.jpg,17,Chicken_curry,train,2462,,852
853,Chicken_curry/Chicken_curry_013.jpg,17,Chicken_curry,val,460,,853
854,Chicken_curry/Chicken_curry_014.jpg,17,Chicken_curry,test,567,,854
855,Chicken_curry/Chicken_curry_015.jpg,17,Chicken_curry,train,1052,,855
856,Chicken_curry/Chicken_curry_016.jpg,17,Chicken_curry,train,2764,,856
857,Chicken_curry/Chicken_curry_017.jpg,17,Chicken_curry,train,2672,,857
858,Chicken_curry/Chicken_curry_018.jpg,17,Chicken_curry,train,664,,858
859,Chicken_curry/Chicken_curry_019.jpg,17,Chicken_curry,train,2707,,859
860,Chicken_curry/Chicken_curry_020.jpg,17,Chicken_curry,train,2199,,860
861,Chicken_curry/Chicken_curry_021.jpg,17,Chicken_curry,val,322,,861
862,Chicken_curry/Chicken_curry_022.jpg,17,Chicken_curry,train,1865,,862
863,Chicken_curry/Chicken_curry_023.jpg,17,Chicken_curry,train,1500,,863
864,Chicken_curry/Chicken_curry_024.jpg,17,Chicken_curry,train,1688,,864
865,Chicken_curry/Chicken_curry_025.jpg,17,Chicken_curry,train,2791,,865
866,Chicken_curry/Chicken_curry_026.jpg,17,Chicken_curry,train,925,,866
867,Chicken_curry/Chicken_curry_027.jpg,17,Chicken_curry,train,2985,,867
868,Chicken_curry/Chicken_curry_028.jpg,17,Chicken_curry,train,522,,868
869,Chicken_curry/Chicken_curry_029.jpg,17,Chicken_curry,train,2266,,869
870,Chicken_curry/Chicken_curry_030.jpg,17,Chicken_curry,train,352,,870
871,Chicken_curry/Chicken_curry_031.jpg,17,Chicken_curry,train,2766,,871
872,Chicken_curry/Chicken_curry_032.jpg,17,Chicken_curry,train,597,,872
873,Chicken_curry/Chicken_curry_033.jpg,17,Chicken_curry,train,2217,,873
874,Chicken_curry/Chicken_curry_034.jpg,17,Chicken_curry,train,1769,,874
875,Chicken_curry/Chicken_curry_035.jpg,17,Chicken_curry,val,395,,875
876,Chicken_curry/Chicken_curry_036.jpg,17,Chicken_curry,train,1908,,876
877,Chicken_curry/Chicken_curry_037.jpg,17,Chicken_curry,train,2590,,877
878,Chicken_curry/Chicken_curry_038.jpg,17,Chicken_curry,val,412,,878
879,Chicken_curry/Chicken_curry_039.jpg,17,Chicken_curry,train,1128,,879
880,Chicken_curry/Chicken_curry_040.jpg,17,Chicken_curry,train,1506,,880
881,Chicken_curry/Chicken_curry_041.jpg,17,Chicken_curry,train,821,,881
882,Chicken_curry/Chicken_curry_042.jpg,17,Chicken_curry,test,557,,882
883,Chicken_curry/Chicken_curry_043.jpg,17,Chicken_curry,train,751,,883
884,Chicken_curry/Chicken_curry_044.jpg,17,Chicken_curry,train,1420,,884
885,Chicken_curry/Chicken_curry_045.jpg,17,Chicken_curry,val,33,,885
886,Chicken_curry/Chicken_curry_046.jpg,17,Chicken_curry,test,103,,886
887,Chicken_curry/Chicken_curry_047.jpg,17,Chicken_curry,train,2873,,887
888,Chicken_curry/Chicken_curry_048.jpg,17,Chicken_curry,val,670,,888
889,Chicken_curry/Chicken_curry_049.jpg,17,Chicken_curry,train,3073,,889
890,Chicken_curry/Chicken_curry_050.jpg,17,Chicken_curry,test,234,,890
891,Chicken_curry/Chicken_curry_051.jpg,17,Chicken_curry,train,1995,,891
892,Chicken_curry/Chicken_curry_052.jpg,17,Chicken_curry,train,947,,892
893,Chicken_curry/Chicken_curry_053.jpg,17,Chicken_curry,train,2237,,893
894,Chicken_curry/Chicken_curry_054.jpg,17,Chicken_curry,test,626,,894
895,Chicken_curry/Chicken_curry_055.jpg,17,Chicken_curry,train,1799,,895
896,Chicken_curry/Chicken_curry_056.jpg,17,Chicken_curry,train,2956,,896
897,Chicken_curry/Chicken_curry_057.jpg,17,Chicken_curry,test,48,,897
898,Chicken_curry/Chicken_curry_058.jpg,17,Chicken_curry,train,685,,898
899,Chicken_curry/Chicken_curry_059.jpg,17,Chicken_curry,train,915,,899
900,Chicken_curry/Chicken_curry_060.jpg,17,Chicken_curry,train,172,,900
901,Chicken_curry/Chicken_curry_061.jpg,17,Chicken_curry,train,1941,,901
902,Chicken_curry/Chicken_curry_062.jpg,17,Chicken_curry,train,2761,,902
903,Chicken_curry/Chicken_curry_063.jpg,17,Chicken_curry,val,579,,903
904,Chicken_fry/Chicken_fry_001.jpg,18,Chicken_fry,val,221,,904
905,Chicken_fry/Chicken_fry_002.jpg,18,Chicken_fry,train,2866,,905
906,Chicken_fry/Chicken_fry_003.jpg,18,Chicken_fry,train,170,,906
907,Chicken_fry/Chicken_fry_004.jpg,18,Chicken_fry,train,2010,,907
908,Chicken_fry/Chicken_fry_005.jpg,18,Chicken_fry,train,63,,908
909,Chicken_fry/Chicken_fry_006.jpg,18,Chicken_fry,train,2372,,909
910,Chicken_fry/Chicken_fry_007.jpg,18,Chicken_fry,train,927,,910
911,Chicken_fry/Chicken_fry_008.jpg,18,Chicken_fry,val,146,,911
912,Chicken_fry/Chicken_fry_009.jpg,18,Chicken_fry,train,949,,912
913,Chicken_fry/Chicken_fry_010.jpg,18,Chicken_fry,val,91,,913
914,Chicken_fry/Chicken_fry_011.jpg,18,Chicken_fry,excluded,-1,exact duplicate under different classes,914
915,Chicken_fry/Chicken_fry_012.jpg,18,Chicken_fry,train,2434,,915
916,Chicken_fry/Chicken_fry_013.jpg,18,Chicken_fry,train,992,,916
917,Chicken_fry/Chicken_fry_014.jpg,18,Chicken_fry,excluded,-1,exact duplicate under different classes,917
918,Chicken_fry/Chicken_fry_015.jpg,18,Chicken_fry,train,913,,918
919,Chicken_fry/Chicken_fry_016.jpg,18,Chicken_fry,train,699,,919
920,Chicken_fry/Chicken_fry_017.jpg,18,Chicken_fry,test,199,,920
921,Chicken_fry/Chicken_fry_018.jpg,18,Chicken_fry,train,207,,921
922,Chicken_fry/Chicken_fry_019.jpg,18,Chicken_fry,val,207,,922
923,Chicken_fry/Chicken_fry_020.jpg,18,Chicken_fry,test,252,,923
924,Chicken_fry/Chicken_fry_021.jpg,18,Chicken_fry,test,414,,924
925,Chicken_fry/Chicken_fry_022.jpg,18,Chicken_fry,train,411,,925
926,Chicken_fry/Chicken_fry_023.jpg,18,Chicken_fry,excluded,-1,exact duplicate under different classes,926
927,Chicken_fry/Chicken_fry_024.jpg,18,Chicken_fry,train,2005,,927
928,Chicken_fry/Chicken_fry_025.jpg,18,Chicken_fry,train,1200,,928
929,Chicken_fry/Chicken_fry_026.jpg,18,Chicken_fry,train,1338,,929
930,Chicken_fry/Chicken_fry_027.jpg,18,Chicken_fry,test,125,,930
931,Chicken_fry/Chicken_fry_028.jpg,18,Chicken_fry,train,441,,931
932,Chicken_fry/Chicken_fry_029.jpg,18,Chicken_fry,train,1181,,932
933,Chicken_fry/Chicken_fry_030.jpg,18,Chicken_fry,excluded,-1,exact duplicate under different classes,933
934,Chicken_fry/Chicken_fry_031.jpg,18,Chicken_fry,test,174,,934
935,Chicken_fry/Chicken_fry_032.jpg,18,Chicken_fry,val,258,,935
936,Chicken_fry/Chicken_fry_033.jpg,18,Chicken_fry,excluded,-1,exact duplicate under different classes,936
937,Chicken_fry/Chicken_fry_034.jpg,18,Chicken_fry,test,193,,937
938,Chicken_fry/Chicken_fry_035.jpg,18,Chicken_fry,train,2685,,938
939,Chicken_fry/Chicken_fry_036.jpg,18,Chicken_fry,train,754,,939
940,Chicken_fry/Chicken_fry_037.jpg,18,Chicken_fry,val,217,,940
941,Chicken_fry/Chicken_fry_038.jpg,18,Chicken_fry,train,1577,,941
942,Chicken_fry/Chicken_fry_039.jpg,18,Chicken_fry,train,107,,942
943,Chicken_fry/Chicken_fry_040.jpg,18,Chicken_fry,train,2308,,943
944,Chicken_fry/Chicken_fry_041.jpg,18,Chicken_fry,train,1457,,944
945,Chicken_fry/Chicken_fry_042.jpg,18,Chicken_fry,train,2222,,945
946,Chicken_fry/Chicken_fry_043.jpg,18,Chicken_fry,train,2969,,946
947,Chicken_soup/Chicken_soup_001.jpg,19,Chicken_soup,train,2570,,947
948,Chicken_soup/Chicken_soup_002.jpg,19,Chicken_soup,train,1557,,948
949,Chicken_soup/Chicken_soup_003.jpg,19,Chicken_soup,val,208,,949
950,Chicken_soup/Chicken_soup_004.jpg,19,Chicken_soup,train,2534,,950
951,Chicken_soup/Chicken_soup_005.jpg,19,Chicken_soup,test,413,,951
952,Chicken_soup/Chicken_soup_006.jpg,19,Chicken_soup,train,1870,,952
953,Chicken_soup/Chicken_soup_007.jpg,19,Chicken_soup,train,2012,,953
954,Chicken_soup/Chicken_soup_008.jpg,19,Chicken_soup,train,2420,,954
955,Chicken_soup/Chicken_soup_009.jpg,19,Chicken_soup,train,782,,955
956,Chicken_soup/Chicken_soup_010.jpg,19,Chicken_soup,train,2423,,956
957,Chicken_soup/Chicken_soup_011.jpg,19,Chicken_soup,train,1848,,957
958,Chicken_soup/Chicken_soup_012.jpg,19,Chicken_soup,test,192,,958
959,Chicken_soup/Chicken_soup_013.jpg,19,Chicken_soup,train,1005,,959
960,Chicken_soup/Chicken_soup_014.jpg,19,Chicken_soup,train,1993,,960
961,Chicken_soup/Chicken_soup_015.jpg,19,Chicken_soup,val,349,,961
962,Chicken_tandoor/Chicken_tandoor_001.jpg,20,Chicken_tandoor,val,597,,962
963,Chicken_tandoor/Chicken_tandoor_002.jpg,20,Chicken_tandoor,train,1007,,963
964,Chicken_tandoor/Chicken_tandoor_003.jpg,20,Chicken_tandoor,val,560,,964
965,Chicken_tandoor/Chicken_tandoor_004.jpg,20,Chicken_tandoor,train,1087,,965
966,Chicken_tandoor/Chicken_tandoor_005.jpg,20,Chicken_tandoor,train,204,,966
967,Chicken_tandoor/Chicken_tandoor_006.jpg,20,Chicken_tandoor,train,833,,967
968,Chicken_tandoor/Chicken_tandoor_007.jpg,20,Chicken_tandoor,train,1813,,968
969,Chicken_tandoor/Chicken_tandoor_008.jpg,20,Chicken_tandoor,train,1494,,969
970,Chicken_tandoor/Chicken_tandoor_009.jpg,20,Chicken_tandoor,excluded,-1,exact duplicate (same class),970
971,Chicken_tandoor/Chicken_tandoor_010.jpg,20,Chicken_tandoor,train,1780,,971
972,Chicken_tandoor/Chicken_tandoor_011.jpg,20,Chicken_tandoor,train,21,,972
973,Chicken_tandoor/Chicken_tandoor_012.jpg,20,Chicken_tandoor,train,2641,,973
974,Chicken_tandoor/Chicken_tandoor_013.jpg,20,Chicken_tandoor,train,2858,,974
975,Chicken_tandoor/Chicken_tandoor_014.jpg,20,Chicken_tandoor,train,2561,,975
976,Chicken_tandoor/Chicken_tandoor_015.jpg,20,Chicken_tandoor,train,959,,976
977,Chicken_tandoor/Chicken_tandoor_016.jpg,20,Chicken_tandoor,train,2966,,977
978,Chicken_tandoor/Chicken_tandoor_017.jpg,20,Chicken_tandoor,test,147,,978
979,Chicken_tandoor/Chicken_tandoor_018.jpg,20,Chicken_tandoor,train,338,,979
980,Chicken_tandoor/Chicken_tandoor_019.jpg,20,Chicken_tandoor,train,297,,980
981,Chicken_tandoor/Chicken_tandoor_020.jpg,20,Chicken_tandoor,train,2015,,981
982,Chicken_tandoor/Chicken_tandoor_021.jpg,20,Chicken_tandoor,val,576,,982
983,Chicken_tandoor/Chicken_tandoor_022.jpg,20,Chicken_tandoor,train,2725,,983
984,Chicken_tandoor/Chicken_tandoor_023.jpg,20,Chicken_tandoor,val,487,,984
985,Chicken_tandoor/Chicken_tandoor_024.jpg,20,Chicken_tandoor,test,447,,985
986,Chicken_tandoor/Chicken_tandoor_025.jpg,20,Chicken_tandoor,train,2158,,986
987,Chicken_tandoor/Chicken_tandoor_026.jpg,20,Chicken_tandoor,test,403,,987
988,Chicken_tandoor/Chicken_tandoor_027.jpg,20,Chicken_tandoor,train,2001,,988
989,Chicken_tandoor/Chicken_tandoor_028.jpg,20,Chicken_tandoor,train,2636,,989
990,Chicken_tandoor/Chicken_tandoor_029.jpg,20,Chicken_tandoor,train,3099,,990
991,Chicken_tandoor/Chicken_tandoor_030.jpg,20,Chicken_tandoor,train,2469,,991
992,Chicken_tandoor/Chicken_tandoor_031.jpg,20,Chicken_tandoor,train,472,,992
993,Chicken_tandoor/Chicken_tandoor_032.jpg,20,Chicken_tandoor,val,423,,993
994,Chicken_tandoor/Chicken_tandoor_033.jpg,20,Chicken_tandoor,test,572,,994
995,Chicken_tandoor/Chicken_tandoor_034.jpg,20,Chicken_tandoor,train,1677,,995
996,Chicken_tandoor/Chicken_tandoor_035.jpg,20,Chicken_tandoor,test,211,,996
997,Chicken_tandoor/Chicken_tandoor_036.jpg,20,Chicken_tandoor,train,503,,997
998,Chilli_chicken/Chilli_chicken_001.jpg,21,Chilli_chicken,train,2995,,998
999,Chilli_chicken/Chilli_chicken_002.jpg,21,Chilli_chicken,train,1414,,999
1000,Chilli_chicken/Chilli_chicken_003.jpg,21,Chilli_chicken,train,273,,1000
1001,Chilli_chicken/Chilli_chicken_004.jpg,21,Chilli_chicken,train,1652,,1001
1002,Chilli_chicken/Chilli_chicken_005.jpg,21,Chilli_chicken,train,1054,,1002
1003,Chilli_chicken/Chilli_chicken_006.jpg,21,Chilli_chicken,train,1644,,1003
1004,Chilli_chicken/Chilli_chicken_007.jpg,21,Chilli_chicken,train,277,,1004
1005,Chilli_chicken/Chilli_chicken_008.jpg,21,Chilli_chicken,train,1218,,1005
1006,Chilli_chicken/Chilli_chicken_009.jpg,21,Chilli_chicken,test,432,,1006
1007,Chilli_chicken/Chilli_chicken_010.jpg,21,Chilli_chicken,train,122,,1007
1008,Chilli_chicken/Chilli_chicken_011.jpg,21,Chilli_chicken,excluded,-1,exact duplicate under different classes,1008
1009,Chilli_chicken/Chilli_chicken_012.jpg,21,Chilli_chicken,train,2214,,1009
1010,Chilli_chicken/Chilli_chicken_013.jpg,21,Chilli_chicken,train,3076,,1010
1011,Chilli_chicken/Chilli_chicken_014.jpg,21,Chilli_chicken,val,318,,1011
1012,Chilli_chicken/Chilli_chicken_015.jpg,21,Chilli_chicken,val,594,,1012
1013,Chilli_chicken/Chilli_chicken_016.jpg,21,Chilli_chicken,train,515,,1013
1014,Chilli_chicken/Chilli_chicken_017.jpg,21,Chilli_chicken,test,549,,1014
1015,Chilli_chicken/Chilli_chicken_018.jpg,21,Chilli_chicken,train,386,,1015
1016,Chilli_chicken/Chilli_chicken_019.jpg,21,Chilli_chicken,train,2205,,1016
1017,Chilli_chicken/Chilli_chicken_020.jpg,21,Chilli_chicken,train,349,,1017
1018,Chilli_chicken/Chilli_chicken_021.jpg,21,Chilli_chicken,val,521,,1018
1019,Chilli_chicken/Chilli_chicken_022.jpg,21,Chilli_chicken,train,2374,,1019
1020,Chilli_chicken/Chilli_chicken_023.jpg,21,Chilli_chicken,test,185,,1020
1021,Chilli_chicken/Chilli_chicken_024.jpg,21,Chilli_chicken,train,3016,,1021
1022,Chinese_rice/Chinese_rice_001.jpg,22,Chinese_rice,val,522,,1022
1023,Chinese_rice/Chinese_rice_002.jpg,22,Chinese_rice,train,2888,,1067
1024,Chinese_rice/Chinese_rice_003.jpg,22,Chinese_rice,train,1685,,1067
1025,Chinese_rice/Chinese_rice_004.jpg,22,Chinese_rice,test,335,,1025
1026,Chinese_rice/Chinese_rice_005.jpg,22,Chinese_rice,test,259,,1026
1027,Chinese_rice/Chinese_rice_006.jpg,22,Chinese_rice,val,268,,1027
1028,Chinese_rice/Chinese_rice_007.jpg,22,Chinese_rice,test,238,,1028
1029,Chinese_rice/Chinese_rice_008.jpg,22,Chinese_rice,train,2682,,1067
1030,Chinese_rice/Chinese_rice_009.jpg,22,Chinese_rice,train,53,,1067
1031,Chinese_rice/Chinese_rice_010.jpg,22,Chinese_rice,val,662,,1031
1032,Chinese_rice/Chinese_rice_011.jpg,22,Chinese_rice,train,1773,,1032
1033,Chinese_rice/Chinese_rice_012.jpg,22,Chinese_rice,train,1056,,1033
1034,Chinese_rice/Chinese_rice_013.jpg,22,Chinese_rice,train,799,,1067
1035,Chinese_rice/Chinese_rice_014.jpg,22,Chinese_rice,test,609,,1026
1036,Chinese_rice/Chinese_rice_015.jpg,22,Chinese_rice,test,148,,1025
1037,Chinese_rice/Chinese_rice_016.jpg,22,Chinese_rice,train,2511,,1037
1038,Chinese_rice/Chinese_rice_017.jpg,22,Chinese_rice,train,132,,1067
1039,Chinese_rice/Chinese_rice_018.jpg,22,Chinese_rice,train,2094,,1067
1040,Chinese_rice/Chinese_rice_019.jpg,22,Chinese_rice,train,2902,,1040
1041,Chinese_rice/Chinese_rice_020.jpg,22,Chinese_rice,train,484,,1041
1042,Chinese_rice/Chinese_rice_021.jpg,22,Chinese_rice,train,419,,1042
1043,Chinese_rice/Chinese_rice_022.jpg,22,Chinese_rice,test,56,,1043
1044,Chinese_rice/Chinese_rice_023.jpg,22,Chinese_rice,train,1245,,1044
1045,Chinese_rice/Chinese_rice_024.jpg,22,Chinese_rice,val,231,,1031
1046,Chinese_rice/Chinese_rice_025.jpg,22,Chinese_rice,train,1325,,1067
1047,Chinese_rice/Chinese_rice_026.jpg,22,Chinese_rice,train,1959,,1067
1048,Chinese_rice/Chinese_rice_027.jpg,22,Chinese_rice,train,1172,,1067
1049,Chinese_rice/Chinese_rice_028.jpg,22,Chinese_rice,val,573,,1027
1050,Chinese_rice/Chinese_rice_029.jpg,22,Chinese_rice,train,1211,,1050
1051,Chinese_rice/Chinese_rice_030.jpg,22,Chinese_rice,train,1510,,1051
1052,Chinese_rice/Chinese_rice_031.jpg,22,Chinese_rice,train,1064,,1067
1053,Chinese_rice/Chinese_rice_032.jpg,22,Chinese_rice,val,544,,1053
1054,Chinese_rice/Chinese_rice_033.jpg,22,Chinese_rice,train,2564,,1054
1055,Chinese_rice/Chinese_rice_034.jpg,22,Chinese_rice,train,2738,,1055
1056,Chinese_rice/Chinese_rice_035.jpg,22,Chinese_rice,train,1546,,1056
1057,Chinese_rice/Chinese_rice_036.jpg,22,Chinese_rice,train,791,,1057
1058,Chinese_rice/Chinese_rice_037.jpg,22,Chinese_rice,train,1891,,1058
1059,Chinese_rice/Chinese_rice_038.jpg,22,Chinese_rice,val,328,,1059
1060,Chinese_rice/Chinese_rice_039.jpg,22,Chinese_rice,train,1729,,1041
1061,Chinese_rice/Chinese_rice_040.jpg,22,Chinese_rice,val,519,,1022
1062,Chinese_rice/Chinese_rice_041.jpg,22,Chinese_rice,train,272,,1067
1063,Chinese_rice/Chinese_rice_042.jpg,22,Chinese_rice,train,729,,1067
1064,Chinese_rice/Chinese_rice_043.jpg,22,Chinese_rice,test,668,,1064
1065,Chinese_rice/Chinese_rice_044.jpg,22,Chinese_rice,test,581,,1064
1066,Chinese_rice/Chinese_rice_045.jpg,22,Chinese_rice,train,786,,1066
1067,Chinese_rice/Chinese_rice_046.jpg,22,Chinese_rice,train,1195,,1067
1068,Chinese_rice/Chinese_rice_047.jpg,22,Chinese_rice,train,2168,,1067
1069,Chinese_rice/Chinese_rice_048.jpg,22,Chinese_rice,train,1617,,1067
1070,Chinese_rice/Chinese_rice_049.jpg,22,Chinese_rice,train,1063,,1070
1071,Chinese_rice/Chinese_rice_050.jpg,22,Chinese_rice,train,1193,,1071
1072,Chinese_rice/Chinese_rice_051.jpg,22,Chinese_rice,train,1695,,1067
1073,Corn_bhel/Corn_bhel_001.jpg,23,Corn_bhel,train,868,,1073
1074,Corn_bhel/Corn_bhel_002.jpg,23,Corn_bhel,val,411,,1074
1075,Corn_bhel/Corn_bhel_003.jpg,23,Corn_bhel,train,2844,,1075
1076,Corn_bhel/Corn_bhel_004.jpg,23,Corn_bhel,val,477,,1076
1077,Corn_bhel/Corn_bhel_005.jpg,23,Corn_bhel,train,2726,,1077
1078,Corn_bhel/Corn_bhel_006.jpg,23,Corn_bhel,train,1532,,1078
1079,Corn_bhel/Corn_bhel_007.jpg,23,Corn_bhel,train,3093,,1079
1080,Corn_bhel/Corn_bhel_008.jpg,23,Corn_bhel,test,273,,1080
1081,Corn_bhel/Corn_bhel_009.jpg,23,Corn_bhel,train,2090,,1081
1082,Corn_bhel/Corn_bhel_010.jpg,23,Corn_bhel,test,394,,1082
1083,Corn_bhel/Corn_bhel_011.jpg,23,Corn_bhel,train,3060,,1083
1084,Corn_bhel/Corn_bhel_012.jpg,23,Corn_bhel,train,1760,,1084
1085,Corn_bhel/Corn_bhel_013.jpg,23,Corn_bhel,train,2887,,1085
1086,Corn_bhel/Corn_bhel_014.jpg,23,Corn_bhel,train,327,,1086
1087,Corn_bhel/Corn_bhel_015.jpg,23,Corn_bhel,train,1997,,1087
1088,Corn_bhel/Corn_bhel_016.jpg,23,Corn_bhel,train,1552,,1088
1089,Corn_bhel/Corn_bhel_017.jpg,23,Corn_bhel,val,494,,1089
1090,Corn_bhel/Corn_bhel_018.jpg,23,Corn_bhel,train,1328,,1090
1091,Corn_bhel/Corn_bhel_019.jpg,23,Corn_bhel,train,2412,,1091
1092,Corn_bhel/Corn_bhel_020.jpg,23,Corn_bhel,train,578,,1092
1093,Corn_bhel/Corn_bhel_021.jpg,23,Corn_bhel,test,49,,1093
1094,Corn_bhel/Corn_bhel_022.jpg,23,Corn_bhel,test,100,,1093
1095,Corn_bhel/Corn_bhel_023.jpg,23,Corn_bhel,test,66,,1093
1096,Corn_bhel/Corn_bhel_024.jpg,23,Corn_bhel,test,157,,1096
1097,Corn_bhel/Corn_bhel_025.jpg,23,Corn_bhel,train,1089,,1097
1098,Corn_bhel/Corn_bhel_026.jpg,23,Corn_bhel,train,323,,1098
1099,Corn_bhel/Corn_bhel_027.jpg,23,Corn_bhel,train,2983,,1099
1100,Corn_bhel/Corn_bhel_028.jpg,23,Corn_bhel,train,2193,,1100
1101,Corn_bhel/Corn_bhel_029.jpg,23,Corn_bhel,train,1413,,1101
1102,Corn_bhel/Corn_bhel_030.jpg,23,Corn_bhel,train,1121,,1102
1103,Corn_bhel/Corn_bhel_031.jpg,23,Corn_bhel,train,1051,,1103
1104,Corn_bhel/Corn_bhel_032.jpg,23,Corn_bhel,test,112,,1104
1105,Corn_bhel/Corn_bhel_033.jpg,23,Corn_bhel,val,655,,1105
1106,Corn_bhel/Corn_bhel_034.jpg,23,Corn_bhel,train,2892,,1106
1107,Corn_bhel/Corn_bhel_035.jpg,23,Corn_bhel,train,2410,,1107
1108,Corn_bhel/Corn_bhel_036.jpg,23,Corn_bhel,train,1025,,1108
1109,Corn_bhel/Corn_bhel_037.jpg,23,Corn_bhel,train,2829,,1109
1110,Corn_bhel/Corn_bhel_038.jpg,23,Corn_bhel,val,618,,1110
1111,Corn_bhel/Corn_bhel_039.jpg,23,Corn_bhel,train,3013,,1111
1112,Corn_bhel/Corn_bhel_040.jpg,23,Corn_bhel,train,16,,1112
1113,Corn_bhel/Corn_bhel_041.jpg,23,Corn_bhel,train,641,,1113
1114,Corn_bhel/Corn_bhel_042.jpg,23,Corn_bhel,train,3087,,1114
1115,Corn_bhel/Corn_bhel_043.jpg,23,Corn_bhel,train,2794,,1115
1116,Corn_bhel/Corn_bhel_044.jpg,23,Corn_bhel,val,406,,1116
1117,Corn_bhel/Corn_bhel_045.jpg,23,Corn_bhel,train,998,,1117
1118,Corn_bhel/Corn_bhel_046.jpg,23,Corn_bhel,val,357,,1118
1119,Corn_bhel/Corn_bhel_047.jpg,23,Corn_bhel,train,2218,,1119
1120,Corn_bhel/Corn_bhel_048.jpg,23,Corn_bhel,train,677,,1120
1121,Corn_bhel/Corn_bhel_049.jpg,23,Corn_bhel,train,1284,,1121
1122,Curd_rice/Curd_rice_001.jpg,24,Curd_rice,val,162,,1122
1123,Curd_rice/Curd_rice_002.jpg,24,Curd_rice,val,389,,1123
1124,Curd_rice/Curd_rice_003.jpg,24,Curd_rice,train,787,,1124
1125,Curd_rice/Curd_rice_004.jpg,24,Curd_rice,test,45,,1125
1126,Curd_rice/Curd_rice_005.jpg,24,Curd_rice,val,470,,1126
1127,Curd_rice/Curd_rice_006.jpg,24,Curd_rice,train,2772,,1127
1128,Curd_rice/Curd_rice_007.jpg,24,Curd_rice,val,666,,1128
1129,Curd_rice/Curd_rice_008.jpg,24,Curd_rice,test,140,,1129
1130,Curd_rice/Curd_rice_009.jpg,24,Curd_rice,train,2194,,1130
1131,Curd_rice/Curd_rice_010.jpg,24,Curd_rice,train,2352,,1131
1132,Curd_rice/Curd_rice_011.jpg,24,Curd_rice,excluded,-1,exact duplicate (same class),1132
1133,Curd_rice/Curd_rice_012.jpg,24,Curd_rice,excluded,-1,exact duplicate (same class),1133
1134,Curd_rice/Curd_rice_013.jpg,24,Curd_rice,train,2997,,1134
1135,Curd_rice/Curd_rice_014.jpg,24,Curd_rice,train,2872,,1135
1136,Curd_rice/Curd_rice_015.jpg,24,Curd_rice,test,396,,1136
1137,Curd_rice/Curd_rice_016.jpg,24,Curd_rice,train,490,,1137
1138,Curd_rice/Curd_rice_017.jpg,24,Curd_rice,train,672,,1138
1139,Curd_rice/Curd_rice_018.jpg,24,Curd_rice,val,661,,1139
1140,Curd_rice/Curd_rice_019.jpg,24,Curd_rice,train,2278,,1140
1141,Curd_rice/Curd_rice_020.jpg,24,Curd_rice,train,467,,1141
1142,Curd_rice/Curd_rice_021.jpg,24,Curd_rice,train,3010,,1142
1143,Curd_rice/Curd_rice_022.jpg,24,Curd_rice,train,2651,,1143
1144,Curd_rice/Curd_rice_023.jpg,24,Curd_rice,train,185,,1144
1145,Curd_rice/Curd_rice_024.jpg,24,Curd_rice,train,1268,,1145
1146,Curd_rice/Curd_rice_025.jpg,24,Curd_rice,train,1452,,1146
1147,Curd_rice/Curd_rice_026.jpg,24,Curd_rice,test,70,,1147
1148,Curd_rice/Curd_rice_027.jpg,24,Curd_rice,train,2786,,1148
1149,Curd_rice/Curd_rice_028.jpg,24,Curd_rice,train,462,,1149
1150,Curd_rice/Curd_rice_029.jpg,24,Curd_rice,train,2893,,1150
1151,Curd_rice/Curd_rice_030.jpg,24,Curd_rice,train,296,,1151
1152,Curd_rice/Curd_rice_031.jpg,24,Curd_rice,train,884,,1152
1153,Curd_rice/Curd_rice_032.jpg,24,Curd_rice,train,2979,,1153
1154,Curd_rice/Curd_rice_033.jpg,24,Curd_rice,train,1329,,1154
1155,Curd_rice/Curd_rice_034.jpg,24,Curd_rice,train,2499,,1155
1156,Curd_rice/Curd_rice_035.jpg,24,Curd_rice,train,1857,,1156
1157,Curd_rice/Curd_rice_036.jpg,24,Curd_rice,train,655,,1157
1158,Curd_rice/Curd_rice_037.jpg,24,Curd_rice,train,2421,,1158
1159,Curd_rice/Curd_rice_038.jpg,24,Curd_rice,train,2385,,1159
1160,Curd_rice/Curd_rice_039.jpg,24,Curd_rice,train,2332,,1160
1161,Curd_rice/Curd_rice_040.jpg,24,Curd_rice,test,669,,1161
1162,Curd_rice/Curd_rice_041.jpg,24,Curd_rice,train,1924,,1162
1163,Curd_rice/Curd_rice_042.jpg,24,Curd_rice,train,447,,1163
1164,Curd_rice/Curd_rice_043.jpg,24,Curd_rice,val,639,,1164
1165,Curd_rice/Curd_rice_044.jpg,24,Curd_rice,train,2201,,1165
1166,Curd_rice/Curd_rice_045.jpg,24,Curd_rice,test,117,,1166
1167,Curd_rice/Curd_rice_046.jpg,24,Curd_rice,val,121,,1167
1168,Curd_rice/Curd_rice_047.jpg,24,Curd_rice,train,2280,,1168
1169,Curd_rice/Curd_rice_048.jpg,24,Curd_rice,train,1387,,1169
1170,Curd_rice/Curd_rice_049.jpg,24,Curd_rice,train,2787,,1170
1171,Curd_rice/Curd_rice_050.jpg,24,Curd_rice,train,706,,1171
1172,Curd_rice/Curd_rice_051.jpg,24,Curd_rice,test,457,,1172
1173,Curd_rice/Curd_rice_052.jpg,24,Curd_rice,test,428,,1173
1174,Curd_rice/Curd_rice_053.jpg,24,Curd_rice,train,1150,,1174
1175,Curd_rice/Curd_rice_054.jpg,24,Curd_rice,train,437,,1175
1176,Curd_rice/Curd_rice_055.jpg,24,Curd_rice,train,815,,1176
1177,Curd_rice/Curd_rice_056.jpg,24,Curd_rice,val,132,,1177
1178,Dahi_Kadhi/Kadhi_001.jpg,25,Dahi_Kadhi,val,429,,1178
1179,Dahi_Kadhi/Kadhi_002.jpg,25,Dahi_Kadhi,train,96,,1179
1180,Dahi_Kadhi/Kadhi_003.jpg,25,Dahi_Kadhi,train,110,,1180
1181,Dahi_Kadhi/Kadhi_004.jpg,25,Dahi_Kadhi,val,469,,1181
1182,Dahi_Kadhi/Kadhi_005.jpg,25,Dahi_Kadhi,train,942,,1182
1183,Dahi_Kadhi/Kadhi_006.jpg,25,Dahi_Kadhi,train,1480,,1183
1184,Dahi_Kadhi/Kadhi_007.jpg,25,Dahi_Kadhi,train,2402,,1184
1185,Dahi_Kadhi/Kadhi_008.jpg,25,Dahi_Kadhi,train,572,,1185
1186,Dahi_Kadhi/Kadhi_009.jpg,25,Dahi_Kadhi,train,3037,,1186
1187,Dahi_Kadhi/Kadhi_010.jpg,25,Dahi_Kadhi,train,2375,,1187
1188,Dahi_Kadhi/Kadhi_011.jpg,25,Dahi_Kadhi,test,558,,1188
1189,Dahi_Kadhi/Kadhi_012.jpg,25,Dahi_Kadhi,train,2433,,1189
1190,Dahi_Kadhi/Kadhi_013.jpg,25,Dahi_Kadhi,test,17,,1190
1191,Dhapata/Dhapata_001.jpg,26,Dhapata,train,2578,,1191
1192,Dhapata/Dhapata_002.jpg,26,Dhapata,test,378,,1192
1193,Dhapata/Dhapata_003.jpg,26,Dhapata,test,256,,1192
1194,Dhapata/Dhapata_004.jpg,26,Dhapata,train,587,,1194
1195,Dhapata/Dhapata_005.jpg,26,Dhapata,train,1797,,1195
1196,Dhapata/Dhapata_006.jpg,26,Dhapata,train,1304,,1196
1197,Dhapata/Dhapata_007.jpg,26,Dhapata,train,2128,,1197
1198,Dhapata/Dhapata_008.jpg,26,Dhapata,train,36,,1198
1199,Dhapata/Dhapata_009.jpg,26,Dhapata,train,692,,1199
1200,Dhapata/Dhapata_010.jpg,26,Dhapata,train,25,,1200
1201,Dhapata/Dhapata_011.jpg,26,Dhapata,train,1324,,1201
1202,Dhapata/Dhapata_012.jpg,26,Dhapata,test,253,,1192
1203,Dhapata/Dhapata_013.jpg,26,Dhapata,val,243,,1203
1204,Dhapata/Dhapata_014.jpg,26,Dhapata,train,2785,,1204
1205,Dhapata/Dhapata_015.jpg,26,Dhapata,train,776,,1205
1206,Dhapata/Dhapata_016.jpg,26,Dhapata,test,587,,1206
1207,Dhapata/Dhapata_017.jpg,26,Dhapata,test,660,,1207
1208,Dhapata/Dhapata_018.jpg,26,Dhapata,val,56,,1208
1209,Dhapata/Dhapata_019.jpg,26,Dhapata,val,665,,1209
1210,Dhapata/Dhapata_020.jpg,26,Dhapata,val,334,,1210
1211,Dhapata/Dhapata_021.jpg,26,Dhapata,train,758,,1211
1212,Dhapata/Dhapata_022.jpg,26,Dhapata,val,547,,1212
1213,Dhapata/Dhapata_023.jpg,26,Dhapata,train,2456,,1213
1214,Dhapata/Dhapata_024.jpg,26,Dhapata,train,1298,,1214
1215,Dhapata/Dhapata_025.jpg,26,Dhapata,train,2144,,1215
1216,Dhapata/Dhapata_026.jpg,26,Dhapata,train,1883,,1216
1217,Dhapata/Dhapata_027.jpg,26,Dhapata,train,2362,,1217
1218,Dhapata/Dhapata_028.jpg,26,Dhapata,val,565,,1218
1219,Dhapata/Dhapata_029.jpg,26,Dhapata,test,27,,1219
1220,Dhapata/Dhapata_030.jpg,26,Dhapata,train,1626,,1220
1221,Dhapata/Dhapata_031.jpg,26,Dhapata,train,883,,1221
1222,Dhapata/Dhapata_032.jpg,26,Dhapata,test,532,,1222
1223,Dhapata/Dhapata_033.jpg,26,Dhapata,train,355,,1223
1224,Dhapata/Dhapata_034.jpg,26,Dhapata,train,1253,,1224
1225,Dhapata/Dhapata_035.jpg,26,Dhapata,val,373,,1225
1226,Dhapata/Dhapata_036.jpg,26,Dhapata,test,210,,1226
1227,Dhapata/Dhapata_037.jpg,26,Dhapata,train,1237,,1227
1228,Dhapata/Dhapata_038.jpg,26,Dhapata,train,1675,,1228
1229,Dhapata/Dhapata_039.jpg,26,Dhapata,train,921,,1229
1230,Dhapata/Dhapata_040.jpg,26,Dhapata,train,1373,,1215
1231,Dhapata/Dhapata_041.jpg,26,Dhapata,train,1484,,1216
1232,Dhapata/Dhapata_042.jpg,26,Dhapata,train,1105,,1232
1233,Dhapata/Dhapata_043.jpg,26,Dhapata,val,490,,1218
1234,Dhapata/Dhapata_044.jpg,26,Dhapata,train,1921,,1234
1235,Dhapata/Dhapata_045.jpg,26,Dhapata,train,1853,,1235
1236,Dhapata/Dhapata_046.jpg,26,Dhapata,train,3083,,1236
1237,Dhapata/Dhapata_047.jpg,26,Dhapata,train,2165,,1237
1238,Dhapata/Dhapata_048.jpg,26,Dhapata,train,1505,,1238
1239,Dhapata/Dhapata_049.jpg,26,Dhapata,train,1148,,1239
1240,Dhapata/Dhapata_050.jpg,26,Dhapata,train,1639,,1240
1241,Dhapata/Dhapata_051.jpg,26,Dhapata,train,2294,,1241
1242,Dhinkache_laddu/Dhinkache_laddu_001.jpg,27,Dhinkache_laddu,val,437,,1242
1243,Dhinkache_laddu/Dhinkache_laddu_002.jpg,27,Dhinkache_laddu,test,227,,1243
1244,Dhinkache_laddu/Dhinkache_laddu_003.jpg,27,Dhinkache_laddu,train,2246,,1244
1245,Dhinkache_laddu/Dhinkache_laddu_004.jpg,27,Dhinkache_laddu,test,115,,1245
1246,Dhinkache_laddu/Dhinkache_laddu_005.jpg,27,Dhinkache_laddu,test,230,,1246
1247,Dhinkache_laddu/Dhinkache_laddu_006.jpg,27,Dhinkache_laddu,train,2942,,1247
1248,Dhinkache_laddu/Dhinkache_laddu_007.jpg,27,Dhinkache_laddu,train,2879,,1248
1249,Dhinkache_laddu/Dhinkache_laddu_008.jpg,27,Dhinkache_laddu,train,1638,,1249
1250,Dhinkache_laddu/Dhinkache_laddu_009.jpg,27,Dhinkache_laddu,train,2593,,1250
1251,Dhinkache_laddu/Dhinkache_laddu_010.jpg,27,Dhinkache_laddu,test,32,,1251
1252,Dhinkache_laddu/Dhinkache_laddu_011.jpg,27,Dhinkache_laddu,val,463,,1252
1253,Dhinkache_laddu/Dhinkache_laddu_012.jpg,27,Dhinkache_laddu,train,691,,1253
1254,Dhinkache_laddu/Dhinkache_laddu_013.jpg,27,Dhinkache_laddu,train,2248,,1254
1255,Dhinkache_laddu/Dhinkache_laddu_014.jpg,27,Dhinkache_laddu,train,1425,,1255
1256,Dhinkache_laddu/Dhinkache_laddu_015.jpg,27,Dhinkache_laddu,train,2087,,1256
1257,Dhinkache_laddu/Dhinkache_laddu_016.jpg,27,Dhinkache_laddu,val,170,,1257
1258,Dhinkache_laddu/Dhinkache_laddu_017.jpg,27,Dhinkache_laddu,train,2291,,1258
1259,Dhinkache_laddu/Dhinkache_laddu_018.jpg,27,Dhinkache_laddu,train,1207,,1259
1260,Dhinkache_laddu/Dhinkache_laddu_019.jpg,27,Dhinkache_laddu,train,2957,,1260
1261,Dhinkache_laddu/Dhinkache_laddu_020.jpg,27,Dhinkache_laddu,train,2517,,1261
1262,Dhinkache_laddu/Dhinkache_laddu_021.jpg,27,Dhinkache_laddu,val,270,,1262
1263,Dhinkache_laddu/Dhinkache_laddu_022.jpg,27,Dhinkache_laddu,train,2253,,1263
1264,Dhinkache_laddu/Dhinkache_laddu_023.jpg,27,Dhinkache_laddu,train,3052,,1264
1265,Dhinkache_laddu/Dhinkache_laddu_024.jpg,27,Dhinkache_laddu,train,308,,1265
1266,Dhinkache_laddu/Dhinkache_laddu_025.jpg,27,Dhinkache_laddu,train,1139,,1266
1267,Dhinkache_laddu/Dhinkache_laddu_026.jpg,27,Dhinkache_laddu,train,2784,,1267
1268,Dhinkache_laddu/Dhinkache_laddu_027.jpg,27,Dhinkache_laddu,val,103,,1268
1269,Dhinkache_laddu/Dhinkache_laddu_028.jpg,27,Dhinkache_laddu,test,85,,1269
1270,Dhinkache_laddu/Dhinkache_laddu_029.jpg,27,Dhinkache_laddu,train,563,,1270
1271,Dhinkache_laddu/Dhinkache_laddu_030.jpg,27,Dhinkache_laddu,train,2563,,1271
1272,Dhinkache_laddu/Dhinkache_laddu_031.jpg,27,Dhinkache_laddu,train,2690,,1272
1273,Dhinkache_laddu/Dhinkache_laddu_032.jpg,27,Dhinkache_laddu,train,2026,,1273
1274,Dhinkache_laddu/Dhinkache_laddu_033.jpg,27,Dhinkache_laddu,test,128,,1274
1275,Dhinkache_laddu/Dhinkache_laddu_034.jpg,27,Dhinkache_laddu,train,165,,1275
1276,Dhinkache_laddu/Dhinkache_laddu_035.jpg,27,Dhinkache_laddu,train,1763,,1276
1277,Dhinkache_laddu/Dhinkache_laddu_036.jpg,27,Dhinkache_laddu,train,2119,,1277
1278,Dhinkache_laddu/Dhinkache_laddu_037.jpg,27,Dhinkache_laddu,val,266,,1278
1279,Dhinkache_laddu/Dhinkache_laddu_038.jpg,27,Dhinkache_laddu,train,749,,1279
1280,Dhinkache_laddu/Dhinkache_laddu_039.jpg,27,Dhinkache_laddu,train,2386,,1280
1281,Dhinkache_laddu/Dhinkache_laddu_040.jpg,27,Dhinkache_laddu,val,641,,1281
1282,Dhinkache_laddu/Dhinkache_laddu_041.jpg,27,Dhinkache_laddu,val,568,,1282
1283,Dhinkache_laddu/Dhinkache_laddu_042.jpg,27,Dhinkache_laddu,test,535,,1283
1284,Dhinkache_laddu/Dhinkache_laddu_043.jpg,27,Dhinkache_laddu,train,2388,,1284
1285,Dhinkache_laddu/Dhinkache_laddu_044.jpg,27,Dhinkache_laddu,test,357,,1285
1286,Dhinkache_laddu/Dhinkache_laddu_045.jpg,27,Dhinkache_laddu,train,1656,,1286
1287,Dhinkache_laddu/Dhinkache_laddu_046.jpg,27,Dhinkache_laddu,train,1348,,1287
1288,Dhinkache_laddu/Dhinkache_laddu_047.jpg,27,Dhinkache_laddu,train,3096,,1288
1289,Dhinkache_laddu/Dhinkache_laddu_048.jpg,27,Dhinkache_laddu,train,720,,1289
1290,Dhinkache_laddu/Dhinkache_laddu_049.jpg,27,Dhinkache_laddu,train,1101,,1290
1291,Dhinkache_laddu/Dhinkache_laddu_050.jpg,27,Dhinkache_laddu,train,2943,,1291
1292,Dhokla/Dhokla_001.jpg,28,Dhokla,train,1157,,1292
1293,Dhokla/Dhokla_002.jpg,28,Dhokla,train,2668,,1293
1294,Dhokla/Dhokla_003.jpg,28,Dhokla,train,145,,1294
1295,Dhokla/Dhokla_004.jpg,28,Dhokla,test,209,,1295
1296,Dhokla/Dhokla_005.jpg,28,Dhokla,train,1055,,1296
1297,Dhokla/Dhokla_006.jpg,28,Dhokla,test,240,,1297
1298,Dhokla/Dhokla_007.jpg,28,Dhokla,val,534,,1298
1299,Dhokla/Dhokla_008.jpg,28,Dhokla,test,598,,1299
1300,Dhokla/Dhokla_009.jpg,28,Dhokla,train,605,,1300
1301,Dhokla/Dhokla_010.jpg,28,Dhokla,test,301,,1301
1302,Dhokla/Dhokla_011.jpg,28,Dhokla,test,55,,1302
1303,Dhokla/Dhokla_012.jpg,28,Dhokla,val,610,,1303
1304,Dhokla/Dhokla_013.jpg,28,Dhokla,train,2033,,1304
1305,Dhokla/Dhokla_014.jpg,28,Dhokla,val,51,,1305
1306,Dhokla/Dhokla_015.jpg,28,Dhokla,train,1186,,1306
1307,Dhokla/Dhokla_016.jpg,28,Dhokla,train,2367,,1307
1308,Dhokla/Dhokla_017.jpg,28,Dhokla,train,127,,1308
1309,Dhokla/Dhokla_018.jpg,28,Dhokla,train,718,,1309
1310,Dhokla/Dhokla_019.jpg,28,Dhokla,train,2273,,1310
1311,Dhokla/Dhokla_020.jpg,28,Dhokla,test,200,,1311
1312,Dhokla/Dhokla_021.jpg,28,Dhokla,train,550,,1312
1313,Dhokla/Dhokla_022.jpg,28,Dhokla,train,1873,,1313
1314,Dhokla/Dhokla_023.jpg,28,Dhokla,train,455,,1314
1315,Dhokla/Dhokla_024.jpg,28,Dhokla,val,179,,1315
1316,Dhokla/Dhokla_025.jpg,28,Dhokla,train,689,,1316
1317,Dhokla/Dhokla_026.jpg,28,Dhokla,train,1204,,1317
1318,Dhokla/Dhokla_027.jpg,28,Dhokla,train,3116,,1318
1319,Dhokla/Dhokla_028.jpg,28,Dhokla,train,444,,1319
1320,Dhokla/Dhokla_029.jpg,28,Dhokla,train,3054,,1320
1321,Dhokla/Dhokla_030.jpg,28,Dhokla,train,2156,,1321
1322,Dhokla/Dhokla_031.jpg,28,Dhokla,train,2739,,1322
1323,Dhokla/Dhokla_032.jpg,28,Dhokla,train,2877,,1323
1324,Dhokla/Dhokla_033.jpg,28,Dhokla,train,1444,,1324
1325,Dhokla/Dhokla_034.jpg,28,Dhokla,train,1209,,1325
1326,Dhokla/Dhokla_035.jpg,28,Dhokla,train,306,,1326
1327,Dhokla/Dhokla_036.jpg,28,Dhokla,train,1491,,1327
1328,Dhokla/Dhokla_037.jpg,28,Dhokla,val,453,,1328
1329,Dhokla/Dhokla_038.jpg,28,Dhokla,train,1669,,1329
1330,Dhokla/Dhokla_039.jpg,28,Dhokla,train,1146,,1330
1331,Dhokla/Dhokla_040.jpg,28,Dhokla,train,394,,1331
1332,Dhokla/Dhokla_041.jpg,28,Dhokla,val,332,,1332
1333,Dhokla/Dhokla_042.jpg,28,Dhokla,train,2172,,1333
1334,Dhokla/Dhokla_043.jpg,28,Dhokla,test,431,,1334
1335,Dhokla/Dhokla_044.jpg,28,Dhokla,train,937,,1335
1336,Dhokla/Dhokla_045.jpg,28,Dhokla,train,2393,,1336
1337,Dhokla/Dhokla_046.jpg,28,Dhokla,train,259,,1337
1338,Dhokla/Dhokla_047.jpg,28,Dhokla,val,502,,1338
1339,Dhokla/Dhokla_048.jpg,28,Dhokla,train,1925,,1339
1340,Dhokla/Dhokla_049.jpg,28,Dhokla,train,244,,1340
1341,Dhokla/Dhokla_050.jpg,28,Dhokla,test,536,,1341
1342,Dhokla/Dhokla_051.jpg,28,Dhokla,train,137,,1342
1343,Dhokla/Dhokla_052.jpg,28,Dhokla,val,358,,1343
1344,Dhokla/Dhokla_053.jpg,28,Dhokla,train,3048,,1344
1345,Dhokla/Dhokla_054.jpg,28,Dhokla,train,1376,,1345
1346,Dhokla/Dhokla_055.jpg,28,Dhokla,train,2537,,1346
1347,Dosa/Dosa _001.jpg,29,Dosa,train,3100,,1347
1348,Dosa/Dosa_002.jpg,29,Dosa,val,272,,1348
1349,Dosa/Dosa_003.jpg,29,Dosa,val,313,,1348
1350,Dosa/Dosa_004.jpg,29,Dosa,val,289,,1348
1351,Dosa/Dosa_005.jpg,29,Dosa,val,314,,1351
1352,Dosa/Dosa_006.jpg,29,Dosa,train,2192,,1352
1353,Dosa/Dosa_007.jpg,29,Dosa,train,265,,1353
1354,Dosa/Dosa_008.jpg,29,Dosa,train,736,,1354
1355,Dosa/Dosa_009.jpg,29,Dosa,train,2125,,1355
1356,Dosa/Dosa_010.jpg,29,Dosa,train,1900,,1356
1357,Dosa/Dosa_011.jpg,29,Dosa,train,2909,,1357
1358,Dosa/Dosa_012.jpg,29,Dosa,train,1998,,1358
1359,Dosa/Dosa_013.jpg,29,Dosa,test,621,,1359
1360,Dosa/Dosa_014.jpg,29,Dosa,train,1201,,1360
1361,Dosa/Dosa_015.jpg,29,Dosa,train,436,,1360
1362,Dosa/Dosa_016.jpg,29,Dosa,train,2765,,1362
1363,Dosa/Dosa_017.jpg,29,Dosa,train,1370,,1363
1364,Dosa/Dosa_018.jpg,29,Dosa,train,944,,1364
1365,Dosa/Dosa_019.jpg,29,Dosa,train,2896,,1365
1366,Dosa/Dosa_020.jpg,29,Dosa,test,423,,1402
1367,Dosa/Dosa_021.jpg,29,Dosa,train,1535,,1367
1368,Dosa/Dosa_022.jpg,29,Dosa,train,381,,1368
1369,Dosa/Dosa_023.jpg,29,Dosa,train,2360,,1369
1370,Dosa/Dosa_024.jpg,29,Dosa,train,2075,,1370
1371,Dosa/Dosa_025.jpg,29,Dosa,train,2662,,1371
1372,Dosa/Dosa_026.jpg,29,Dosa,test,520,,1372
1373,Dosa/Dosa_027.jpg,29,Dosa,train,876,,1373
1374,Dosa/Dosa_029.jpg,29,Dosa,train,1296,,1374
1375,Dosa/Dosa_030.jpg,29,Dosa,train,1339,,1375
1376,Dosa/Dosa_031.jpg,29,Dosa,train,1733,,1376
1377,Dosa/Dosa_032.jpg,29,Dosa,train,1674,,1377
1378,Dosa/Dosa_033.jpg,29,Dosa,val,104,,1378
1379,Dosa/Dosa_034.jpg,29,Dosa,val,465,,1379
1380,Dosa/Dosa_035.jpg,29,Dosa,train,1061,,1380
1381,Dosa/Dosa_036.jpg,29,Dosa,train,2898,,1381
1382,Dosa/Dosa_037.jpg,29,Dosa,val,298,,1382
1383,Dosa/Dosa_038.jpg,29,Dosa,train,2562,,1383
1384,Dosa/Dosa_039.jpg,29,Dosa,train,181,,1384
1385,Dosa/Dosa_040.jpg,29,Dosa,train,1228,,1385
1386,Dosa/Dosa_041.jpg,29,Dosa,train,3110,,1386
1387,Dosa/Dosa_042.jpg,29,Dosa,train,83,,1387
1388,Dosa/Dosa_043.jpg,29,Dosa,test,540,,1388
1389,Dosa/Dosa_044.jpg,29,Dosa,val,452,,1389
1390,Dosa/Dosa_045.jpg,29,Dosa,val,418,,1390
1391,Dosa/Dosa_046.jpg,29,Dosa,train,2334,,1391
1392,Dosa/Dosa_047.jpg,29,Dosa,train,3120,,1392
1393,Dosa/Dosa_048.jpg,29,Dosa,train,1389,,1393
1394,Dosa/Dosa_049.jpg,29,Dosa,train,1838,,1394
1395,Dosa/Dosa_050.jpg,29,Dosa,train,1203,,1380
1396,Dosa/Dosa_051.jpg,29,Dosa,train,1939,,1396
1397,Dosa/Dosa_052.jpg,29,Dosa,train,2079,,1397
1398,Dosa/Dosa_053.jpg,29,Dosa,train,1714,,1398
1399,Dosa/Dosa_054.jpg,29,Dosa,train,1613,,1399
1400,Dosa/Dosa_055.jpg,29,Dosa,train,1678,,1400
1401,Dosa/Dosa_056.jpg,29,Dosa,val,633,,1401
1402,Dosa/Dosa_057.jpg,29,Dosa,test,429,,1402
1403,Dosa/Dosa_058.jpg,29,Dosa,test,398,,1402
1404,Dosa/Dosa_059.jpg,29,Dosa,test,254,,1402
1405,Dosa/Dosa_060.jpg,29,Dosa,test,509,,1405
1406,Dosa/Dosa_061.jpg,29,Dosa,train,2057,,1406
1407,Dosa/Dosa_062.jpg,29,Dosa,train,1980,,1407
1408,Dosa/Dosa_063.jpg,29,Dosa,train,2549,,1408
1409,Dosa/Dosa_064.jpg,29,Dosa,train,1161,,1409
1410,Dosa/Dosa_065.jpg,29,Dosa,test,659,,1410
1411,Dosa/Dosa_066.jpg,29,Dosa,train,154,,1411
1412,Dosa/Dosa_067.jpg,29,Dosa,test,632,,1412
1413,Dosa/Dosa_068.jpg,29,Dosa,train,2176,,1413
1414,Dosa/Dosa_069.jpg,29,Dosa,train,1909,,1414
1415,Dosa/Dosa_070.jpg,29,Dosa,train,2492,,1415
1416,Dosa/Dosa_071.jpg,29,Dosa,train,1185,,1416
1417,Egg_bhurji/Egg_bhurji_001.jpg,30,Egg_bhurji,train,1517,,1417
1418,Egg_bhurji/Egg_bhurji_002.jpg,30,Egg_bhurji,train,2109,,1418
1419,Egg_bhurji/Egg_bhurji_003.jpg,30,Egg_bhurji,train,1777,,1419
1420,Egg_bhurji/Egg_bhurji_004.jpg,30,Egg_bhurji,train,2990,,1420
1421,Egg_bhurji/Egg_bhurji_005.jpg,30,Egg_bhurji,train,456,,1421
1422,Egg_bhurji/Egg_bhurji_006.jpg,30,Egg_bhurji,train,3084,,1422
1423,Egg_bhurji/Egg_bhurji_007.jpg,30,Egg_bhurji,train,2461,,1423
1424,Egg_bhurji/Egg_bhurji_008.jpg,30,Egg_bhurji,val,57,,1424
1425,Egg_bhurji/Egg_bhurji_009.jpg,30,Egg_bhurji,test,355,,1425
1426,Egg_biryani/Egg_biryani_001.jpg,31,Egg_biryani,train,1833,,1426
1427,Egg_biryani/Egg_biryani_002.jpg,31,Egg_biryani,val,176,,1427
1428,Egg_biryani/Egg_biryani_003.jpg,31,Egg_biryani,train,1048,,1428
1429,Egg_biryani/Egg_biryani_004.jpg,31,Egg_biryani,train,1767,,1429
1430,Egg_biryani/Egg_biryani_005.jpg,31,Egg_biryani,train,810,,1430
1431,Egg_biryani/Egg_biryani_006.jpg,31,Egg_biryani,train,2566,,1431
1432,Egg_biryani/Egg_biryani_007.jpg,31,Egg_biryani,train,2293,,1432
1433,Egg_biryani/Egg_biryani_008.jpg,31,Egg_biryani,val,279,,1433
1434,Egg_biryani/Egg_biryani_009.jpg,31,Egg_biryani,test,6,,1434
1435,Egg_biryani/Egg_biryani_010.jpg,31,Egg_biryani,train,1582,,1435
1436,Egg_biryani/Egg_biryani_011.jpg,31,Egg_biryani,train,2356,,1436
1437,Egg_biryani/Egg_biryani_012.jpg,31,Egg_biryani,train,1563,,1437
1438,Egg_biryani/Egg_biryani_013.jpg,31,Egg_biryani,val,147,,1438
1439,Egg_biryani/Egg_biryani_014.jpg,31,Egg_biryani,test,347,,1439
1440,Egg_biryani/Egg_biryani_015.jpg,31,Egg_biryani,train,1439,,1440
1441,Egg_biryani/Egg_biryani_016.jpg,31,Egg_biryani,train,2913,,1441
1442,Egg_biryani/Egg_biryani_017.jpg,31,Egg_biryani,train,2800,,1442
1443,Egg_biryani/Egg_biryani_018.jpg,31,Egg_biryani,train,1936,,1443
1444,Egg_biryani/Egg_biryani_019.jpg,31,Egg_biryani,train,2184,,1444
1445,Egg_biryani/Egg_biryani_020.jpg,31,Egg_biryani,train,186,,1445
1446,Egg_biryani/Egg_biryani_021.jpg,31,Egg_biryani,train,103,,1446
1447,Egg_biryani/Egg_biryani_022.jpg,31,Egg_biryani,train,2142,,1447
1448,Egg_biryani/Egg_biryani_023.jpg,31,Egg_biryani,test,77,,1448
1449,Egg_biryani/Egg_biryani_024.jpg,31,Egg_biryani,val,321,,1449
1450,Egg_biryani/Egg_biryani_025.jpg,31,Egg_biryani,test,353,,1450
1451,Egg_biryani/Egg_biryani_026.jpg,31,Egg_biryani,train,45,,1451
1452,Egg_biryani/Egg_biryani_027.jpg,31,Egg_biryani,train,2633,,1452
1453,Egg_biryani/Egg_biryani_028.jpg,31,Egg_biryani,train,1548,,1453
1454,Egg_biryani/Egg_biryani_029.jpg,31,Egg_biryani,test,622,,1454
1455,Egg_biryani/Egg_biryani_030.jpg,31,Egg_biryani,train,1126,,1455
1456,Egg_biryani/Egg_biryani_031.jpg,31,Egg_biryani,train,1465,,1456
1457,Egg_biryani/Egg_biryani_032.jpg,31,Egg_biryani,val,385,,1457
1458,Egg_biryani/Egg_biryani_033.jpg,31,Egg_biryani,val,330,,1458
1459,Egg_biryani/Egg_biryani_034.jpg,31,Egg_biryani,val,164,,1459
1460,Egg_biryani/Egg_biryani_035.jpg,31,Egg_biryani,train,1385,,1460
1461,Egg_biryani/Egg_biryani_036.jpg,31,Egg_biryani,train,2625,,1461
1462,Egg_biryani/Egg_biryani_037.jpg,31,Egg_biryani,train,1916,,1462
1463,Egg_biryani/Egg_biryani_038.jpg,31,Egg_biryani,train,584,,1463
1464,Egg_biryani/Egg_biryani_039.jpg,31,Egg_biryani,train,1250,,1464
1465,Egg_biryani/Egg_biryani_040.jpg,31,Egg_biryani,train,1075,,1465
1466,Egg_biryani/Egg_biryani_041.jpg,31,Egg_biryani,train,2167,,1466
1467,Egg_biryani/Egg_biryani_042.jpg,31,Egg_biryani,train,2661,,1467
1468,Egg_biryani/Egg_biryani_043.jpg,31,Egg_biryani,test,82,,1468
1469,Egg_biryani/Egg_biryani_044.jpg,31,Egg_biryani,train,2856,,1469
1470,Egg_biryani/Egg_biryani_045.jpg,31,Egg_biryani,train,2854,,1470
1471,Egg_biryani/Egg_biryani_046.jpg,31,Egg_biryani,test,518,,1471
1472,Egg_biryani/Egg_biryani_047.jpg,31,Egg_biryani,train,371,,1472
1473,Egg_biryani/Egg_biryani_048.jpg,31,Egg_biryani,train,341,,1473
1474,Fafda/Fafda_001.jpg,32,Fafda,train,2164,,1474
1475,Fafda/Fafda_002.jpg,32,Fafda,val,134,,1475
1476,Fafda/Fafda_003.jpg,32,Fafda,val,596,,1476
1477,Fafda/Fafda_004.jpg,32,Fafda,train,44,,1477
1478,Fafda/Fafda_005.jpg,32,Fafda,train,2203,,1478
1479,Fafda/Fafda_006.jpg,32,Fafda,test,266,,1479
1480,Fafda/Fafda_007.jpg,32,Fafda,val,325,,1480
1481,Fafda/Fafda_008.jpg,32,Fafda,test,393,,1481
1482,Fafda/Fafda_009.jpg,32,Fafda,test,395,,1482
1483,Fafda/Fafda_010.jpg,32,Fafda,train,1731,,1483
1484,Fafda/Fafda_011.jpg,32,Fafda,train,1706,,1484
1485,Fafda/Fafda_012.jpg,32,Fafda,val,306,,1485
1486,Fafda/Fafda_013.jpg,32,Fafda,train,475,,1486
1487,Fafda/Fafda_014.jpg,32,Fafda,train,2113,,1487
1488,Fafda/Fafda_015.jpg,32,Fafda,train,855,,1488
1489,Fafda/Fafda_016.jpg,32,Fafda,train,3047,,1489
1490,Fafda/Fafda_017.jpg,32,Fafda,val,336,,1490
1491,Fafda/Fafda_018.jpg,32,Fafda,train,2470,,1491
1492,Fafda/Fafda_019.jpg,32,Fafda,train,240,,1492
1493,Fafda/Fafda_020.jpg,32,Fafda,train,383,,1493
1494,Fafda/Fafda_021.jpg,32,Fafda,train,2104,,1494
1495,Fafda/Fafda_022.jpg,32,Fafda,train,956,,1495
1496,Fafda/Fafda_023.jpg,32,Fafda,train,1020,,1496
1497,Fafda/Fafda_024.jpg,32,Fafda,train,2120,,1497
1498,Fafda/Fafda_025.jpg,32,Fafda,train,1151,,1498
1499,Fafda/Fafda_026.jpg,32,Fafda,train,2584,,1499
1500,Fafda/Fafda_027.jpg,32,Fafda,val,471,,1500
1501,Fafda/Fafda_028.jpg,32,Fafda,val,517,,1501
1502,Fafda/Fafda_029.jpg,32,Fafda,train,846,,1502
1503,Fafda/Fafda_030.jpg,32,Fafda,train,480,,1503
1504,Fafda/Fafda_031.jpg,32,Fafda,train,2704,,1504
1505,Fafda/Fafda_032.jpg,32,Fafda,train,2485,,1505
1506,Fafda/Fafda_033.jpg,32,Fafda,train,616,,1506
1507,Fafda/Fafda_034.jpg,32,Fafda,train,1592,,1507
1508,Fafda/Fafda_035.jpg,32,Fafda,test,61,,1508
1509,Fafda/Fafda_036.jpg,32,Fafda,train,2955,,1509
1510,Fafda/Fafda_037.jpg,32,Fafda,train,2963,,1510
1511,Fafda/Fafda_038.jpg,32,Fafda,train,387,,1511
1512,Fafda/Fafda_039.jpg,32,Fafda,test,21,,1512
1513,Fafda/Fafda_040.jpg,32,Fafda,train,1576,,1513
1514,Fafda/Fafda_041.jpg,32,Fafda,train,902,,1514
1515,Fafda/Fafda_042.jpg,32,Fafda,test,98,,1515
1516,Fafda/Fafda_043.jpg,32,Fafda,train,590,,1516
1517,Fafda/Fafda_044.jpg,32,Fafda,train,2978,,1517
1518,Fafda/Fafda_045.jpg,32,Fafda,train,40,,1518
1519,Fafda/Fafda_046.jpg,32,Fafda,test,127,,1519
1520,Fafda/Fafda_047.jpg,32,Fafda,excluded,-1,exact duplicate under different classes,1520
1521,Fafda/Fafda_048.jpg,32,Fafda,excluded,-1,exact duplicate under different classes,1521
1522,Fafda/Fafda_049.jpg,32,Fafda,train,2430,,1522
1523,Fish_fry/Fish_fry_001.jpg,33,Fish_fry,test,556,,1523
1524,Fish_fry/Fish_fry_002.jpg,33,Fish_fry,train,2320,,1524
1525,Fish_fry/Fish_fry_003.jpg,33,Fish_fry,train,247,,1525
1526,Fish_fry/Fish_fry_004.jpg,33,Fish_fry,test,573,,1526
1527,Fish_fry/Fish_fry_005.jpg,33,Fish_fry,val,241,,1527
1528,Fish_fry/Fish_fry_006.jpg,33,Fish_fry,train,2209,,1528
1529,Fish_fry/Fish_fry_007.jpg,33,Fish_fry,test,643,,1529
1530,Fish_fry/Fish_fry_008.jpg,33,Fish_fry,train,596,,1530
1531,Fish_fry/Fish_fry_009.jpg,33,Fish_fry,train,2103,,1531
1532,Fish_fry/Fish_fry_010.jpg,33,Fish_fry,val,508,,1532
1533,Fish_fry/Fish_fry_011.jpg,33,Fish_fry,train,556,,1533
1534,Fish_fry/Fish_fry_012.jpg,33,Fish_fry,excluded,-1,exact duplicate (same class),1534
1535,Fish_fry/Fish_fry_013.jpg,33,Fish_fry,train,1596,,1535
1536,Fish_fry/Fish_fry_014.jpg,33,Fish_fry,train,95,,1536
1537,Fish_fry/Fish_fry_015.jpg,33,Fish_fry,train,289,,1537
1538,Fish_fry/Fish_fry_016.jpg,33,Fish_fry,train,2867,,1538
1539,Fish_fry/Fish_fry_017.jpg,33,Fish_fry,train,2780,,1539
1540,Fish_fry/Fish_fry_018.jpg,33,Fish_fry,train,281,,1540
1541,Fish_fry/Fish_fry_019.jpg,33,Fish_fry,train,669,,1541
1542,Fish_fry/Fish_fry_020.jpg,33,Fish_fry,train,1117,,1542
1543,Fish_fry/Fish_fry_021.jpg,33,Fish_fry,train,911,,1543
1544,Fish_fry/Fish_fry_022.jpg,33,Fish_fry,train,2323,,1544
1545,Fish_fry/Fish_fry_023.jpg,33,Fish_fry,val,428,,1545
1546,Fish_fry/Fish_fry_024.jpg,33,Fish_fry,train,463,,1546
1547,Fish_fry/Fish_fry_025.jpg,33,Fish_fry,train,1166,,1547
1548,Fish_fry/Fish_fry_026.jpg,33,Fish_fry,val,344,,1548
1549,Fish_fry/Fish_fry_027.jpg,33,Fish_fry,test,159,,1549
1550,Fish_fry/Fish_fry_028.jpg,33,Fish_fry,val,264,,1550
1551,Fish_fry/Fish_fry_029.jpg,33,Fish_fry,train,827,,1551
1552,Fish_fry/Fish_fry_030.jpg,33,Fish_fry,train,656,,1552
1553,Fish_fry/Fish_fry_031.jpg,33,Fish_fry,train,2722,,1553
1554,Fish_fry/Fish_fry_032.jpg,33,Fish_fry,test,268,,1554
1555,Fish_fry/Fish_fry_033.jpg,33,Fish_fry,train,1856,,1555
1556,Fish_fry/Fish_fry_034.jpg,33,Fish_fry,train,2096,,1556
1557,Fried_rice/Fried_rice_001.jpg,34,Fried_rice,train,1988,,1557
1558,Fried_rice/Fried_rice_002.jpg,34,Fried_rice,train,724,,1558
1559,Fried_rice/Fried_rice_003.jpg,34,Fried_rice,train,2312,,1559
1560,Fried_rice/Fried_rice_004.jpg,34,Fried_rice,train,1681,,1560
1561,Fried_rice/Fried_rice_005.jpg,34,Fried_rice,train,640,,1561
1562,Fried_rice/Fried_rice_006.jpg,34,Fried_rice,train,2713,,1562
1563,Fried_rice/Fried_rice_007.jpg,34,Fried_rice,train,2615,,1563
1564,Fried_rice/Fried_rice_008.jpg,34,Fried_rice,train,765,,1564
1565,Fried_rice/Fried_rice_009.jpg,34,Fried_rice,train,2525,,1565
1566,Fried_rice/Fried_rice_010.jpg,34,Fried_rice,train,2897,,1566
1567,Fried_rice/Fried_rice_011.jpg,34,Fried_rice,val,70,,1567
1568,Fried_rice/Fried_rice_012.jpg,34,Fried_rice,train,2869,,1568
1569,Fried_rice/Fried_rice_013.jpg,34,Fried_rice,train,1945,,1569
1570,Fried_rice/Fried_rice_014.jpg,34,Fried_rice,train,864,,1570
1571,Fried_rice/Fried_rice_015.jpg,34,Fried_rice,train,2603,,1571
1572,Fried_rice/Fried_rice_016.jpg,34,Fried_rice,val,651,,1572
1573,Fried_rice/Fried_rice_017.jpg,34,Fried_rice,train,2382,,1573
1574,Fried_rice/Fried_rice_018.jpg,34,Fried_rice,val,128,,1574
1575,Fried_rice/Fried_rice_019.jpg,34,Fried_rice,train,2212,,1575
1576,Fried_rice/Fried_rice_020.jpg,34,Fried_rice,train,2875,,1576
1577,Fried_rice/Fried_rice_021.jpg,34,Fried_rice,train,2815,,1577
1578,Fried_rice/Fried_rice_022.jpg,34,Fried_rice,test,661,,1578
1579,Fried_rice/Fried_rice_023.jpg,34,Fried_rice,train,586,,1579
1580,Fried_rice/Fried_rice_024.jpg,34,Fried_rice,val,202,,1580
1581,Fried_rice/Fried_rice_025.jpg,34,Fried_rice,train,48,,1581
1582,Fried_rice/Fried_rice_026.jpg,34,Fried_rice,test,525,,1582
1583,Fried_rice/Fried_rice_027.jpg,34,Fried_rice,test,132,,1583
1584,Fried_rice/Fried_rice_028.jpg,34,Fried_rice,val,2,,1584
1585,Fried_rice/Fried_rice_029.jpg,34,Fried_rice,train,2807,,1585
1586,Fried_rice/Fried_rice_030.jpg,34,Fried_rice,val,609,,1586
1587,Fried_rice/Fried_rice_031.jpg,34,Fried_rice,test,529,,1587
1588,Fried_rice/Fried_rice_032.jpg,34,Fried_rice,train,1722,,1588
1589,Fried_rice/Fried_rice_033.jpg,34,Fried_rice,test,263,,1587
1590,Fried_rice/Fried_rice_034.jpg,34,Fried_rice,train,1440,,1590
1591,Fried_rice/Fried_rice_035.jpg,34,Fried_rice,train,17,,1591
1592,Fried_rice/Fried_rice_036.jpg,34,Fried_rice,train,1427,,1592
1593,Fried_rice/Fried_rice_037.jpg,34,Fried_rice,test,86,,1593
1594,Fried_rice/Fried_rice_038.jpg,34,Fried_rice,train,762,,1594
1595,Fried_rice/Fried_rice_039.jpg,34,Fried_rice,train,314,,1595
1596,Fried_rice/Fried_rice_040.jpg,34,Fried_rice,train,2509,,1596
1597,Fried_rice/Fried_rice_041.jpg,34,Fried_rice,train,227,,1597
1598,Fried_rice/Fried_rice_042.jpg,34,Fried_rice,train,698,,1598
1599,Gajar_Halwa/Gajar_Halwa_001.jpg,35,Gajar_Halwa,train,1896,,1599
1600,Gajar_Halwa/Gajar_Halwa_002.jpg,35,Gajar_Halwa,train,2518,,1600
1601,Gajar_Halwa/Gajar_Halwa_003.jpg,35,Gajar_Halwa,val,331,,1601
1602,Gajar_Halwa/Gajar_Halwa_004.jpg,35,Gajar_Halwa,train,144,,1602
1603,Gajar_Halwa/Gajar_Halwa_005.jpg,35,Gajar_Halwa,train,714,,1603
1604,Gajar_Halwa/Gajar_Halwa_006.jpg,35,Gajar_Halwa,train,1350,,1604
1605,Gajar_Halwa/Gajar_Halwa_007.jpg,35,Gajar_Halwa,train,845,,1605
1606,Gajar_Halwa/Gajar_Halwa_008.jpg,35,Gajar_Halwa,train,2776,,1606
1607,Gajar_Halwa/Gajar_Halwa_009.jpg,35,Gajar_Halwa,train,1905,,1607
1608,Gajar_Halwa/Gajar_Halwa_010.jpg,35,Gajar_Halwa,test,577,,1608
1609,Gajar_Halwa/Gajar_Halwa_011.jpg,35,Gajar_Halwa,train,1115,,1609
1610,Gajar_Halwa/Gajar_Halwa_012.jpg,35,Gajar_Halwa,val,438,,1610
1611,Gajar_Halwa/Gajar_Halwa_013.jpg,35,Gajar_Halwa,test,381,,1611
1612,Gajar_Halwa/Gajar_Halwa_014.jpg,35,Gajar_Halwa,train,2551,,1612
1613,Gajar_Halwa/Gajar_Halwa_015.jpg,35,Gajar_Halwa,train,1428,,1613
1614,Gajar_Halwa/Gajar_Halwa_016.jpg,35,Gajar_Halwa,val,659,,1614
1615,Gajar_Halwa/Gajar_Halwa_017.jpg,35,Gajar_Halwa,train,2730,,1615
1616,Gajar_Halwa/Gajar_Halwa_018.jpg,35,Gajar_Halwa,val,131,,1616
1617,Gajar_Halwa/Gajar_Halwa_019.jpg,35,Gajar_Halwa,train,38,,1617
1618,Gajar_Halwa/Gajar_Halwa_020.jpg,35,Gajar_Halwa,val,316,,1618
1619,Gajar_Halwa/Gajar_Halwa_021.jpg,35,Gajar_Halwa,test,615,,1619
1620,Gajar_Halwa/Gajar_Halwa_022.jpg,35,Gajar_Halwa,train,3001,,1620
1621,Gajar_Halwa/Gajar_Halwa_023.jpg,35,Gajar_Halwa,train,2845,,1621
1622,Gajar_Halwa/Gajar_Halwa_024.jpg,35,Gajar_Halwa,train,2860,,1622
1623,Gajar_Halwa/Gajar_Halwa_025.jpg,35,Gajar_Halwa,train,2891,,1623
1624,Gajar_Halwa/Gajar_Halwa_026.jpg,35,Gajar_Halwa,test,325,,1624
1625,Gajar_Halwa/Gajar_Halwa_027.jpg,35,Gajar_Halwa,train,12,,1625
1626,Gajar_Halwa/Gajar_Halwa_028.jpg,35,Gajar_Halwa,excluded,-1,exact duplicate (same class),1626
1627,Gajar_Halwa/Gajar_Halwa_029.jpg,35,Gajar_Halwa,test,597,,1627
1628,Gajar_Halwa/Gajar_Halwa_030.jpg,35,Gajar_Halwa,test,202,,1627
1629,Gajar_Halwa/Gajar_Halwa_031.jpg,35,Gajar_Halwa,train,645,,1629
1630,Gajar_Halwa/Gajar_Halwa_032.jpg,35,Gajar_Halwa,train,2694,,1630
1631,Gajar_Halwa/Gajar_Halwa_033.jpg,35,Gajar_Halwa,val,540,,1631
1632,Gajar_Halwa/Gajar_Halwa_034.jpg,35,Gajar_Halwa,excluded,-1,exact duplicate (same class),1632
1633,Gajar_Halwa/Gajar_Halwa_035.jpg,35,Gajar_Halwa,train,2773,,1633
1634,Gajar_Halwa/Gajar_Halwa_036.jpg,35,Gajar_Halwa,excluded,-1,exact duplicate (same class),1634
1635,Gajar_Halwa/Gajar_Halwa_037.jpg,35,Gajar_Halwa,train,3077,,1635
1636,Gajar_Halwa/Gajar_Halwa_038.jpg,35,Gajar_Halwa,excluded,-1,exact duplicate (same class),1636
1637,Gajar_Halwa/Gajar_Halwa_039.jpg,35,Gajar_Halwa,train,2062,,1637
1638,Gajar_Halwa/Gajar_Halwa_040.jpg,35,Gajar_Halwa,excluded,-1,exact duplicate (same class),1638
1639,Gajar_Halwa/Gajar_Halwa_041.jpg,35,Gajar_Halwa,train,1524,,1639
1640,Gajar_Halwa/Gajar_Halwa_042.jpg,35,Gajar_Halwa,excluded,-1,exact duplicate (same class),1640
1641,Gajar_Halwa/Gajar_Halwa_043.jpg,35,Gajar_Halwa,train,51,,1641
1642,Gajar_Halwa/Gajar_Halwa_044.jpg,35,Gajar_Halwa,train,2546,,1642
1643,Gajar_Halwa/Gajar_Halwa_045.jpg,35,Gajar_Halwa,val,383,,1643
1644,Gajar_Halwa/Gajar_Halwa_046.jpg,35,Gajar_Halwa,train,1623,,1644
1645,Gajar_Halwa/Gajar_Halwa_047.jpg,35,Gajar_Halwa,test,366,,1645
1646,Gajar_Halwa/Gajar_Halwa_048.jpg,35,Gajar_Halwa,train,2085,,1646
1647,Gajar_Halwa/Gajar_Halwa_049.jpg,35,Gajar_Halwa,train,1718,,1647
1648,Gajar_Halwa/Gajar_Halwa_050.jpg,35,Gajar_Halwa,train,2937,,1648
1649,Ghevar/Ghevar_001.jpg,36,Ghevar,train,608,,1649
1650,Ghevar/Ghevar_002.jpg,36,Ghevar,val,169,,1650
1651,Ghevar/Ghevar_003.jpg,36,Ghevar,train,2465,,1651
1652,Ghevar/Ghevar_004.jpg,36,Ghevar,test,7,,1652
1653,Ghevar/Ghevar_005.jpg,36,Ghevar,train,667,,1653
1654,Ghevar/Ghevar_006.jpg,36,Ghevar,train,2673,,1654
1655,Ghevar/Ghevar_007.jpg,36,Ghevar,val,374,,1655
1656,Ghevar/Ghevar_008.jpg,36,Ghevar,train,647,,1656
1657,Ghevar/Ghevar_009.jpg,36,Ghevar,train,1474,,1657
1658,Ghevar/Ghevar_010.jpg,36,Ghevar,train,482,,1658
1659,Ghevar/Ghevar_011.jpg,36,Ghevar,train,2657,,1659
1660,Ghevar/Ghevar_012.jpg,36,Ghevar,train,2247,,1660
1661,Ghevar/Ghevar_013.jpg,36,Ghevar,train,1679,,1661
1662,Ghevar/Ghevar_014.jpg,36,Ghevar,test,376,,1662
1663,Ghevar/Ghevar_015.jpg,36,Ghevar,train,1536,,1663
1664,Ghevar/Ghevar_016.jpg,36,Ghevar,train,1274,,1664
1665,Ghevar/Ghevar_017.jpg,36,Ghevar,val,87,,1665
1666,Ghevar/Ghevar_018.jpg,36,Ghevar,train,1232,,1666
1667,Ghevar/Ghevar_019.jpg,36,Ghevar,train,697,,1667
1668,Ghevar/Ghevar_020.jpg,36,Ghevar,train,458,,1668
1669,Ghevar/Ghevar_021.jpg,36,Ghevar,train,2080,,1669
1670,Ghevar/Ghevar_022.jpg,36,Ghevar,train,2763,,1670
1671,Ghevar/Ghevar_023.jpg,36,Ghevar,val,345,,1671
1672,Ghevar/Ghevar_024.jpg,36,Ghevar,val,82,,1672
1673,Ghevar/Ghevar_025.jpg,36,Ghevar,val,284,,1673
1674,Ghevar/Ghevar_026.jpg,36,Ghevar,train,1635,,1674
1675,Ghevar/Ghevar_027.jpg,36,Ghevar,test,308,,1675
1676,Ghevar/Ghevar_028.jpg,36,Ghevar,train,1569,,1676
1677,Ghevar/Ghevar_029.jpg,36,Ghevar,train,511,,1677
1678,Ghevar/Ghevar_030.jpg,36,Ghevar,train,2449,,1678
1679,Ghevar/Ghevar_031.jpg,36,Ghevar,test,37,,1679
1680,Ghevar/Ghevar_032.jpg,36,Ghevar,train,2043,,1680
1681,Ghevar/Ghevar_033.jpg,36,Ghevar,test,458,,1681
1682,Ghevar/Ghevar_034.jpg,36,Ghevar,train,257,,1682
1683,Ghevar/Ghevar_035.jpg,36,Ghevar,train,1291,,1683
1684,Ghevar/Ghevar_036.jpg,36,Ghevar,test,368,,1684
1685,Ghevar/Ghevar_037.jpg,36,Ghevar,train,1823,,1685
1686,Gulab_jamun/Gulab_jamun_001.jpg,37,Gulab_jamun,train,1251,,1686
1687,Gulab_jamun/Gulab_jamun_002.jpg,37,Gulab_jamun,train,2243,,1687
1688,Gulab_jamun/Gulab_jamun_003.jpg,37,Gulab_jamun,train,1131,,1688
1689,Gulab_jamun/Gulab_jamun_004.jpg,37,Gulab_jamun,train,346,,1689
1690,Gulab_jamun/Gulab_jamun_005.jpg,37,Gulab_jamun,train,2137,,1690
1691,Gulab_jamun/Gulab_jamun_006.jpg,37,Gulab_jamun,train,2116,,1691
1692,Gulab_jamun/Gulab_jamun_007.jpg,37,Gulab_jamun,train,20,,1692
1693,Gulab_jamun/Gulab_jamun_008.jpg,37,Gulab_jamun,train,210,,1693
1694,Gulab_jamun/Gulab_jamun_009.jpg,37,Gulab_jamun,val,95,,1694
1695,Gulab_jamun/Gulab_jamun_010.jpg,37,Gulab_jamun,test,415,,1695
1696,Gulab_jamun/Gulab_jamun_011.jpg,37,Gulab_jamun,train,2771,,1696
1697,Gulab_jamun/Gulab_jamun_012.jpg,37,Gulab_jamun,train,746,,1697
1698,Gulab_jamun/Gulab_jamun_013.jpg,37,Gulab_jamun,train,1019,,1698
1699,Gulab_jamun/Gulab_jamun_014.jpg,37,Gulab_jamun,val,549,,1699
1700,Gulab_jamun/Gulab_jamun_015.jpg,37,Gulab_jamun,train,1560,,1700
1701,Gulab_jamun/Gulab_jamun_016.jpg,37,Gulab_jamun,train,1226,,1701
1702,Gulab_jamun/Gulab_jamun_017.jpg,37,Gulab_jamun,train,1875,,1702
1703,Gulab_jamun/Gulab_jamun_018.jpg,37,Gulab_jamun,train,2689,,1703
1704,Gulab_jamun/Gulab_jamun_019.jpg,37,Gulab_jamun,val,572,,1704
1705,Gulab_jamun/Gulab_jamun_020.jpg,37,Gulab_jamun,test,580,,1705
1706,Gulab_jamun/Gulab_jamun_021.jpg,37,Gulab_jamun,train,1606,,1706
1707,Gulab_jamun/Gulab_jamun_022.jpg,37,Gulab_jamun,train,987,,1707
1708,Gulab_jamun/Gulab_jamun_023.jpg,37,Gulab_jamun,train,2728,,1708
1709,Gulab_jamun/Gulab_jamun_024.jpg,37,Gulab_jamun,test,459,,1709
1710,Gulab_jamun/Gulab_jamun_025.jpg,37,Gulab_jamun,train,2941,,1710
1711,Gulab_jamun/Gulab_jamun_026.jpg,37,Gulab_jamun,test,360,,1723
1712,Gulab_jamun/Gulab_jamun_027.jpg,37,Gulab_jamun,val,130,,1712
1713,Gulab_jamun/Gulab_jamun_028.jpg,37,Gulab_jamun,val,72,,1712
1714,Gulab_jamun/Gulab_jamun_029.jpg,37,Gulab_jamun,train,1966,,1714
1715,Gulab_jamun/Gulab_jamun_030.jpg,37,Gulab_jamun,train,2395,,1714
1716,Gulab_jamun/Gulab_jamun_031.jpg,37,Gulab_jamun,test,20,,1723
1717,Gulab_jamun/Gulab_jamun_032.jpg,37,Gulab_jamun,val,27,,1717
1718,Gulab_jamun/Gulab_jamun_033.jpg,37,Gulab_jamun,train,1882,,1718
1719,Gulab_jamun/Gulab_jamun_034.jpg,37,Gulab_jamun,train,2016,,1718
1720,Gulab_jamun/Gulab_jamun_035.jpg,37,Gulab_jamun,train,2029,,1720
1721,Gulab_jamun/Gulab_jamun_036.jpg,37,Gulab_jamun,val,101,,1721
1722,Gulab_jamun/Gulab_jamun_037.jpg,37,Gulab_jamun,train,2744,,1722
1723,Gulab_jamun/Gulab_jamun_038.jpg,37,Gulab_jamun,test,655,,1723
1724,Gulab_jamun/Gulab_jamun_039.jpg,37,Gulab_jamun,test,181,,1723
1725,Gulab_jamun/Gulab_jamun_040.jpg,37,Gulab_jamun,train,561,,1725
1726,Gulab_jamun/Gulab_jamun_041.jpg,37,Gulab_jamun,train,2092,,1726
1727,Gulab_jamun/Gulab_jamun_042.jpg,37,Gulab_jamun,train,2431,,1726
1728,Gulab_jamun/Gulab_jamun_043.jpg,37,Gulab_jamun,train,2811,,1728
1729,Gulab_jamun/Gulab_jamun_044.jpg,37,Gulab_jamun,train,757,,1729
1730,Gulab_jamun/Gulab_jamun_045.jpg,37,Gulab_jamun,train,1191,,1730
1731,Gulab_jamun/Gulab_jamun_046.jpg,37,Gulab_jamun,train,2819,,1731
1732,Gulab_jamun/Gulab_jamun_047.jpg,37,Gulab_jamun,train,1812,,1732
1733,Gulab_jamun/Gulab_jamun_048.jpg,37,Gulab_jamun,test,465,,1733
1734,Gulab_jamun/Gulab_jamun_049.jpg,37,Gulab_jamun,train,1910,,1734
1735,Gulab_jamun/Gulab_jamun_050.jpg,37,Gulab_jamun,train,2717,,1735
1736,Gulab_jamun/Gulab_jamun_051.jpg,37,Gulab_jamun,val,0,,1736
1737,Gulab_jamun/Gulab_jamun_052.jpg,37,Gulab_jamun,train,398,,1737
1738,Gulab_jamun/Gulab_jamun_053.jpg,37,Gulab_jamun,train,2622,,1738
1739,Idli/Idli_001.jpg,38,Idli,test,601,,1739
1740,Idli/Idli_002.jpg,38,Idli,train,454,,1740
1741,Idli/Idli_003.jpg,38,Idli,train,1032,,1741
1742,Idli/Idli_004.jpg,38,Idli,train,3053,,1742
1743,Idli/Idli_005.jpg,38,Idli,val,319,,1743
1744,Idli/Idli_006.jpg,38,Idli,train,373,,1744
1745,Idli/Idli_007.jpg,38,Idli,train,1267,,1745
1746,Idli/Idli_008.jpg,38,Idli,train,2240,,1746
1747,Idli/Idli_009.jpg,38,Idli,train,869,,1747
1748,Idli/Idli_011.jpg,38,Idli,val,110,,1748
1749,Idli/Idli_012.jpg,38,Idli,train,1097,,1749
1750,Idli/Idli_013.jpg,38,Idli,train,156,,1750
1751,Idli/Idli_014.jpg,38,Idli,test,31,,1739
1752,Idli/Idli_015.jpg,38,Idli,train,3042,,1752
1753,Idli/Idli_016.jpg,38,Idli,val,12,,1753
1754,Idli/Idli_017.jpg,38,Idli,train,1971,,1754
1755,Idli/Idli_018.jpg,38,Idli,train,2559,,1755
1756,Idli/Idli_019.jpg,38,Idli,val,586,,1756
1757,Idli/Idli_020.jpg,38,Idli,val,187,,1757
1758,Idli/Idli_021.jpg,38,Idli,train,1090,,1758
1759,Idli/Idli_022.jpg,38,Idli,train,3095,,1759
1760,Idli/Idli_023.jpg,38,Idli,val,54,,1757
1761,Idli/Idli_024.jpg,38,Idli,train,1432,,1761
1762,Idli/Idli_025.jpg,38,Idli,train,2004,,1762
1763,Idli/Idli_026.jpg,38,Idli,test,187,,1763
1764,Idli/Idli_027.jpg,38,Idli,train,184,,1764
1765,Idli/Idli_028.jpg,38,Idli,val,370,,1765
1766,Idli/Idli_029.jpg,38,Idli,test,135,,1766
1767,Idli/Idli_030(1).jpg,38,Idli,train,1422,,1769
1768,Idli/Idli_030.jpg,38,Idli,train,914,,1768
1769,Idli/Idli_031.jpg,38,Idli,train,344,,1769
1770,Idli/Idli_032.jpg,38,Idli,train,554,,1769
1771,Idli/Idli_033.jpg,38,Idli,test,653,,1771
1772,Idli/Idli_034.jpg,38,Idli,train,479,,1769
1773,Idli/Idli_035.jpg,38,Idli,train,1424,,1769
1774,Idli/Idli_036.jpg,38,Idli,train,1566,,1769
1775,Idli/Idli_037.jpg,38,Idli,train,1633,,1775
1776,Idli/Idli_038.jpg,38,Idli,train,2162,,1769
1777,Idli/Idli_039.jpg,38,Idli,test,433,,1777
1778,Idli/Idli_040.jpg,38,Idli,test,505,,1777
1779,Idli/Idli_041.jpg,38,Idli,train,3062,,1779
1780,Idli/Idli_042.jpg,38,Idli,train,435,,1780
1781,Idli/Idli_043.jpg,38,Idli,train,1632,,1781
1782,Idli/Idli_044.jpg,38,Idli,train,1462,,1769
1783,Idli/Idli_045.jpg,38,Idli,train,2073,,1769
1784,Idli/Idli_046.jpg,38,Idli,train,2550,,1769
1785,Idli/Idli_047.jpg,38,Idli,train,675,,1769
1786,Jalebi/Jalebi_001.jpg,39,Jalebi,train,960,,1786
1787,Jalebi/Jalebi_002.jpg,39,Jalebi,train,2187,,1787
1788,Jalebi/Jalebi_003.jpg,39,Jalebi,train,990,,1788
1789,Jalebi/Jalebi_004.jpg,39,Jalebi,train,2329,,1789
1790,Jalebi/Jalebi_005.jpg,39,Jalebi,train,2171,,1790
1791,Jalebi/Jalebi_006.jpg,39,Jalebi,val,157,,1791
1792,Jalebi/Jalebi_007.jpg,39,Jalebi,train,2255,,1792
1793,Jalebi/Jalebi_008.jpg,39,Jalebi,val,267,,1793
1794,Jalebi/Jalebi_009.jpg,39,Jalebi,train,2984,,1794
1795,Jalebi/Jalebi_010.jpg,39,Jalebi,train,2962,,1795
1796,Jalebi/Jalebi_011.jpg,39,Jalebi,test,361,,1796
1797,Jalebi/Jalebi_012.jpg,39,Jalebi,train,2884,,1797
1798,Jalebi/Jalebi_013.jpg,39,Jalebi,train,2254,,1798
1799,Jalebi/Jalebi_014.jpg,39,Jalebi,train,2750,,1799
1800,Jalebi/Jalebi_015.jpg,39,Jalebi,test,593,,1800
1801,Jalebi/Jalebi_016.jpg,39,Jalebi,val,150,,1801
1802,Jalebi/Jalebi_017.jpg,39,Jalebi,test,188,,1802
1803,Jalebi/Jalebi_018.jpg,39,Jalebi,train,891,,1803
1804,Jalebi/Jalebi_019.jpg,39,Jalebi,train,897,,1804
1805,Jalebi/Jalebi_020.jpg,39,Jalebi,test,286,,1805
1806,Jalebi/Jalebi_021.jpg,39,Jalebi,train,969,,1806
1807,Jalebi/Jalebi_022.jpg,39,Jalebi,train,319,,1807
1808,Jalebi/Jalebi_023.jpg,39,Jalebi,train,1860,,1808
1809,Jalebi/Jalebi_024.jpg,39,Jalebi,train,49,,1809
1810,Jalebi/Jalebi_025.jpg,39,Jalebi,train,1807,,1810
1811,Jalebi/Jalebi_026.jpg,39,Jalebi,train,874,,1811
1812,Jalebi/Jalebi_027.jpg,39,Jalebi,test,508,,1812
1813,Jalebi/Jalebi_028.jpg,39,Jalebi,train,2575,,1813
1814,Jalebi/Jalebi_029.jpg,39,Jalebi,train,1619,,1814
1815,Jalebi/Jalebi_030.jpg,39,Jalebi,train,2790,,1815
1816,Jalebi/Jalebi_031.jpg,39,Jalebi,train,1354,,1816
1817,Jalebi/Jalebi_032.jpg,39,Jalebi,train,1202,,1817
1818,Jalebi/Jalebi_033.jpg,39,Jalebi,val,353,,1818
1819,Jalebi/Jalebi_034.jpg,39,Jalebi,test,582,,1819
1820,Jalebi/Jalebi_035.jpg,39,Jalebi,train,2490,,1820
1821,Jalebi/Jalebi_036.jpg,39,Jalebi,val,548,,1821
1822,Jalebi/Jalebi_037.jpg,39,Jalebi,train,54,,1822
1823,Jalebi/Jalebi_038.jpg,39,Jalebi,test,69,,1823
1824,Jalebi/Jalebi_039.jpg,39,Jalebi,train,198,,1824
1825,Jalebi/Jalebi_040.jpg,39,Jalebi,val,600,,1825
1826,Jalebi/Jalebi_041.jpg,39,Jalebi,train,822,,1826
1827,Jalebi/Jalebi_042.jpg,39,Jalebi,train,5,,1827
1828,Jalebi/Jalebi_043.jpg,39,Jalebi,train,2251,,1828
1829,Jalebi/Jalebi_044.jpg,39,Jalebi,train,111,,1829
1830,Jalebi/Jalebi_045.jpg,39,Jalebi,test,500,,1830
1831,Jalebi/Jalebi_046.jpg,39,Jalebi,train,2931,,1831
1832,Jalebi/Jalebi_047.jpg,39,Jalebi,train,69,,1832
1833,Jalebi/Jalebi_048.jpg,39,Jalebi,train,2532,,1833
1834,Jalebi/Jalebi_049.jpg,39,Jalebi,train,167,,1834
1835,Jalebi/Jalebi_050.jpg,39,Jalebi,train,2065,,1835
1836,Jalebi/Jalebi_051.jpg,39,Jalebi,train,2231,,1836
1837,Jalebi/Jalebi_052.jpg,39,Jalebi,train,2874,,1837
1838,Jalebi/Jalebi_053.jpg,39,Jalebi,val,68,,1838
1839,Jalebi/Jalebi_054.jpg,39,Jalebi,train,106,,1839
1840,Jalebi/Jalebi_055.jpg,39,Jalebi,train,1884,,1840
1841,Jalebi/Jalebi_056.jpg,39,Jalebi,train,1449,,1841
1842,Jalebi/Jalebi_057.jpg,39,Jalebi,train,3079,,1842
1843,Jalebi/Jalebi_058.jpg,39,Jalebi,val,39,,1843
1844,Jalebi/Jalebi_059.jpg,39,Jalebi,train,1175,,1844
1845,Jalebi/Jalebi_060.jpg,39,Jalebi,val,200,,1845
1846,Jalebi/Jalebi_061.jpg,39,Jalebi,train,307,,1846
1847,Jalebi/Jalebi_062.jpg,39,Jalebi,train,1942,,1847
1848,Jalebi/Jalebi_063.jpg,39,Jalebi,train,2742,,1848
1849,Jalebi/Jalebi_064.jpg,39,Jalebi,val,375,,1849
1850,Jalebi/Jalebi_065.jpg,39,Jalebi,test,496,,1850
1851,Jalebi/Jalebi_066.jpg,39,Jalebi,excluded,-1,exact duplicate under different classes,1851
1852,Jalebi/Jalebi_067.jpg,39,Jalebi,test,453,,1852
1853,Jalebi/Jalebi_068.jpg,39,Jalebi,excluded,-1,exact duplicate under different classes,1853
1854,Jamun_shrikhand/Jamun_shrikhand_001.jpg,40,Jamun_shrikhand,val,21,,1854
1855,Jamun_shrikhand/Jamun_shrikhand_002.jpg,40,Jamun_shrikhand,train,1593,,1855
1856,Jamun_shrikhand/Jamun_shrikhand_003.jpg,40,Jamun_shrikhand,val,168,,1854
1857,Jamun_shrikhand/Jamun_shrikhand_004.jpg,40,Jamun_shrikhand,train,486,,1857
1858,Jamun_shrikhand/Jamun_shrikhand_005.jpg,40,Jamun_shrikhand,train,2531,,1858
1859,Jamun_shrikhand/Jamun_shrikhand_006.jpg,40,Jamun_shrikhand,train,604,,1859
1860,Jamun_shrikhand/Jamun_shrikhand_007.jpg,40,Jamun_shrikhand,train,39,,1860
1861,Jamun_shrikhand/Jamun_shrikhand_008.jpg,40,Jamun_shrikhand,train,1383,,1861
1862,Jamun_shrikhand/Jamun_shrikhand_009.jpg,40,Jamun_shrikhand,val,451,,1862
1863,Jamun_shrikhand/Jamun_shrikhand_010.jpg,40,Jamun_shrikhand,train,571,,1863
1864,Jamun_shrikhand/Jamun_shrikhand_011.jpg,40,Jamun_shrikhand,val,37,,1864
1865,Jamun_shrikhand/Jamun_shrikhand_012.jpg,40,Jamun_shrikhand,test,499,,1865
1866,Jamun_shrikhand/Jamun_shrikhand_013.jpg,40,Jamun_shrikhand,test,65,,1865
1867,Jamun_shrikhand/Jamun_shrikhand_014.jpg,40,Jamun_shrikhand,train,1736,,1867
1868,Jamun_shrikhand/Jamun_shrikhand_015.jpg,40,Jamun_shrikhand,train,101,,1868
1869,Jamun_shrikhand/Jamun_shrikhand_016.jpg,40,Jamun_shrikhand,train,1135,,1869
1870,Jamun_shrikhand/Jamun_shrikhand_017.jpg,40,Jamun_shrikhand,test,236,,1870
1871,Jamun_shrikhand/Jamun_shrikhand_018.jpg,40,Jamun_shrikhand,test,538,,1865
1872,Jamun_shrikhand/Jamun_shrikhand_019.jpg,40,Jamun_shrikhand,train,2568,,1872
1873,Jamun_shrikhand/Jamun_shrikhand_020.jpg,40,Jamun_shrikhand,train,737,,1873
1874,Jamun_shrikhand/Jamun_shrikhand_021.jpg,40,Jamun_shrikhand,train,2381,,1874
1875,Jamun_shrikhand/Jamun_shrikhand_022.jpg,40,Jamun_shrikhand,train,376,,1875
1876,Jamun_shrikhand/Jamun_shrikhand_023.jpg,40,Jamun_shrikhand,train,336,,1876
1877,Jamun_shrikhand/Jamun_shrikhand_024.jpg,40,Jamun_shrikhand,train,470,,1877
1878,Jamun_shrikhand/Jamun_shrikhand_025.jpg,40,Jamun_shrikhand,train,1023,,1878
1879,Jamun_shrikhand/Jamun_shrikhand_026.jpg,40,Jamun_shrikhand,train,1184,,1879
1880,Jamun_shrikhand/Jamun_shrikhand_027.jpg,40,Jamun_shrikhand,train,1393,,1880
1881,Khandvi/Khandvi_001.jpg,41,Khandvi,train,1265,,1881
1882,Khandvi/Khandvi_002.jpg,41,Khandvi,test,287,,1882
1883,Khandvi/Khandvi_003.jpg,41,Khandvi,val,630,,1883
1884,Khandvi/Khandvi_004.jpg,41,Khandvi,test,477,,1884
1885,Khandvi/Khandvi_005.jpg,41,Khandvi,test,120,,1885
1886,Khandvi/Khandvi_006.jpg,41,Khandvi,train,220,,1886
1887,Khandvi/Khandvi_007.jpg,41,Khandvi,train,450,,1887
1888,Khandvi/Khandvi_008.jpg,41,Khandvi,val,293,,1888
1889,Khandvi/Khandvi_009.jpg,41,Khandvi,train,1309,,1889
1890,Khandvi/Khandvi_010.jpg,41,Khandvi,train,2290,,1890
1891,Khandvi/Khandvi_011.jpg,41,Khandvi,test,272,,1891
1892,Khandvi/Khandvi_012.jpg,41,Khandvi,train,885,,1892
1893,Khandvi/Khandvi_013.jpg,41,Khandvi,train,2181,,1893
1894,Khandvi/Khandvi_014.jpg,41,Khandvi,train,2670,,1894
1895,Khandvi/Khandvi_015.jpg,41,Khandvi,train,857,,1895
1896,Khandvi/Khandvi_016.jpg,41,Khandvi,train,1879,,1896
1897,Khandvi/Khandvi_017.jpg,41,Khandvi,train,582,,1897
1898,Khandvi/Khandvi_018.jpg,41,Khandvi,val,421,,1898
1899,Khandvi/Khandvi_019.jpg,41,Khandvi,train,1470,,1899
1900,Khandvi/Khandvi_020.jpg,41,Khandvi,train,120,,1900
1901,Khandvi/Khandvi_021.jpg,41,Khandvi,train,1039,,1901
1902,Khandvi/Khandvi_022.jpg,41,Khandvi,train,2782,,1902
1903,Khandvi/Khandvi_023.jpg,41,Khandvi,train,1340,,1903
1904,Khandvi/Khandvi_024.jpg,41,Khandvi,train,1473,,1904
1905,Khandvi/Khandvi_025.jpg,41,Khandvi,train,1757,,1905
1906,Khandvi/Khandvi_026.jpg,41,Khandvi,train,1208,,1906
1907,Khandvi/Khandvi_027.jpg,41,Khandvi,val,71,,1907
1908,Khandvi/Khandvi_028.jpg,41,Khandvi,train,1065,,1908
1909,Khandvi/Khandvi_029.jpg,41,Khandvi,test,316,,1909
1910,Khandvi/Khandvi_030.jpg,41,Khandvi,val,366,,1910
1911,Khandvi/Khandvi_031.jpg,41,Khandvi,train,863,,1911
1912,Khandvi/Khandvi_032.jpg,41,Khandvi,train,2706,,1912
1913,Khandvi/Khandvi_033.jpg,41,Khandvi,train,2735,,1913
1914,Khandvi/Khandvi_034.jpg,41,Khandvi,test,321,,1914
1915,Khandvi/Khandvi_035.jpg,41,Khandvi,train,1481,,1915
1916,Khandvi/Khandvi_036.jpg,41,Khandvi,train,295,,1916
1917,Khandvi/Khandvi_037.jpg,41,Khandvi,test,489,,1917
1918,Khandvi/Khandvi_038.jpg,41,Khandvi,train,439,,1918
1919,Khandvi/Khandvi_039.jpg,41,Khandvi,train,1631,,1919
1920,Khandvi/Khandvi_040.jpg,41,Khandvi,train,2179,,1920
1921,Khandvi/Khandvi_041.jpg,41,Khandvi,train,2857,,1921
1922,Khandvi/Khandvi_042.jpg,41,Khandvi,val,575,,1922
1923,Khandvi/Khandvi_043.jpg,41,Khandvi,train,3017,,1923
1924,Khandvi/Khandvi_044.jpg,41,Khandvi,val,445,,1924
1925,Khichadi/Khichadi_001.jpg,42,Khichadi,train,1915,,1925
1926,Khichadi/Khichadi_002.jpg,42,Khichadi,test,503,,1926
1927,Khichadi/Khichadi_003.jpg,42,Khichadi,train,1972,,1927
1928,Khichadi/Khichadi_004.jpg,42,Khichadi,val,310,,1928
1929,Khichadi/Khichadi_005.jpg,42,Khichadi,val,498,,1929
1930,Khichadi/Khichadi_006.jpg,42,Khichadi,excluded,-1,exact duplicate (same class),1930
1931,Khichadi/Khichadi_007.jpg,42,Khichadi,train,372,,1931
1932,Khichadi/Khichadi_008.jpg,42,Khichadi,train,1649,,1932
1933,Khichadi/Khichadi_009.jpg,42,Khichadi,val,93,,1933
1934,Khichadi/Khichadi_010.jpg,42,Khichadi,train,226,,1934
1935,Khichadi/Khichadi_011.jpg,42,Khichadi,train,585,,1935
1936,Khichadi/Khichadi_012.jpg,42,Khichadi,train,719,,1936
1937,Khichadi/Khichadi_013.jpg,42,Khichadi,train,2618,,1937
1938,Khichadi/Khichadi_014.jpg,42,Khichadi,train,1587,,1938
1939,Khichadi/Khichadi_015.jpg,42,Khichadi,train,1914,,1939
1940,Khichadi/Khichadi_016.jpg,42,Khichadi,train,1053,,1940
1941,Khichadi/Khichadi_017.jpg,42,Khichadi,train,1877,,1941
1942,Khichadi/Khichadi_018.jpg,42,Khichadi,train,243,,1942
1943,Khichadi/Khichadi_019.jpg,42,Khichadi,test,215,,1943
1944,Khichadi/Khichadi_020.jpg,42,Khichadi,test,249,,1944
1945,Khichadi/Khichadi_021.jpg,42,Khichadi,train,1331,,1945
1946,Khichadi/Khichadi_022.jpg,42,Khichadi,train,628,,1946
1947,Khichadi/Khichadi_023.jpg,42,Khichadi,val,511,,1947
1948,Khichadi/Khichadi_024.jpg,42,Khichadi,train,2795,,1948
1949,Khichadi/Khichadi_025.jpg,42,Khichadi,train,1308,,1949
1950,Khichadi/Khichadi_026.jpg,42,Khichadi,test,189,,1950
1951,Khichadi/Khichadi_027.jpg,42,Khichadi,train,1570,,1951
1952,Khichadi/Khichadi_028.jpg,42,Khichadi,train,622,,1952
1953,Khichadi/Khichadi_029.jpg,42,Khichadi,train,1047,,1953
1954,Khichadi/Khichadi_030.jpg,42,Khichadi,val,668,,1954
1955,Khichadi/Khichadi_031.jpg,42,Khichadi,val,34,,1955
1956,Khichadi/Khichadi_032.jpg,42,Khichadi,train,57,,1956
1957,Khichadi/Khichadi_033.jpg,42,Khichadi,train,1392,,1957
1958,Khichadi/Khichadi_034.jpg,42,Khichadi,test,399,,1958
1959,Khichadi/Khichadi_035.jpg,42,Khichadi,train,1247,,1959
1960,Khichadi/Khichadi_036.jpg,42,Khichadi,test,628,,1960
1961,Khichadi/Khichadi_037.jpg,42,Khichadi,test,71,,1958
1962,Khichadi/Khichadi_038.jpg,42,Khichadi,train,832,,1962
1963,Khichadi/Khichadi_039.jpg,42,Khichadi,train,128,,1963
1964,Khichadi/Khichadi_040.jpg,42,Khichadi,test,379,,1964
1965,Khichadi/Khichadi_041.jpg,42,Khichadi,train,2064,,1965
1966,Khichadi/Khichadi_042.jpg,42,Khichadi,val,295,,1966
1967,Khichadi/Khichadi_043.jpg,42,Khichadi,val,365,,1966
1968,Khichadi/Khichadi_044.jpg,42,Khichadi,train,1344,,1968
1969,Khichadi/Khichadi_045.jpg,42,Khichadi,train,2605,,1969
1970,Khichadi/Khichadi_046.png,42,Khichadi,train,725,,1970
1971,Khichadi/Khichadi_047.jpg,42,Khichadi,train,2918,,1971
1972,Khichadi/Khichadi_048.jpg,42,Khichadi,train,50,,1972
1973,Khichadi/Khichadi_049.jpg,42,Khichadi,train,974,,1973
1974,Khichadi/Khichadi_050.jpg,42,Khichadi,train,546,,1974
1975,Khichadi/Khichadi_051.jpg,42,Khichadi,train,2411,,1975
1976,Khichadi/Khichadi_052.jpg,42,Khichadi,train,2202,,1976
1977,Khichu/Khichu_001.jpg,43,Khichu,val,161,,1977
1978,Khichu/Khichu_002.jpg,43,Khichu,test,671,,1978
1979,Khichu/Khichu_003.jpg,43,Khichu,test,546,,1979
1980,Khichu/Khichu_004.jpg,43,Khichu,train,3109,,1980
1981,Khichu/Khichu_005.jpg,43,Khichu,train,1100,,1981
1982,Khichu/Khichu_006.jpg,43,Khichu,val,620,,1982
1983,Khichu/Khichu_007.jpg,43,Khichu,val,287,,1983
1984,Khichu/Khichu_008.jpg,43,Khichu,train,2263,,1984
1985,Khichu/Khichu_009.jpg,43,Khichu,train,100,,1985
1986,Khichu/Khichu_010.jpg,43,Khichu,train,2071,,1986
1987,Khichu/Khichu_011.jpg,43,Khichu,train,973,,1987
1988,Khichu/Khichu_012.jpg,43,Khichu,train,1898,,1988
1989,Khichu/Khichu_013.jpg,43,Khichu,train,2751,,1989
1990,Khichu/Khichu_014.jpg,43,Khichu,train,1486,,1990
1991,Khichu/Khichu_015.jpg,43,Khichu,test,214,,1991
1992,Khichu/Khichu_016.jpg,43,Khichu,test,323,,1992
1993,Khichu/Khichu_017.jpg,43,Khichu,train,919,,1993
1994,Khichu/Khichu_018.jpg,43,Khichu,train,1375,,1994
1995,Khichu/Khichu_019.jpg,43,Khichu,train,217,,1995
1996,Khichu/Khichu_020.jpg,43,Khichu,test,665,,1996
1997,Khichu/Khichu_021.jpg,43,Khichu,train,2468,,1997
1998,Khichu/Khichu_022.jpg,43,Khichu,train,143,,1998
1999,Khichu/Khichu_023.jpg,43,Khichu,train,1315,,1999
2000,Khichu/Khichu_024.jpg,43,Khichu,val,228,,2000
2001,Khichu/Khichu_025.jpg,43,Khichu,train,1123,,2001
2002,Khichu/Khichu_026.jpg,43,Khichu,train,879,,2002
2003,Khichu/Khichu_027.jpg,43,Khichu,train,505,,2003
2004,Khichu/Khichu_028.jpg,43,Khichu,train,2472,,2004
2005,Khichu/Khichu_029.jpg,43,Khichu,train,1768,,2005
2006,Khichu/Khichu_030.jpg,43,Khichu,train,2565,,2006
2007,Khichu/Khichu_031.jpg,43,Khichu,train,1839,,2007
2008,Khichu/Khichu_032.jpg,43,Khichu,train,745,,2008
2009,Khichu/Khichu_033.jpg,43,Khichu,val,514,,2009
2010,Khichu/Khichu_034.jpg,43,Khichu,train,2191,,2010
2011,Khichu/Khichu_035.jpg,43,Khichu,train,1749,,2011
2012,Khichu/Khichu_036.jpg,43,Khichu,train,2749,,2012
2013,Khichu/Khichu_037.jpg,43,Khichu,test,519,,2013
2014,Khichu/Khichu_038.jpg,43,Khichu,train,816,,2014
2015,Khichu/Khichu_039.jpg,43,Khichu,train,2718,,2015
2016,Khichu/Khichu_040.jpg,43,Khichu,train,2992,,2016
2017,Khichu/Khichu_041.jpg,43,Khichu,test,22,,2017
2018,Khichu/Khichu_042.jpg,43,Khichu,val,189,,2018
2019,Khichu/Khichu_043.jpg,43,Khichu,train,600,,2019
2020,Khichu/Khichu_044.jpg,43,Khichu,train,2289,,2020
2021,Khichu/Khichu_045.jpg,43,Khichu,train,2740,,2021
2022,Khichu/Khichu_046.jpg,43,Khichu,val,425,,2022
2023,Khichu/Khichu_047.jpg,43,Khichu,train,457,,2023
2024,Kokam_Sharbat/Kokam_Sharbat_001.jpg,44,Kokam_Sharbat,train,1476,,2024
2025,Kokam_Sharbat/Kokam_Sharbat_002.jpg,44,Kokam_Sharbat,train,280,,2025
2026,Kokam_Sharbat/Kokam_Sharbat_003.jpg,44,Kokam_Sharbat,test,369,,2026
2027,Kokam_Sharbat/Kokam_Sharbat_004.jpg,44,Kokam_Sharbat,train,1456,,2027
2028,Kokam_Sharbat/Kokam_Sharbat_005.jpg,44,Kokam_Sharbat,train,1138,,2028
2029,Kokam_Sharbat/Kokam_Sharbat_006.jpg,44,Kokam_Sharbat,train,2450,,2029
2030,Kokam_Sharbat/Kokam_Sharbat_007.jpg,44,Kokam_Sharbat,test,346,,2030
2031,Kokam_Sharbat/Kokam_Sharbat_008.jpg,44,Kokam_Sharbat,train,732,,2031
2032,Kokam_Sharbat/Kokam_Sharbat_009.jpg,44,Kokam_Sharbat,val,611,,2032
2033,Kokam_Sharbat/Kokam_Sharbat_010.jpg,44,Kokam_Sharbat,train,262,,2033
2034,Kokam_Sharbat/Kokam_Sharbat_011.jpg,44,Kokam_Sharbat,val,627,,2034
2035,Kokam_Sharbat/Kokam_Sharbat_012.jpg,44,Kokam_Sharbat,test,114,,2035
2036,Kokam_Sharbat/Kokam_Sharbat_013.jpg,44,Kokam_Sharbat,train,2994,,2036
2037,Kokam_Sharbat/Kokam_Sharbat_014.jpg,44,Kokam_Sharbat,val,603,,2037
2038,Kokam_Sharbat/Kokam_Sharbat_015.jpg,44,Kokam_Sharbat,train,529,,2038
2039,Kokam_Sharbat/Kokam_Sharbat_016.jpg,44,Kokam_Sharbat,train,2870,,2039
2040,Kokam_Sharbat/Kokam_Sharbat_017.jpg,44,Kokam_Sharbat,val,35,,2040
2041,Kokam_Sharbat/Kokam_Sharbat_018.jpg,44,Kokam_Sharbat,test,363,,2041
2042,Kokam_Sharbat/Kokam_Sharbat_019.jpg,44,Kokam_Sharbat,train,1098,,2042
2043,Kokam_Sharbat/Kokam_Sharbat_020.jpg,44,Kokam_Sharbat,train,1585,,2043
2044,Kokam_Sharbat/Kokam_Sharbat_021.jpg,44,Kokam_Sharbat,train,2457,,2044
2045,Kokam_Sharbat/Kokam_Sharbat_022.jpg,44,Kokam_Sharbat,val,376,,2045
2046,Kokam_Sharbat/Kokam_Sharbat_023.jpg,44,Kokam_Sharbat,train,2473,,2046
2047,Kokam_Sharbat/Kokam_Sharbat_024.jpg,44,Kokam_Sharbat,train,3039,,2047
2048,Kokam_Sharbat/Kokam_Sharbat_025.jpg,44,Kokam_Sharbat,train,489,,2048
2049,Kokam_Sharbat/Kokam_Sharbat_026.jpg,44,Kokam_Sharbat,train,1841,,2049
2050,Kokam_Sharbat/Kokam_Sharbat_027.jpg,44,Kokam_Sharbat,train,3024,,2050
2051,Kokam_Sharbat/Kokam_Sharbat_028.jpg,44,Kokam_Sharbat,test,420,,2051
2052,Kokam_Sharbat/Kokam_Sharbat_029.jpg,44,Kokam_Sharbat,test,146,,2052
2053,Kokam_Sharbat/Kokam_Sharbat_030.jpg,44,Kokam_Sharbat,train,1668,,2053
2054,Kokam_Sharbat/Kokam_Sharbat_031.jpg,44,Kokam_Sharbat,test,247,,2054
2055,Kokam_Sharbat/Kokam_Sharbat_032.jpg,44,Kokam_Sharbat,test,371,,2055
2056,Kokam_Sharbat/Kokam_Sharbat_033.jpg,44,Kokam_Sharbat,train,2500,,2056
2057,Kokam_Sharbat/Kokam_Sharbat_034.jpg,44,Kokam_Sharbat,val,372,,2057
2058,Kokam_Sharbat/Kokam_Sharbat_035.jpg,44,Kokam_Sharbat,train,1366,,2058
2059,Kokam_Sharbat/Kokam_Sharbat_036.jpg,44,Kokam_Sharbat,train,665,,2059
2060,Kokam_Sharbat/Kokam_Sharbat_037.jpg,44,Kokam_Sharbat,train,129,,2060
2061,Kokam_Sharbat/Kokam_Sharbat_038.jpg,44,Kokam_Sharbat,train,731,,2061
2062,Kokam_Sharbat/Kokam_Sharbat_039.jpg,44,Kokam_Sharbat,train,2821,,2062
2063,Kokam_Sharbat/Kokam_Sharbat_040.jpg,44,Kokam_Sharbat,val,232,,2063
2064,Kokam_Sharbat/Kokam_Sharbat_041.jpg,44,Kokam_Sharbat,val,74,,2064
2065,Kokam_Sharbat/Kokam_Sharbat_042.jpg,44,Kokam_Sharbat,train,2460,,2065
2066,Kokam_Sharbat/Kokam_Sharbat_043.jpg,44,Kokam_Sharbat,train,1851,,2066
2067,Kokam_Sharbat/Kokam_Sharbat_044.jpg,44,Kokam_Sharbat,train,274,,2067
2068,Kokam_Sharbat/Kokam_Sharbat_045.jpg,44,Kokam_Sharbat,train,1221,,2068
2069,Kokam_Sharbat/Kokam_Sharbat_046.jpg,44,Kokam_Sharbat,train,2107,,2069
2070,Kokam_Sharbat/Kokam_Sharbat_047.jpg,44,Kokam_Sharbat,train,30,,2070
2071,Kokam_Sharbat/Kokam_Sharbat_048.jpg,44,Kokam_Sharbat,train,133,,2071
2072,Kokam_Sharbat/Kokam_Sharbat_049.jpg,44,Kokam_Sharbat,train,861,,2072
2073,Kokam_Sharbat/Kokam_Sharbat_050.jpg,44,Kokam_Sharbat,train,2781,,2073
2074,Kokam_Sharbat/Kokam_Sharbat_051.jpg,44,Kokam_Sharbat,train,56,,2074
2075,Kothimbir_Vadi/Kothimbir_Vadi_001.jpg,45,Kothimbir_Vadi,train,1682,,2075
2076,Kothimbir_Vadi/Kothimbir_Vadi_002.jpg,45,Kothimbir_Vadi,train,365,,2076
2077,Kothimbir_Vadi/Kothimbir_Vadi_003.jpg,45,Kothimbir_Vadi,val,291,,2077
2078,Kothimbir_Vadi/Kothimbir_Vadi_004.jpg,45,Kothimbir_Vadi,train,1371,,2078
2079,Kothimbir_Vadi/Kothimbir_Vadi_005.jpg,45,Kothimbir_Vadi,train,1046,,2079
2080,Kothimbir_Vadi/Kothimbir_Vadi_006.jpg,45,Kothimbir_Vadi,val,38,,2080
2081,Kothimbir_Vadi/Kothimbir_Vadi_007.jpg,45,Kothimbir_Vadi,train,229,,2081
2082,Kothimbir_Vadi/Kothimbir_Vadi_008.jpg,45,Kothimbir_Vadi,train,1167,,2082
2083,Kothimbir_Vadi/Kothimbir_Vadi_009.jpg,45,Kothimbir_Vadi,train,1489,,2083
2084,Kothimbir_Vadi/Kothimbir_Vadi_010.jpg,45,Kothimbir_Vadi,train,1355,,2084
2085,Kothimbir_Vadi/Kothimbir_Vadi_011.jpg,45,Kothimbir_Vadi,val,253,,2085
2086,Kothimbir_Vadi/Kothimbir_Vadi_012.jpg,45,Kothimbir_Vadi,test,362,,2086
2087,Kothimbir_Vadi/Kothimbir_Vadi_013.jpg,45,Kothimbir_Vadi,train,2591,,2087
2088,Kothimbir_Vadi/Kothimbir_Vadi_014.jpg,45,Kothimbir_Vadi,train,2519,,2088
2089,Kothimbir_Vadi/Kothimbir_Vadi_015.jpg,45,Kothimbir_Vadi,train,1279,,2089
2090,Kothimbir_Vadi/Kothimbir_Vadi_016.jpg,45,Kothimbir_Vadi,train,2215,,2090
2091,Kothimbir_Vadi/Kothimbir_Vadi_017.jpg,45,Kothimbir_Vadi,train,1467,,2091
2092,Kothimbir_Vadi/Kothimbir_Vadi_018.jpg,45,Kothimbir_Vadi,val,464,,2092
2093,Kothimbir_Vadi/Kothimbir_Vadi_019.jpg,45,Kothimbir_Vadi,train,2513,,2093
2094,Kothimbir_Vadi/Kothimbir_Vadi_020.jpg,45,Kothimbir_Vadi,test,26,,2094
2095,Kothimbir_Vadi/Kothimbir_Vadi_021.jpg,45,Kothimbir_Vadi,train,481,,2095
2096,Kothimbir_Vadi/Kothimbir_Vadi_022.jpg,45,Kothimbir_Vadi,train,1458,,2096
2097,Kothimbir_Vadi/Kothimbir_Vadi_023.jpg,45,Kothimbir_Vadi,train,1537,,2097
2098,Kothimbir_Vadi/Kothimbir_Vadi_024.jpg,45,Kothimbir_Vadi,val,18,,2098
2099,Kothimbir_Vadi/Kothimbir_Vadi_025.jpg,45,Kothimbir_Vadi,train,2295,,2099
2100,Kothimbir_Vadi/Kothimbir_Vadi_026.jpg,45,Kothimbir_Vadi,val,515,,2100
2101,Kothimbir_Vadi/Kothimbir_Vadi_027.jpg,45,Kothimbir_Vadi,test,57,,2101
2102,Kothimbir_Vadi/Kothimbir_Vadi_028.jpg,45,Kothimbir_Vadi,train,823,,2102
2103,Kothimbir_Vadi/Kothimbir_Vadi_029.jpg,45,Kothimbir_Vadi,train,2126,,2103
2104,Kothimbir_Vadi/Kothimbir_Vadi_030.jpg,45,Kothimbir_Vadi,train,1410,,2104
2105,Kothimbir_Vadi/Kothimbir_Vadi_031.jpg,45,Kothimbir_Vadi,train,3072,,2105
2106,Kothimbir_Vadi/Kothimbir_Vadi_032.jpg,45,Kothimbir_Vadi,val,664,,2106
2107,Kothimbir_Vadi/Kothimbir_Vadi_033.jpg,45,Kothimbir_Vadi,test,168,,2107
2108,Kothimbir_Vadi/Kothimbir_Vadi_034.jpg,45,Kothimbir_Vadi,train,935,,2108
2109,Kothimbir_Vadi/Kothimbir_Vadi_035.jpg,45,Kothimbir_Vadi,train,1022,,2109
2110,Kothimbir_Vadi/Kothimbir_Vadi_036.jpg,45,Kothimbir_Vadi,train,611,,2110
2111,Kothimbir_Vadi/Kothimbir_Vadi_037.jpg,45,Kothimbir_Vadi,test,212,,2111
2112,Kothimbir_Vadi/Kothimbir_Vadi_038.jpg,45,Kothimbir_Vadi,test,166,,2112
2113,Kothimbir_Vadi/Kothimbir_Vadi_039.jpg,45,Kothimbir_Vadi,train,1362,,2113
2114,Kothimbir_Vadi/Kothimbir_Vadi_040.jpg,45,Kothimbir_Vadi,test,470,,2114
2115,Kothimbir_Vadi/Kothimbir_Vadi_041.jpg,45,Kothimbir_Vadi,train,422,,2115
2116,Kothimbir_Vadi/Kothimbir_Vadi_042.jpg,45,Kothimbir_Vadi,train,3105,,2116
2117,Kothimbir_Vadi/Kothimbir_Vadi_043.jpg,45,Kothimbir_Vadi,test,313,,2117
2118,Kothimbir_Vadi/Kothimbir_Vadi_044.jpg,45,Kothimbir_Vadi,train,189,,2118
2119,Kothimbir_Vadi/Kothimbir_Vadi_045.jpg,45,Kothimbir_Vadi,val,290,,2119
2120,Kothimbir_Vadi/Kothimbir_Vadi_046.jpg,45,Kothimbir_Vadi,train,3125,,2120
2121,Kothimbir_Vadi/Kothimbir_Vadi_047.jpg,45,Kothimbir_Vadi,train,2476,,2121
2122,Kothimbir_Vadi/Kothimbir_Vadi_048.jpg,45,Kothimbir_Vadi,val,5,,2122
2123,Kothimbir_Vadi/Kothimbir_Vadi_049.jpg,45,Kothimbir_Vadi,train,1878,,2123
2124,Kothimbir_Vadi/Kothimbir_Vadi_050.jpg,45,Kothimbir_Vadi,train,1564,,2124
2125,Kothimbir_Vadi/Kothimbir_Vadi_051.jpg,45,Kothimbir_Vadi,train,1498,,2125
2126,Kothimbir_Vadi/Kothimbir_Vadi_052.jpg,45,Kothimbir_Vadi,train,238,,2126
2127,Kothimbir_Vadi/Kothimbir_Vadi_053.jpg,45,Kothimbir_Vadi,train,175,,2127
2128,Kothimbir_Vadi/Kothimbir_Vadi_054.jpg,45,Kothimbir_Vadi,train,2056,,2128
2129,Kothimbir_Vadi/Kothimbir_Vadi_055.jpg,45,Kothimbir_Vadi,train,321,,2129
2130,Kothimbir_Vadi/Kothimbir_Vadi_056.jpg,45,Kothimbir_Vadi,train,1625,,2130
2131,Kothimbir_Vadi/Kothimbir_Vadi_057.jpg,45,Kothimbir_Vadi,train,2698,,2131
2132,Kothimbir_Vadi/Kothimbir_Vadi_058.jpg,45,Kothimbir_Vadi,train,878,,2132
2133,Kothimbir_Vadi/Kothimbir_Vadi_059.jpg,45,Kothimbir_Vadi,train,705,,2133
2134,Kothimbir_Vadi/Kothimbir_Vadi_060.jpg,45,Kothimbir_Vadi,val,355,,2134
2135,Kothimbir_Vadi/Kothimbir_Vadi_061.jpg,45,Kothimbir_Vadi,val,362,,2135
2136,Kothimbir_Vadi/Kothimbir_Vadi_062.jpg,45,Kothimbir_Vadi,train,1205,,2136
2137,Kothimbir_Vadi/Kothimbir_Vadi_063.jpg,45,Kothimbir_Vadi,train,1906,,2137
2138,Kothimbir_Vadi/Kothimbir_Vadi_064.jpg,45,Kothimbir_Vadi,train,639,,2138
2139,Kothimbir_Vadi/Kothimbir_Vadi_065.jpg,45,Kothimbir_Vadi,val,552,,2139
2140,Kothimbir_Vadi/Kothimbir_Vadi_066.jpg,45,Kothimbir_Vadi,train,409,,2140
2141,Kothimbir_Vadi/Kothimbir_Vadi_067.jpg,45,Kothimbir_Vadi,train,1618,,2141
2142,Kothimbir_Vadi/Kothimbir_Vadi_068.jpg,45,Kothimbir_Vadi,train,1003,,2142
2143,Kothimbir_Vadi/Kothimbir_Vadi_069.jpg,45,Kothimbir_Vadi,train,1206,,2143
2144,Kothimbir_Vadi/Kothimbir_Vadi_070.jpg,45,Kothimbir_Vadi,train,2260,,2144
2145,Kothimbir_Vadi/Kothimbir_Vadi_071.jpg,45,Kothimbir_Vadi,train,442,,2145
2146,Kothimbir_Vadi/Kothimbir_Vadi_072.jpg,45,Kothimbir_Vadi,test,291,,2146
2147,Kothimbir_Vadi/Kothimbir_Vadi_073.jpg,45,Kothimbir_Vadi,train,629,,2147
2148,Kothimbir_Vadi/Kothimbir_Vadi_074.jpg,45,Kothimbir_Vadi,test,494,,2148
2149,Kothimbir_Vadi/Kothimbir_Vadi_075.jpg,45,Kothimbir_Vadi,test,36,,2149
2150,Kothimbir_Vadi/Kothimbir_Vadi_076.jpg,45,Kothimbir_Vadi,train,2115,,2150
2151,Kothimbir_Vadi/Kothimbir_Vadi_077.jpg,45,Kothimbir_Vadi,train,801,,2151
2152,Kothimbir_Vadi/Kothimbir_Vadi_078.jpg,45,Kothimbir_Vadi,test,296,,2152
2153,Kothimbir_Vadi/Kothimbir_Vadi_079.jpg,45,Kothimbir_Vadi,train,2138,,2153
2154,Kothimbir_Vadi/Kothimbir_Vadi_080.jpg,45,Kothimbir_Vadi,train,2820,,2154
2155,Kothimbir_Vadi/Kothimbir_Vadi_081.jpg,45,Kothimbir_Vadi,train,976,,2155
2156,Kothimbir_Vadi/Kothimbir_Vadi_082.png,45,Kothimbir_Vadi,train,2533,,2156
2157,Kothimbir_Vadi/Kothimbir_Vadi_083.jpg,45,Kothimbir_Vadi,train,1152,,2157
2158,Locho/Locho_001.jpg,46,Locho,test,485,,2158
2159,Locho/Locho_002.jpg,46,Locho,train,2445,,2159
2160,Locho/Locho_003.jpg,46,Locho,test,245,,2160
2161,Locho/Locho_004.jpg,46,Locho,train,1179,,2161
2162,Locho/Locho_005.jpg,46,Locho,train,23,,2162
2163,Locho/Locho_006.jpg,46,Locho,train,32,,2163
2164,Locho/Locho_007.jpg,46,Locho,train,839,,2164
2165,Locho/Locho_008.jpg,46,Locho,train,2023,,2165
2166,Locho/Locho_009.jpg,46,Locho,train,837,,2166
2167,Locho/Locho_010.jpg,46,Locho,train,2556,,2167
2168,Locho/Locho_011.jpg,46,Locho,train,2059,,2168
2169,Locho/Locho_012.jpg,46,Locho,train,2906,,2169
2170,Locho/Locho_013.jpg,46,Locho,train,1031,,2170
2171,Locho/Locho_014.jpg,46,Locho,train,1141,,2171
2172,Locho/Locho_015.jpg,46,Locho,val,262,,2172
2173,Locho/Locho_016.jpg,46,Locho,train,2692,,2173
2174,Locho/Locho_017.jpg,46,Locho,test,223,,2174
2175,Locho/Locho_018.jpg,46,Locho,train,536,,2175
2176,Locho/Locho_019.jpg,46,Locho,train,2497,,2176
2177,Locho/Locho_020.jpg,46,Locho,train,2024,,2177
2178,Locho/Locho_021.jpg,46,Locho,train,2798,,2178
2179,Locho/Locho_022.jpg,46,Locho,test,576,,2179
2180,Locho/Locho_023.jpg,46,Locho,test,613,,2180
2181,Locho/Locho_024.jpg,46,Locho,test,392,,2181
2182,Locho/Locho_025.jpg,46,Locho,val,40,,2182
2183,Locho/Locho_026.jpg,46,Locho,train,1445,,2183
2184,Locho/Locho_027.jpg,46,Locho,train,331,,2184
2185,Locho/Locho_028.jpg,46,Locho,train,317,,2185
2186,Locho/Locho_029.jpg,46,Locho,val,311,,2186
2187,Locho/Locho_030.jpg,46,Locho,train,1358,,2187
2188,Locho/Locho_031.jpg,46,Locho,train,2487,,2188
2189,Locho/Locho_032.jpg,46,Locho,val,197,,2189
2190,Locho/Locho_033.jpg,46,Locho,val,192,,2190
2191,Locho/Locho_034.jpg,46,Locho,val,660,,2191
2192,Locho/Locho_035.jpg,46,Locho,train,1600,,2192
2193,Locho/Locho_036.jpg,46,Locho,train,2868,,2193
2194,Locho/Locho_037.jpg,46,Locho,train,1197,,2194
2195,Locho/Locho_038.jpg,46,Locho,train,1782,,2195
2196,Locho/Locho_039.jpg,46,Locho,train,3059,,2196
2197,Locho/Locho_040.jpg,46,Locho,train,350,,2197
2198,Locho/Locho_041.jpg,46,Locho,train,508,,2198
2199,Locho/Locho_042.jpg,46,Locho,train,1379,,2199
2200,Locho/Locho_043.jpg,46,Locho,val,301,,2200
2201,Locho/Locho_044.jpg,46,Locho,test,397,,2201
2202,Malai_Peda/Malai_Peda_001.jpg,47,Malai_Peda,train,142,,2202
2203,Malai_Peda/Malai_Peda_002.jpg,47,Malai_Peda,val,554,,2203
2204,Malai_Peda/Malai_Peda_003.jpg,47,Malai_Peda,train,222,,2204
2205,Malai_Peda/Malai_Peda_004.jpg,47,Malai_Peda,val,55,,2205
2206,Malai_Peda/Malai_Peda_005.jpg,47,Malai_Peda,train,360,,2206
2207,Malai_Peda/Malai_Peda_006.jpg,47,Malai_Peda,train,2573,,2207
2208,Malai_Peda/Malai_Peda_007.jpg,47,Malai_Peda,train,2275,,2208
2209,Malai_Peda/Malai_Peda_008.jpg,47,Malai_Peda,train,2839,,2209
2210,Malai_Peda/Malai_Peda_009.jpg,47,Malai_Peda,train,1818,,2210
2211,Malai_Peda/Malai_Peda_010.jpg,47,Malai_Peda,train,1737,,2211
2212,Malai_Peda/Malai_Peda_011.jpg,47,Malai_Peda,train,853,,2212
2213,Malai_Peda/Malai_Peda_012.jpg,47,Malai_Peda,test,319,,2213
2214,Malai_Peda/Malai_Peda_013.jpg,47,Malai_Peda,val,578,,2214
2215,Malai_Peda/Malai_Peda_014.jpg,47,Malai_Peda,train,2153,,2215
2216,Malai_Peda/Malai_Peda_015.jpg,47,Malai_Peda,train,513,,2216
2217,Malai_Peda/Malai_Peda_016.jpg,47,Malai_Peda,val,155,,2217
2218,Malai_Peda/Malai_Peda_017.jpg,47,Malai_Peda,train,2658,,2218
2219,Malai_Peda/Malai_Peda_018.jpg,47,Malai_Peda,train,3124,,2219
2220,Malai_Peda/Malai_Peda_019.jpg,47,Malai_Peda,train,709,,2220
2221,Malai_Peda/Malai_Peda_020.jpg,47,Malai_Peda,test,367,,2221
2222,Malai_Peda/Malai_Peda_021.jpg,47,Malai_Peda,val,455,,2222
2223,Malai_Peda/Malai_Peda_022.jpg,47,Malai_Peda,val,6,,2223
2224,Malai_Peda/Malai_Peda_023.jpg,47,Malai_Peda,val,492,,2222
2225,Malai_Peda/Malai_Peda_024.jpg,47,Malai_Peda,train,2748,,2225
2226,Malai_Peda/Malai_Peda_025.jpg,47,Malai_Peda,train,1611,,2226
2227,Malai_Peda/Malai_Peda_026.jpg,47,Malai_Peda,train,2249,,2227
2228,Malai_Peda/Malai_Peda_027.jpg,47,Malai_Peda,train,1655,,2228
2229,Malai_Peda/Malai_Peda_028.jpg,47,Malai_Peda,train,3040,,2229
2230,Malai_Peda/Malai_Peda_029.jpg,47,Malai_Peda,train,119,,2230
2231,Malai_Peda/Malai_Peda_030.jpg,47,Malai_Peda,val,283,,2231
2232,Malai_Peda/Malai_Peda_031.jpg,47,Malai_Peda,train,2482,,2232
2233,Malai_Peda/Malai_Peda_032.jpg,47,Malai_Peda,train,2629,,2233
2234,Malai_Peda/Malai_Peda_033.jpg,47,Malai_Peda,train,2582,,2234
2235,Malai_Peda/Malai_Peda_034.jpg,47,Malai_Peda,train,2160,,2235
2236,Malai_Peda/Malai_Peda_035.jpg,47,Malai_Peda,train,1922,,2236
2237,Malai_Peda/Malai_Peda_036.jpg,47,Malai_Peda,train,803,,2237
2238,Malai_Peda/Malai_Peda_037.jpg,47,Malai_Peda,train,430,,2238
2239,Malai_Peda/Malai_Peda_038.jpg,47,Malai_Peda,train,1751,,2239
2240,Malai_Peda/Malai_Peda_039.jpg,47,Malai_Peda,val,47,,2240
2241,Malai_Peda/Malai_Peda_040.jpg,47,Malai_Peda,train,1637,,2241
2242,Malai_Peda/Malai_Peda_041.jpg,47,Malai_Peda,train,1742,,2242
2243,Malai_Peda/Malai_Peda_042.jpg,47,Malai_Peda,train,1992,,2243
2244,Malai_Peda/Malai_Peda_043.jpg,47,Malai_Peda,train,840,,2244
2245,Malai_Peda/Malai_Peda_044.jpg,47,Malai_Peda,train,1490,,2245
2246,Malai_Peda/Malai_Peda_045.jpg,47,Malai_Peda,train,1889,,2246
2247,Malai_Peda/Malai_Peda_046.jpg,47,Malai_Peda,train,1835,,2247
2248,Malai_Peda/Malai_Peda_047.jpg,47,Malai_Peda,train,2796,,2248
2249,Malai_Peda/Malai_Peda_048.jpg,47,Malai_Peda,val,512,,2249
2250,Malai_Peda/Malai_Peda_049.jpg,47,Malai_Peda,test,591,,2250
2251,Malai_Peda/Malai_Peda_050.jpg,47,Malai_Peda,test,315,,2251
2252,Malai_Peda/Malai_Peda_051.jpg,47,Malai_Peda,train,1821,,2252
2253,Malai_Peda/Malai_Peda_052.jpg,47,Malai_Peda,test,474,,2253
2254,Malai_Peda/Malai_Peda_053.jpg,47,Malai_Peda,train,2391,,2254
2255,Malai_Peda/Malai_Peda_054.jpg,47,Malai_Peda,train,1058,,2255
2256,Malai_Peda/Malai_Peda_055.jpg,47,Malai_Peda,train,2475,,2256
2257,Malai_Peda/Malai_Peda_056.jpg,47,Malai_Peda,train,1670,,2257
2258,Malai_Peda/Malai_Peda_057.jpg,47,Malai_Peda,train,1093,,2258
2259,Malai_Peda/Malai_Peda_058.jpg,47,Malai_Peda,train,1662,,2259
2260,Malai_Peda/Malai_Peda_059.jpg,47,Malai_Peda,train,848,,2260
2261,Malai_Peda/Malai_Peda_060.jpg,47,Malai_Peda,train,2653,,2254
2262,Malai_Peda/Malai_Peda_061.jpg,47,Malai_Peda,test,11,,2253
2263,Malai_Peda/Malai_Peda_062.jpg,47,Malai_Peda,test,490,,2263
2264,Malai_Peda/Malai_Peda_063.jpg,47,Malai_Peda,test,251,,2264
2265,Malai_Peda/Malai_Peda_064.jpg,47,Malai_Peda,train,1801,,2265
2266,Malai_Peda/Malai_Peda_065.jpg,47,Malai_Peda,test,76,,2266
2267,Malai_Peda/Malai_Peda_066.jpg,47,Malai_Peda,test,155,,2267
2268,Malai_Peda/Malai_Peda_067.jpg,47,Malai_Peda,train,2220,,2268
2269,Malai_Peda/Malai_Peda_068.jpg,47,Malai_Peda,train,2810,,2269
2270,Malai_Peda/Malai_Peda_069.png,47,Malai_Peda,train,108,,2270
2271,Manchow_soup/Manchow_soup_001.jpg,48,Manchow_soup,train,1398,,2271
2272,Manchow_soup/Manchow_soup_002.jpg,48,Manchow_soup,train,477,,2272
2273,Manchow_soup/Manchow_soup_003.jpg,48,Manchow_soup,train,2105,,2273
2274,Manchow_soup/Manchow_soup_004.jpg,48,Manchow_soup,train,1952,,2274
2275,Manchow_soup/Manchow_soup_005.jpg,48,Manchow_soup,test,530,,2275
2276,Manchow_soup/Manchow_soup_006.jpg,48,Manchow_soup,test,237,,2275
2277,Manchow_soup/Manchow_soup_007.jpg,48,Manchow_soup,train,1442,,2277
2278,Manchow_soup/Manchow_soup_008.jpg,48,Manchow_soup,train,759,,2278
2279,Manchow_soup/Manchow_soup_009.jpg,48,Manchow_soup,val,337,,2279
2280,Manchow_soup/Manchow_soup_010.jpg,48,Manchow_soup,val,52,,2280
2281,Manchow_soup/Manchow_soup_011.jpg,48,Manchow_soup,train,343,,2281
2282,Manchow_soup/Manchow_soup_012.jpg,48,Manchow_soup,train,2343,,2282
2283,Mango_barfi/Mango_barfi_001.jpg,49,Mango_barfi,train,606,,2283
2284,Mango_barfi/Mango_barfi_002.jpg,49,Mango_barfi,train,2737,,2284
2285,Mango_barfi/Mango_barfi_003.jpg,49,Mango_barfi,train,2378,,2285
2286,Mango_barfi/Mango_barfi_004.jpg,49,Mango_barfi,val,80,,2286
2287,Mango_barfi/Mango_barfi_007.jpg,49,Mango_barfi,test,334,,2287
2288,Mango_barfi/Mango_barfi_008.jpg,49,Mango_barfi,val,79,,2288
2289,Mango_barfi/Mango_barfi_009.jpg,49,Mango_barfi,train,2834,,2289
2290,Mango_barfi/Mango_barfi_010.jpg,49,Mango_barfi,val,120,,2290
2291,Mango_barfi/Mango_barfi_011.jpg,49,Mango_barfi,train,547,,2291
2292,Mango_barfi/Mango_barfi_012.jpg,49,Mango_barfi,train,1472,,2292
2293,Mango_barfi/Mango_barfi_013.jpg,49,Mango_barfi,train,1927,,2293
2294,Mango_barfi/Mango_barfi_014.jpg,49,Mango_barfi,test,351,,2294
2295,Mango_barfi/Mango_barfi_015.jpg,49,Mango_barfi,test,537,,2295
2296,Mango_barfi/Mango_barfi_016.jpg,49,Mango_barfi,val,663,,2296
2297,Mango_barfi/Mango_barfi_017.jpg,49,Mango_barfi,train,2447,,2297
2298,Mango_barfi/Mango_barfi_018.jpg,49,Mango_barfi,val,580,,2298
2299,Mango_barfi/Mango_barfi_019.jpg,49,Mango_barfi,train,3049,,2299
2300,Mango_barfi/Mango_barfi_020.jpg,49,Mango_barfi,train,2583,,2300
2301,Mango_barfi/Mango_barfi_021.jpg,49,Mango_barfi,train,2322,,2301
2302,Mango_barfi/Mango_barfi_022.jpg,49,Mango_barfi,train,955,,2302
2303,Mango_barfi/Mango_barfi_023.jpg,49,Mango_barfi,train,1881,,2303
2304,Mango_barfi/Mango_barfi_024.jpg,49,Mango_barfi,train,1811,,2304
2305,Mango_barfi/Mango_barfi_025.jpg,49,Mango_barfi,train,783,,2305
2306,Mango_barfi/Mango_barfi_026.jpg,49,Mango_barfi,test,295,,2306
2307,Mango_barfi/Mango_barfi_027.jpg,49,Mango_barfi,train,1515,,2307
2308,Mango_barfi/Mango_barfi_028.jpg,49,Mango_barfi,train,653,,2308
2309,Mango_barfi/Mango_barfi_029.jpg,49,Mango_barfi,test,150,,2309
2310,Mango_barfi/Mango_barfi_030.jpg,49,Mango_barfi,test,95,,2310
2311,Mango_barfi/Mango_barfi_031.jpg,49,Mango_barfi,train,2228,,2311
2312,Mango_barfi/Mango_barfi_032.jpg,49,Mango_barfi,train,2463,,2312
2313,Mango_barfi/Mango_barfi_033.jpg,49,Mango_barfi,test,239,,2313
2314,Mango_barfi/Mango_barfi_034.jpg,49,Mango_barfi,train,2132,,2314
2315,Mango_barfi/Mango_barfi_035.jpg,49,Mango_barfi,train,1286,,2315
2316,Mango_barfi/Mango_barfi_036.jpg,49,Mango_barfi,train,1612,,2316
2317,Mango_barfi/Mango_barfi_037.jpg,49,Mango_barfi,train,527,,2317
2318,Mango_barfi/Mango_barfi_038.jpg,49,Mango_barfi,train,2409,,2318
2319,Mango_barfi/Mango_barfi_039.jpg,49,Mango_barfi,train,375,,2319
2320,Mango_barfi/Mango_barfi_040.jpg,49,Mango_barfi,val,449,,2320
2321,Mango_barfi/Mango_barfi_041.jpg,49,Mango_barfi,val,426,,2321
2322,Mango_barfi/Mango_barfi_042.jpg,49,Mango_barfi,train,671,,2322
2323,Mango_barfi/Mango_barfi_043.jpg,49,Mango_barfi,val,343,,2323
2324,Mango_barfi/Mango_barfi_044.jpg,49,Mango_barfi,train,2597,,2324
2325,Mango_barfi/Mango_barfi_045.jpg,49,Mango_barfi,train,1551,,2325
2326,Mango_barfi/Mango_barfi_046.jpg,49,Mango_barfi,train,2190,,2326
2327,Mango_barfi/Mango_barfi_047.jpg,49,Mango_barfi,train,2987,,2327
2328,Mango_barfi/Mango_barfi_048.jpg,49,Mango_barfi,train,3041,,2328
2329,Mango_barfi/Mango_barfi_049.jpg,49,Mango_barfi,train,158,,2329
2330,Mango_barfi/Mango_barfi_050.jpg,49,Mango_barfi,test,8,,2330
2331,Mango_barfi/Mango_barfi_051.jpg,49,Mango_barfi,train,3004,,2331
2332,Mango_barfi/Mango_barfi_052.jpg,49,Mango_barfi,train,2614,,2332
2333,Mango_barfi/Mango_barfi_053.jpg,49,Mango_barfi,train,1188,,2333
2334,Mango_barfi/Mango_barfi_054.jpg,49,Mango_barfi,train,1658,,2334
2335,Masala_oats/Masala_oats_001.jpg,50,Masala_oats,train,971,,2335
2336,Masala_oats/Masala_oats_002.jpg,50,Masala_oats,train,2999,,2336
2337,Masala_oats/Masala_oats_003.jpg,50,Masala_oats,val,407,,2337
2338,Masala_oats/Masala_oats_004.jpg,50,Masala_oats,test,172,,2338
2339,Masala_oats/Masala_oats_005.jpg,50,Masala_oats,train,2505,,2339
2340,Masala_oats/Masala_oats_006.jpg,50,Masala_oats,test,461,,2340
2341,Masala_oats/Masala_oats_007.jpg,50,Masala_oats,val,188,,2341
2342,Masala_oats/Masala_oats_008.jpg,50,Masala_oats,train,2262,,2342
2343,Masala_oats/Masala_oats_009.jpg,50,Masala_oats,train,601,,2343
2344,Masala_oats/Masala_oats_010.jpg,50,Masala_oats,train,1642,,2344
2345,Masala_oats/Masala_oats_011.jpg,50,Masala_oats,train,939,,2345
2346,Masala_omelette/Masala_omelette_001.jpg,51,Masala_omelette,train,2838,,2346
2347,Masala_omelette/Masala_omelette_002.jpg,51,Masala_omelette,train,253,,2347
2348,Masala_omelette/Masala_omelette_003.jpg,51,Masala_omelette,train,769,,2348
2349,Masala_omelette/Masala_omelette_004.jpg,51,Masala_omelette,train,1575,,2349
2350,Masala_omelette/Masala_omelette_005.jpg,51,Masala_omelette,val,215,,2350
2351,Masala_omelette/Masala_omelette_006.jpg,51,Masala_omelette,train,1353,,2351
2352,Masala_omelette/Masala_omelette_007.jpg,51,Masala_omelette,train,246,,2352
2353,Masala_omelette/Masala_omelette_008.jpg,51,Masala_omelette,train,2946,,2353
2354,Masala_omelette/Masala_omelette_009.jpg,51,Masala_omelette,train,2712,,2354
2355,Masala_omelette/Masala_omelette_010.jpg,51,Masala_omelette,val,3,,2355
2356,Masala_omelette/Masala_omelette_011.jpg,51,Masala_omelette,test,372,,2356
2357,Masala_omelette/Masala_omelette_012.jpg,51,Masala_omelette,train,1239,,2357
2358,Masala_omelette/Masala_omelette_013.jpg,51,Masala_omelette,train,329,,2358
2359,Masala_omelette/Masala_omelette_014.jpg,51,Masala_omelette,train,1106,,2359
2360,Masala_omelette/Masala_omelette_015.jpg,51,Masala_omelette,train,2481,,2360
2361,Masala_omelette/Masala_omelette_016.jpg,51,Masala_omelette,train,1103,,2361
2362,Masala_omelette/Masala_omelette_017.jpg,51,Masala_omelette,train,2936,,2362
2363,Masala_omelette/Masala_omelette_018.jpg,51,Masala_omelette,test,136,,2363
2364,Masala_omelette/Masala_omelette_019.jpg,51,Masala_omelette,test,570,,2363
2365,Masala_omelette/Masala_omelette_020.jpg,51,Masala_omelette,train,2483,,2365
2366,Masala_omelette/Masala_omelette_021.jpg,51,Masala_omelette,train,2613,,2366
2367,Masala_omelette/Masala_omelette_022.jpg,51,Masala_omelette,train,752,,2367
2368,Masala_omelette/Masala_omelette_023.jpg,51,Masala_omelette,val,60,,2368
2369,Masala_omelette/Masala_omelette_024.jpg,51,Masala_omelette,train,148,,2369
2370,Masala_omelette/Masala_omelette_025.jpg,51,Masala_omelette,train,660,,2370
2371,Masala_omelette/Masala_omelette_026.jpg,51,Masala_omelette,train,2007,,2371
2372,Masala_omelette/Masala_omelette_027.jpg,51,Masala_omelette,train,888,,2372
2373,Masala_omelette/Masala_omelette_028.jpg,51,Masala_omelette,test,449,,2373
2374,Masala_omelette/Masala_omelette_029.jpg,51,Masala_omelette,test,119,,2374
2375,Masala_omelette/Masala_omelette_030.jpg,51,Masala_omelette,train,895,,2375
2376,Masala_omelette/Masala_omelette_031.jpg,51,Masala_omelette,train,182,,2376
2377,Masala_omelette/Masala_omelette_032.jpg,51,Masala_omelette,train,1819,,2377
2378,Masala_omelette/Masala_omelette_033.jpg,51,Masala_omelette,train,2099,,2378
2379,Masala_omelette/Masala_omelette_034.jpg,51,Masala_omelette,train,2003,,2379
2380,Masala_omelette/Masala_omelette_035.jpg,51,Masala_omelette,train,3078,,2380
2381,Masala_omelette/Masala_omelette_036.jpg,51,Masala_omelette,train,310,,2381
2382,Masala_omelette/Masala_omelette_037.jpg,51,Masala_omelette,val,23,,2382
2383,Masala_omelette/Masala_omelette_038.jpg,51,Masala_omelette,train,1223,,2383
2384,Masala_omelette/Masala_omelette_039.jpg,51,Masala_omelette,train,67,,2384
2385,Masala_omelette/Masala_omelette_040.jpg,51,Masala_omelette,val,390,,2385
2386,Masala_omelette/Masala_omelette_041.jpg,51,Masala_omelette,train,1556,,2386
2387,Masala_omelette/Masala_omelette_042.jpg,51,Masala_omelette,test,219,,2387
2388,Masala_omelette/Masala_omelette_043.jpg,51,Masala_omelette,train,3089,,2388
2389,Masala_omelette/Masala_omelette_044.jpg,51,Masala_omelette,test,177,,2389
2390,Masala_omelette/Masala_omelette_045.jpg,51,Masala_omelette,test,101,,2390
2391,Masala_omelette/Masala_omelette_046.jpg,51,Masala_omelette,train,2259,,2391
2392,Masala_omelette/Masala_omelette_047.jpg,51,Masala_omelette,val,269,,2392
2393,Masala_omelette/Masala_omelette_048.jpg,51,Masala_omelette,val,19,,2393
2394,Masala_omelette/Masala_omelette_049.jpg,51,Masala_omelette,val,523,,2394
2395,Masala_omelette/Masala_omelette_050.jpg,51,Masala_omelette,train,325,,2395
2396,Masala_omelette/Masala_omelette_051.jpg,51,Masala_omelette,train,1447,,2396
2397,Masala_rice/Masala_Rice_001.jpg,52,Masala_rice,train,3098,,2397
2398,Masala_rice/Masala_Rice_002.jpg,52,Masala_rice,train,136,,2398
2399,Masala_rice/Masala_Rice_003.jpg,52,Masala_rice,train,1261,,2399
2400,Masala_rice/Masala_Rice_004.jpg,52,Masala_rice,train,1336,,2400
2401,Masala_rice/Masala_Rice_005.jpg,52,Masala_rice,train,961,,2401
2402,Masala_rice/Masala_Rice_006.jpg,52,Masala_rice,train,2656,,2402
2403,Masala_rice/Masala_Rice_007.jpg,52,Masala_rice,val,219,,2403
2404,Masala_rice/Masala_Rice_008.jpg,52,Masala_rice,train,406,,2404
2405,Masala_rice/Masala_Rice_009.jpg,52,Masala_rice,train,1732,,2405
2406,Masala_rice/Masala_Rice_010.jpg,52,Masala_rice,val,674,,2406
2407,Masala_rice/Masala_Rice_011.jpg,52,Masala_rice,train,2036,,2407
2408,Masala_rice/Masala_Rice_012.jpg,52,Masala_rice,train,2235,,2408
2409,Masala_rice/Masala_Rice_013.jpg,52,Masala_rice,val,199,,2409
2410,Masala_rice/Masala_Rice_014.jpg,52,Masala_rice,train,2925,,2410
2411,Masala_rice/Masala_Rice_015.jpg,52,Masala_rice,val,457,,2411
2412,Masala_rice/Masala_Rice_016.jpg,52,Masala_rice,train,236,,2412
2413,Masala_rice/Masala_Rice_017.jpg,52,Masala_rice,excluded,-1,exact duplicate (same class),2413
2414,Masala_rice/Masala_Rice_018.png,52,Masala_rice,train,2608,,2414
2415,Masala_rice/Masala_Rice_019.jpg,52,Masala_rice,test,646,,2415
2416,Masala_rice/Masala_Rice_020.jpg,52,Masala_rice,test,205,,2416
2417,Masala_rice/Masala_Rice_021.jpg,52,Masala_rice,train,153,,2417
2418,Masala_rice/Masala_Rice_022.jpg,52,Masala_rice,train,1231,,2418
2419,Masala_rice/Masala_Rice_023.jpg,52,Masala_rice,train,1459,,2419
2420,Masala_rice/Masala_Rice_024.jpg,52,Masala_rice,train,747,,2420
2421,Masala_rice/Masala_Rice_025.jpg,52,Masala_rice,train,3068,,2421
2422,Masala_rice/Masala_Rice_026.jpg,52,Masala_rice,val,141,,2422
2423,Masala_rice/Masala_Rice_027.jpg,52,Masala_rice,val,84,,2423
2424,Masala_rice/Masala_Rice_028.jpg,52,Masala_rice,train,339,,2424
2425,Masala_rice/Masala_Rice_029.jpg,52,Masala_rice,test,203,,2415
2426,Masala_rice/Masala_Rice_030.jpg,52,Masala_rice,test,142,,2426
2427,Masala_rice/Masala_Rice_031.jpg,52,Masala_rice,test,228,,2427
2428,Masala_rice/Masala_Rice_032.jpg,52,Masala_rice,train,2229,,2428
2429,Masala_rice/Masala_Rice_033.jpg,52,Masala_rice,val,347,,2429
2430,Masala_rice/Masala_Rice_034.jpg,52,Masala_rice,train,761,,2430
2431,Masala_rice/Masala_Rice_035.jpg,52,Masala_rice,train,1219,,2431
2432,Masala_rice/Masala_Rice_036.jpg,52,Masala_rice,train,2182,,2432
2433,Masala_rice/Masala_Rice_037.jpg,52,Masala_rice,train,962,,2433
2434,Masala_rice/Masala_Rice_038.jpg,52,Masala_rice,test,75,,2434
2435,Masala_rice/Masala_Rice_039.jpg,52,Masala_rice,train,1276,,2435
2436,Masala_rice/Masala_Rice_040.jpg,52,Masala_rice,train,1295,,2436
2437,Masala_rice/Masala_Rice_041.jpg,52,Masala_rice,train,1567,,2437
2438,Masala_rice/Masala_Rice_042.jpg,52,Masala_rice,train,378,,2438
2439,Masala_rice/Masala_Rice_043.jpg,52,Masala_rice,val,335,,2439
2440,Masala_rice/Masala_Rice_044.jpg,52,Masala_rice,train,2321,,2440
2441,Masala_rice/Masala_Rice_045.jpg,52,Masala_rice,train,29,,2441
2442,Masala_rice/Masala_Rice_046.jpg,52,Masala_rice,train,1571,,2442
2443,Masala_rice/Masala_Rice_047.jpg,52,Masala_rice,train,1710,,2443
2444,Masala_rice/Masala_Rice_048.jpg,52,Masala_rice,train,1042,,2444
2445,Masala_rice/Masala_Rice_049.jpg,52,Masala_rice,train,1703,,2445
2446,Masala_rice/Masala_Rice_050.jpg,52,Masala_rice,test,314,,2446
2447,Masala_rice/Masala_Rice_051.jpg,52,Masala_rice,train,842,,2447
2448,Masala_rice/Masala_Rice_052.jpg,52,Masala_rice,test,207,,2448
2449,Matar_Paneer/Matar_Paneer_001.jpg,53,Matar_Paneer,train,835,,2449
2450,Matar_Paneer/Matar_Paneer_002.jpg,53,Matar_Paneer,train,1962,,2450
2451,Matar_Paneer/Matar_Paneer_003.jpg,53,Matar_Paneer,train,3051,,2451
2452,Matar_Paneer/Matar_Paneer_004.jpg,53,Matar_Paneer,test,277,,2452
2453,Matar_Paneer/Matar_Paneer_005.jpg,53,Matar_Paneer,val,409,,2453
2454,Matar_Paneer/Matar_Paneer_006.jpg,53,Matar_Paneer,val,368,,2454
2455,Matar_Paneer/Matar_Paneer_007.jpg,53,Matar_Paneer,train,1057,,2455
2456,Matar_Paneer/Matar_Paneer_008.jpg,53,Matar_Paneer,train,94,,2456
2457,Matar_Paneer/Matar_Paneer_009.jpg,53,Matar_Paneer,train,1010,,2457
2458,Matar_Paneer/Matar_Paneer_010.jpg,53,Matar_Paneer,test,298,,2458
2459,Matar_Paneer/Matar_Paneer_011.jpg,53,Matar_Paneer,train,2933,,2459
2460,Matar_Paneer/Matar_Paneer_012.jpg,53,Matar_Paneer,train,408,,2460
2461,Matar_Paneer/Matar_Paneer_013.jpg,53,Matar_Paneer,test,624,,2461
2462,Matar_Paneer/Matar_Paneer_014.jpg,53,Matar_Paneer,train,2522,,2462
2463,Matar_Paneer/Matar_Paneer_015.jpg,53,Matar_Paneer,train,2830,,2463
2464,Matar_Paneer/Matar_Paneer_016.jpg,53,Matar_Paneer,train,1511,,2464
2465,Matar_Paneer/Matar_Paneer_017.jpg,53,Matar_Paneer,train,507,,2465
2466,Matar_Paneer/Matar_Paneer_018.jpg,53,Matar_Paneer,train,2693,,2466
2467,Matar_Paneer/Matar_Paneer_019.jpg,53,Matar_Paneer,test,634,,2467
2468,Matar_Paneer/Matar_Paneer_020.jpg,53,Matar_Paneer,train,2645,,2468
2469,Matar_Paneer/Matar_Paneer_021.jpg,53,Matar_Paneer,train,703,,2469
2470,Matar_Paneer/Matar_Paneer_022.jpg,53,Matar_Paneer,train,711,,2470
2471,Matar_Paneer/Matar_Paneer_023.jpg,53,Matar_Paneer,train,2183,,2471
2472,Matar_Paneer/Matar_Paneer_024.jpg,53,Matar_Paneer,test,676,,2472
2473,Matar_Paneer/Matar_Paneer_025.jpg,53,Matar_Paneer,train,1931,,2473
2474,Matar_Paneer/Matar_Paneer_026.jpg,53,Matar_Paneer,train,2491,,2474
2475,Matar_Paneer/Matar_Paneer_027.jpg,53,Matar_Paneer,train,412,,2475
2476,Matar_Paneer/Matar_Paneer_028.jpg,53,Matar_Paneer,val,379,,2476
2477,Matar_Paneer/Matar_Paneer_029.jpg,53,Matar_Paneer,train,1897,,2477
2478,Matar_Paneer/Matar_Paneer_030.jpg,53,Matar_Paneer,train,168,,2478
2479,Matar_Paneer/Matar_Paneer_031.jpg,53,Matar_Paneer,train,1214,,2479
2480,Matar_Paneer/Matar_Paneer_032.jpg,53,Matar_Paneer,train,1312,,2480
2481,Matar_Paneer/Matar_Paneer_033.jpg,53,Matar_Paneer,train,2648,,2481
2482,Matar_Paneer/Matar_Paneer_034.jpg,53,Matar_Paneer,train,918,,2482
2483,Matar_Paneer/Matar_Paneer_035.jpg,53,Matar_Paneer,val,652,,2483
2484,Matar_Paneer/Matar_Paneer_036.jpg,53,Matar_Paneer,train,760,,2484
2485,Matar_Paneer/Matar_Paneer_037.jpg,53,Matar_Paneer,test,285,,2485
2486,Matar_Paneer/Matar_Paneer_038.jpg,53,Matar_Paneer,train,562,,2486
2487,Matar_Paneer/Matar_Paneer_039.jpg,53,Matar_Paneer,train,2219,,2487
2488,Matar_Paneer/Matar_Paneer_040.jpg,53,Matar_Paneer,train,2357,,2488
2489,Matar_Paneer/Matar_Paneer_041.jpg,53,Matar_Paneer,train,3031,,2489
2490,Matar_Paneer/Matar_Paneer_042.jpg,53,Matar_Paneer,train,384,,2490
2491,Matar_Paneer/Matar_Paneer_043.jpg,53,Matar_Paneer,train,1240,,2491
2492,Matar_Paneer/Matar_Paneer_044.jpg,53,Matar_Paneer,train,2020,,2492
2493,Matar_Paneer/Matar_Paneer_045.jpg,53,Matar_Paneer,test,144,,2493
2494,Matar_Paneer/Matar_Paneer_046.jpg,53,Matar_Paneer,train,1543,,2494
2495,Matar_Paneer/Matar_Paneer_047.jpg,53,Matar_Paneer,val,143,,2495
2496,Matar_Paneer/Matar_Paneer_048.jpg,53,Matar_Paneer,train,52,,2496
2497,Matar_Paneer/Matar_Paneer_049.jpg,53,Matar_Paneer,train,1396,,2497
2498,Matar_Paneer/Matar_Paneer_050.jpg,53,Matar_Paneer,val,624,,2498
2499,Matar_Paneer/Matar_Paneer_051.jpg,53,Matar_Paneer,train,2675,,2499
2500,Matar_Paneer/Matar_Paneer_052.jpg,53,Matar_Paneer,train,88,,2500
2501,Matar_Paneer/Matar_Paneer_053.jpg,53,Matar_Paneer,train,465,,2501
2502,Matar_Paneer/Matar_Paneer_054.jpg,53,Matar_Paneer,train,1411,,2502
2503,Matar_Paneer/Matar_Paneer_055.jpg,53,Matar_Paneer,train,1236,,2503
2504,Matar_Paneer/Matar_Paneer_056.jpg,53,Matar_Paneer,val,371,,2504
2505,Matar_Paneer/Matar_Paneer_057.jpg,53,Matar_Paneer,val,152,,2505
2506,Matar_Paneer/Matar_Paneer_058.jpg,53,Matar_Paneer,train,1526,,2506
2507,Matar_Paneer/Matar_Paneer_059.jpg,53,Matar_Paneer,val,294,,2507
2508,Matar_Paneer/Matar_Paneer_060.jpg,53,Matar_Paneer,train,2818,,2508
2509,Matar_Paneer/Matar_Paneer_061.jpg,53,Matar_Paneer,train,2060,,2509
2510,Matar_Paneer/Matar_Paneer_062.jpg,53,Matar_Paneer,test,386,,2510
2511,Matar_Paneer/Matar_Paneer_063.jpg,53,Matar_Paneer,test,232,,2511
2512,Matar_Paneer/Matar_Paneer_064.jpg,53,Matar_Paneer,train,2695,,2512
2513,Matar_Paneer/Matar_Paneer_065.jpg,53,Matar_Paneer,test,38,,2513
2514,Matar_Paneer/Matar_Paneer_066.jpg,53,Matar_Paneer,val,599,,2514
2515,Matar_Paneer/Paneer_046.jpg,53,Matar_Paneer,train,1979,,2515
2516,Matar_Paneer/Paneer_047.jpg,53,Matar_Paneer,train,1976,,2516
2517,Matar_Paneer/Paneer_048.jpg,53,Matar_Paneer,train,2282,,2517
2518,Matar_Paneer/Paneer_049.jpg,53,Matar_Paneer,val,509,,2518
2519,Matar_Paneer/Paneer_050.jpg,53,Matar_Paneer,test,649,,2519
2520,Mathura_Peda/Mathura_Peda_001.jpg,54,Mathura_Peda,train,416,,2520
2521,Mathura_Peda/Mathura_Peda_002.jpg,54,Mathura_Peda,train,1874,,2521
2522,Mathura_Peda/Mathura_Peda_003.jpg,54,Mathura_Peda,train,2917,,2522
2523,Mathura_Peda/Mathura_Peda_004.jpg,54,Mathura_Peda,train,362,,2523
2524,Mathura_Peda/Mathura_Peda_005.jpg,54,Mathura_Peda,train,1512,,2524
2525,Mathura_Peda/Mathura_Peda_006.jpg,54,Mathura_Peda,train,2100,,2525
2526,Mathura_Peda/Mathura_Peda_007.jpg,54,Mathura_Peda,train,166,,2526
2527,Mathura_Peda/Mathura_Peda_008.jpg,54,Mathura_Peda,train,250,,2527
2528,Mathura_Peda/Mathura_Peda_009.jpg,54,Mathura_Peda,train,1270,,2528
2529,Mathura_Peda/Mathura_Peda_010.jpg,54,Mathura_Peda,train,2598,,2529
2530,Mathura_Peda/Mathura_Peda_011.jpg,54,Mathura_Peda,train,313,,2530
2531,Mathura_Peda/Mathura_Peda_012.jpg,54,Mathura_Peda,test,233,,2531
2532,Mathura_Peda/Mathura_Peda_013.jpg,54,Mathura_Peda,train,2948,,2532
2533,Mathura_Peda/Mathura_Peda_014.jpg,54,Mathura_Peda,train,2758,,2533
2534,Mathura_Peda/Mathura_Peda_015.jpg,54,Mathura_Peda,val,442,,2534
2535,Mathura_Peda/Mathura_Peda_016.jpg,54,Mathura_Peda,val,281,,2535
2536,Mathura_Peda/Mathura_Peda_017.jpg,54,Mathura_Peda,train,233,,2536
2537,Mathura_Peda/Mathura_Peda_018.jpg,54,Mathura_Peda,train,2348,,2537
2538,Mathura_Peda/Mathura_Peda_019.jpg,54,Mathura_Peda,test,93,,2540
2539,Mathura_Peda/Mathura_Peda_020.jpg,54,Mathura_Peda,train,738,,2539
2540,Mathura_Peda/Mathura_Peda_021.jpg,54,Mathura_Peda,test,271,,2540
2541,Mathura_Peda/Mathura_Peda_022.jpg,54,Mathura_Peda,train,2823,,2541
2542,Mathura_Peda/Mathura_Peda_023.jpg,54,Mathura_Peda,test,190,,2540
2543,Mathura_Peda/Mathura_Peda_024.jpg,54,Mathura_Peda,train,2922,,2543
2544,Mathura_Peda/Mathura_Peda_025.jpg,54,Mathura_Peda,test,197,,2540
2545,Mathura_Peda/Mathura_Peda_026.jpg,54,Mathura_Peda,train,451,,2541
2546,Mathura_Peda/Mathura_Peda_027.jpg,54,Mathura_Peda,test,631,,2546
2547,Mathura_Peda/Mathura_Peda_028.jpg,54,Mathura_Peda,train,2186,,2547
2548,Mathura_Peda/Mathura_Peda_029.jpg,54,Mathura_Peda,train,612,,2548
2549,Mathura_Peda/Mathura_Peda_030.jpg,54,Mathura_Peda,train,2743,,2549
2550,Mathura_Peda/Mathura_Peda_031.jpg,54,Mathura_Peda,train,1316,,2550
2551,Mathura_Peda/Mathura_Peda_032.jpg,54,Mathura_Peda,train,1364,,2551
2552,Mathura_Peda/Mathura_Peda_033.jpg,54,Mathura_Peda,train,1070,,2552
2553,Mathura_Peda/Mathura_Peda_034.jpg,54,Mathura_Peda,train,1885,,2553
2554,Mathura_Peda/Mathura_Peda_035.jpg,54,Mathura_Peda,val,516,,2554
2555,Mathura_Peda/Mathura_Peda_036.jpg,54,Mathura_Peda,train,2225,,2555
2556,Mathura_Peda/Mathura_Peda_037.jpg,54,Mathura_Peda,train,834,,2556
2557,Mathura_Peda/Mathura_Peda_038.jpg,54,Mathura_Peda,train,2384,,2553
2558,Mathura_Peda/Mathura_Peda_039.jpg,54,Mathura_Peda,train,1342,,2237
2559,Mathura_Peda/Mathura_Peda_040.jpg,54,Mathura_Peda,val,86,,2554
2560,Mathura_Peda/Mathura_Peda_041.jpg,54,Mathura_Peda,test,131,,2560
2561,Mathura_Peda/Mathura_Peda_042.jpg,54,Mathura_Peda,train,1108,,2561
2562,Mathura_Peda/Mathura_Peda_043.jpg,54,Mathura_Peda,train,2177,,2562
2563,Mathura_Peda/Mathura_Peda_044.jpg,54,Mathura_Peda,train,359,,2563
2564,Mathura_Peda/Mathura_Peda_045.jpg,54,Mathura_Peda,train,1038,,2564
2565,Mathura_Peda/Mathura_Peda_046.jpg,54,Mathura_Peda,train,75,,2565
2566,Mathura_Peda/Mathura_Peda_047.jpg,54,Mathura_Peda,val,528,,2566
2567,Mathura_Peda/Mathura_Peda_048.jpg,54,Mathura_Peda,train,214,,2567
2568,Mathura_Peda/Mathura_Peda_049.jpg,54,Mathura_Peda,val,89,,2568
2569,Mathura_Peda/Mathura_Peda_050.jpg,54,Mathura_Peda,val,653,,2569
2570,Mathura_Peda/Mathura_Peda_051.jpg,54,Mathura_Peda,test,502,,2570
2571,Mathura_Peda/Mathura_Peda_052.jpg,54,Mathura_Peda,train,2769,,2571
2572,Mathura_Peda/Mathura_Peda_053.jpg,54,Mathura_Peda,val,606,,2572
2573,Mathura_Peda/Mathura_Peda_054.jpg,54,Mathura_Peda,test,97,,2573
2574,Mathura_Peda/Mathura_Peda_055.jpg,54,Mathura_Peda,train,715,,2574
2575,Mathura_Peda/Mathura_Peda_056.jpg,54,Mathura_Peda,val,503,,2575
2576,Mathura_Peda/Mathura_Peda_057.jpg,54,Mathura_Peda,train,774,,2576
2577,Mathura_Peda/Mathura_Peda_058.jpg,54,Mathura_Peda,train,340,,2577
2578,Mathura_Peda/Mathura_Peda_059.jpg,54,Mathura_Peda,train,3088,,2578
2579,Mathura_Peda/Mathura_Peda_060.jpg,54,Mathura_Peda,val,106,,2579
2580,Mathura_Peda/Mathura_Peda_061.jpg,54,Mathura_Peda,train,1973,,2580
2581,Mathura_Peda/Mathura_Peda_062.jpg,54,Mathura_Peda,train,2350,,2581
2582,Mathura_Peda/Mathura_Peda_063.jpg,54,Mathura_Peda,train,2826,,2582
2583,Mathura_Peda/Mathura_Peda_064.jpg,54,Mathura_Peda,train,385,,2583
2584,Mathura_Peda/Mathura_Peda_065.jpg,54,Mathura_Peda,train,1030,,2584
2585,Mathura_Peda/Mathura_Peda_066.jpg,54,Mathura_Peda,train,1643,,2585
2586,Mathura_Peda/Mathura_Peda_067.jpg,54,Mathura_Peda,excluded,-1,exact duplicate (same class),2586
2587,Mathura_Peda/Mathura_Peda_068.jpg,54,Mathura_Peda,test,614,,2587
2588,Methi_Curry/Methi_Curry_001.jpg,55,Methi_Curry,train,2363,,2588
2589,Methi_Curry/Methi_Curry_002.jpg,55,Methi_Curry,train,2639,,2589
2590,Methi_Curry/Methi_Curry_003.jpg,55,Methi_Curry,train,2427,,2590
2591,Methi_Curry/Methi_Curry_004.jpg,55,Methi_Curry,train,2797,,2591
2592,Methi_Curry/Methi_Curry_005.jpg,55,Methi_Curry,val,416,,2592
2593,Methi_Curry/Methi_Curry_006.jpg,55,Methi_Curry,train,2151,,2593
2594,Methi_Curry/Methi_Curry_007.jpg,55,Methi_Curry,train,1094,,2594
2595,Methi_Curry/Methi_Curry_008.jpg,55,Methi_Curry,train,2034,,2595
2596,Methi_Curry/Methi_Curry_009.jpg,55,Methi_Curry,train,1077,,2596
2597,Methi_Curry/Methi_Curry_010.jpg,55,Methi_Curry,val,184,,2597
2598,Methi_Curry/Methi_Curry_011.jpg,55,Methi_Curry,train,123,,2598
2599,Methi_Curry/Methi_Curry_012.jpg,55,Methi_Curry,train,979,,2599
2600,Methi_Curry/Methi_Curry_013.jpg,55,Methi_Curry,train,1367,,2594
2601,Methi_Curry/Methi_Curry_014.jpg,55,Methi_Curry,train,284,,2601
2602,Methi_Curry/Methi_Curry_015.jpg,55,Methi_Curry,train,275,,2602
2603,Methi_Curry/Methi_Curry_016.jpg,55,Methi_Curry,test,59,,2603
2604,Methi_Curry/Methi_Curry_017.jpg,55,Methi_Curry,test,80,,2604
2605,Methi_Curry/Methi_Curry_018.jpg,55,Methi_Curry,test,511,,2610
2606,Methi_Curry/Methi_Curry_019.jpg,55,Methi_Curry,train,1594,,2606
2607,Methi_Curry/Methi_Curry_020.jpg,55,Methi_Curry,train,2267,,2607
2608,Methi_Curry/Methi_Curry_021.jpg,55,Methi_Curry,val,387,,2608
2609,Methi_Curry/Methi_Curry_022.jpg,55,Methi_Curry,train,2691,,2609
2610,Methi_Curry/Methi_Curry_023.jpg,55,Methi_Curry,test,412,,2610
2611,Methi_Curry/Methi_Curry_024.jpg,55,Methi_Curry,test,492,,2610
2612,Methi_Curry/Methi_Curry_025.jpg,55,Methi_Curry,train,1176,,2612
2613,Methi_Curry/Methi_Curry_026.jpg,55,Methi_Curry,train,3121,,2607
2614,Methi_Curry/Methi_Curry_027.jpg,55,Methi_Curry,val,628,,2614
2615,Methi_Curry/Methi_Curry_028.jpg,55,Methi_Curry,train,595,,2615
2616,Methi_Curry/Methi_Curry_029.jpg,55,Methi_Curry,val,317,,2616
2617,Methi_Curry/Methi_Curry_030.jpg,55,Methi_Curry,test,217,,2617
2618,Methi_Curry/Methi_Curry_031.jpg,55,Methi_Curry,test,654,,2610
2619,Methi_Curry/Methi_Curry_032.jpg,55,Methi_Curry,train,1583,,2612
2620,Methi_Curry/Methi_Curry_033.jpg,55,Methi_Curry,train,693,,2620
2621,Methi_Curry/Methi_Curry_034.jpg,55,Methi_Curry,train,1539,,2615
2622,Methi_Curry/Methi_Curry_035.jpg,55,Methi_Curry,train,2256,,2622
2623,Methi_Curry/Methi_Curry_036.jpg,55,Methi_Curry,train,2783,,2602
2624,Methi_Curry/Methi_Curry_037.jpg,55,Methi_Curry,train,299,,2624
2625,Methi_Curry/Methi_Curry_038.jpg,55,Methi_Curry,train,421,,2625
2626,Methi_Curry/Methi_Curry_039.jpg,55,Methi_Curry,train,1443,,2626
2627,Methi_Curry/Methi_Curry_040.jpg,55,Methi_Curry,train,2711,,2627
2628,Methi_Curry/Methi_Curry_041.jpg,55,Methi_Curry,val,592,,2592
2629,Methi_Curry/Methi_Curry_042.jpg,55,Methi_Curry,train,2741,,2629
2630,Methi_Curry/Methi_Curry_043.jpg,55,Methi_Curry,val,278,,2630
2631,Methi_Curry/Methi_Curry_044.jpg,55,Methi_Curry,train,1177,,2631
2632,Methi_Curry/Methi_Curry_045.jpg,55,Methi_Curry,test,169,,2632
2633,Methi_Curry/Methi_Curry_046.jpg,55,Methi_Curry,train,1335,,2633
2634,Methi_Curry/Methi_Curry_047.jpg,55,Methi_Curry,val,129,,2634
2635,Methi_Curry/Methi_Curry_048.jpg,55,Methi_Curry,train,1766,,2635
2636,Methi_Curry/Methi_Curry_049.jpg,55,Methi_Curry,train,252,,2636
2637,Methi_Curry/Methi_Curry_050.jpg,55,Methi_Curry,train,909,,2637
2638,Methi_dry/Methi_dry_001.jpg,56,Methi_dry,train,2284,,2638
2639,Methi_dry/Methi_dry_002.jpg,56,Methi_dry,train,916,,2639
2640,Methi_dry/Methi_dry_003.jpg,56,Methi_dry,train,2686,,2640
2641,Methi_dry/Methi_dry_004.jpg,56,Methi_dry,train,1958,,2641
2642,Methi_dry/Methi_dry_005.jpg,56,Methi_dry,train,2634,,2642
2643,Methi_dry/Methi_dry_006.jpg,56,Methi_dry,test,501,,2643
2644,Methi_dry/Methi_dry_007.jpg,56,Methi_dry,val,240,,2644
2645,Methi_dry/Methi_dry_008.jpg,56,Methi_dry,train,396,,2645
2646,Methi_dry/Methi_dry_009.jpg,56,Methi_dry,train,1092,,2646
2647,Methi_dry/Methi_dry_010.jpg,56,Methi_dry,train,1977,,2647
2648,Methi_dry/Methi_dry_011.jpg,56,Methi_dry,train,1363,,2648
2649,Methi_dry/Methi_dry_012.jpg,56,Methi_dry,test,1,,2649
2650,Methi_dry/Methi_dry_013.jpg,56,Methi_dry,excluded,-1,exact duplicate (same class),2650
2651,Methi_dry/Methi_dry_014.jpg,56,Methi_dry,test,87,,2653
2652,Methi_dry/Methi_dry_015.jpg,56,Methi_dry,excluded,-1,exact duplicate (same class),2652
2653,Methi_dry/Methi_dry_016.jpg,56,Methi_dry,test,264,,2653
2654,Methi_dry/Methi_dry_017.jpg,56,Methi_dry,excluded,-1,exact duplicate (same class),2654
2655,Methi_dry/Methi_dry_018.jpg,56,Methi_dry,test,208,,2653
2656,Methi_dry/Methi_dry_019.jpg,56,Methi_dry,excluded,-1,exact duplicate (same class),2656
2657,Methi_dry/Methi_dry_020.jpg,56,Methi_dry,val,140,,2657
2658,Methi_dry/Methi_dry_021.jpg,56,Methi_dry,excluded,-1,exact duplicate (same class),2658
2659,Methi_dry/Methi_dry_022.jpg,56,Methi_dry,val,226,,2659
2660,Methi_dry/Methi_dry_023.jpg,56,Methi_dry,excluded,-1,exact duplicate (same class),2660
2661,Methi_dry/Methi_dry_024.jpg,56,Methi_dry,train,183,,2661
2662,Methi_dry/Methi_dry_025.jpg,56,Methi_dry,excluded,-1,exact duplicate (same class),2662
2663,Methi_dry/Methi_dry_026.jpg,56,Methi_dry,train,2516,,2663
2664,Methi_dry/Methi_dry_027.jpg,56,Methi_dry,excluded,-1,exact duplicate (same class),2664
2665,Methi_dry/Methi_dry_028.jpg,56,Methi_dry,train,1242,,2665
2666,Methi_dry/Methi_dry_029.jpg,56,Methi_dry,excluded,-1,exact duplicate (same class),2666
2667,Methi_dry/Methi_dry_030.jpg,56,Methi_dry,val,275,,2667
2668,Methi_dry/Methi_dry_031.jpg,56,Methi_dry,excluded,-1,exact duplicate (same class),2668
2669,Methi_dry/Methi_dry_032.jpg,56,Methi_dry,train,2762,,2669
2670,Methi_dry/Methi_dry_033.jpg,56,Methi_dry,excluded,-1,exact duplicate (same class),2670
2671,Methi_dry/Methi_dry_034.jpg,56,Methi_dry,val,539,,2667
2672,Methi_dry/Methi_dry_035.jpg,56,Methi_dry,excluded,-1,exact duplicate (same class),2672
2673,Methi_dry/Methi_dry_036.jpg,56,Methi_dry,train,577,,2673
2674,Methi_dry/Methi_dry_037.jpg,56,Methi_dry,excluded,-1,exact duplicate (same class),2674
2675,Methi_dry/Methi_dry_038.jpg,56,Methi_dry,train,1215,,2675
2676,Methi_dry/Methi_dry_039.jpg,56,Methi_dry,excluded,-1,exact duplicate (same class),2676
2677,Methi_dry/Methi_dry_040.jpg,56,Methi_dry,train,79,,2677
2678,Methi_dry/Methi_dry_041.jpg,56,Methi_dry,excluded,-1,exact duplicate (same class),2678
2679,Methi_dry/Methi_dry_042.jpg,56,Methi_dry,train,2252,,2679
2680,Methi_dry/Methi_dry_043.jpg,56,Methi_dry,excluded,-1,exact duplicate (same class),2680
2681,Methi_dry/Methi_dry_044.jpg,56,Methi_dry,train,2133,,2681
2682,Methi_dry/Methi_dry_045.jpg,56,Methi_dry,excluded,-1,exact duplicate (same class),2682
2683,Methi_dry/Methi_dry_046.jpg,56,Methi_dry,test,81,,2683
2684,Methi_dry/Methi_dry_047.jpg,56,Methi_dry,excluded,-1,exact duplicate (same class),2684
2685,Methi_dry/Methi_dry_048.jpg,56,Methi_dry,train,771,,2685
2686,Methi_dry/Methi_dry_049.jpg,56,Methi_dry,excluded,-1,exact duplicate (same class),2686
2687,Methi_dry/Methi_dry_050.jpg,56,Methi_dry,val,500,,2687
2688,Methi_dry/Methi_dry_051.jpg,56,Methi_dry,excluded,-1,exact duplicate (same class),2688
2689,Methi_dry/Methi_dry_052.jpg,56,Methi_dry,train,1591,,2689
2690,Methi_dry/Methi_dry_053.jpg,56,Methi_dry,excluded,-1,exact duplicate (same class),2690
2691,Methi_dry/Methi_dry_054.jpg,56,Methi_dry,train,2426,,2691
2692,Methi_dry/Methi_dry_055.jpg,56,Methi_dry,excluded,-1,exact duplicate (same class),2692
2693,Methi_dry/Methi_dry_056.jpg,56,Methi_dry,train,2606,,2693
2694,Methi_dry/Methi_dry_057.jpg,56,Methi_dry,excluded,-1,exact duplicate (same class),2694
2695,Methi_dry/Methi_dry_058.jpg,56,Methi_dry,train,15,,2695
2696,Methi_dry/Methi_dry_059.jpg,56,Methi_dry,excluded,-1,exact duplicate (same class),2696
2697,Methi_dry/Methi_dry_060.jpg,56,Methi_dry,val,629,,2697
2698,Methi_dry/Methi_dry_061.jpg,56,Methi_dry,excluded,-1,exact duplicate (same class),2698
2699,Methi_dry/Methi_dry_062.jpg,56,Methi_dry,train,1256,,2699
2700,Methi_dry/Methi_dry_063.jpg,56,Methi_dry,excluded,-1,exact duplicate (same class),2700
2701,Methi_dry/Methi_dry_064.jpg,56,Methi_dry,test,383,,2701
2702,Methi_dry/Methi_dry_065.jpg,56,Methi_dry,excluded,-1,exact duplicate (same class),2702
2703,Methi_dry/Methi_dry_066.jpg,56,Methi_dry,train,2163,,2703
2704,Methi_dry/Methi_dry_067.jpg,56,Methi_dry,excluded,-1,exact duplicate (same class),2704
2705,Methi_dry/Methi_dry_068.jpg,56,Methi_dry,train,1264,,2705
2706,Methi_dry/Methi_dry_069.jpg,56,Methi_dry,train,502,,2706
2707,Methi_dry/Methi_dry_070.jpg,56,Methi_dry,train,1154,,2707
2708,Methi_dry/Methi_dry_071.jpg,56,Methi_dry,train,1965,,2708
2709,Methi_dry/Methi_dry_072.jpg,56,Methi_dry,train,1747,,2709
2710,Methi_dry/Methi_dry_073.jpg,56,Methi_dry,train,2998,,2710
2711,Methi_dry/Methi_dry_074.jpg,56,Methi_dry,train,1248,,2711
2712,Methi_dry/Methi_dry_075.jpg,56,Methi_dry,train,203,,2712
2713,Methi_dry/Methi_dry_076.jpg,56,Methi_dry,val,483,,2713
2714,Methi_dry/Methi_dry_077.jpg,56,Methi_dry,train,2129,,2714
2715,Methi_dry/Methi_dry_078.jpg,56,Methi_dry,train,1254,,2714
2716,Methi_dry/Methi_dry_079.jpg,56,Methi_dry,train,114,,2716
2717,Methi_dry/Methi_dry_080.jpg,56,Methi_dry,train,1740,,2717
2718,Methi_dry/Methi_dry_081.jpg,56,Methi_dry,test,265,,2718
2719,Methi_dry/Methi_dry_082.jpg,56,Methi_dry,train,1080,,2719
2720,Methi_khakra/Methi_khakra_001.jpg,57,Methi_khakra,train,2416,,2720
2721,Methi_khakra/Methi_khakra_002.jpg,57,Methi_khakra,test,663,,2721
2722,Methi_khakra/Methi_khakra_003.jpg,57,Methi_khakra,test,488,,2721
2723,Methi_khakra/Methi_khakra_004.jpg,57,Methi_khakra,train,2968,,2723
2724,Methi_khakra/Methi_khakra_005.jpg,57,Methi_khakra,train,2961,,2724
2725,Methi_khakra/Methi_khakra_006.jpg,57,Methi_khakra,train,426,,2725
2726,Methi_khakra/Methi_khakra_007.jpg,57,Methi_khakra,train,2774,,2726
2727,Methi_khakra/Methi_khakra_008.jpg,57,Methi_khakra,train,523,,2727
2728,Methi_khakra/Methi_khakra_009.jpg,57,Methi_khakra,test,173,,2728
2729,Methi_khakra/Methi_khakra_010.jpg,57,Methi_khakra,train,1923,,2729
2730,Methi_khakra/Methi_khakra_011.jpg,57,Methi_khakra,train,2512,,2730
2731,Methi_khakra/Methi_khakra_012.jpg,57,Methi_khakra,train,215,,2731
2732,Methi_khakra/Methi_khakra_013.jpg,57,Methi_khakra,train,1060,,2732
2733,Methi_khakra/Methi_khakra_014.jpg,57,Methi_khakra,test,487,,2733
2734,Methi_khakra/Methi_khakra_015.jpg,57,Methi_khakra,test,589,,2734
2735,Methi_khakra/Methi_khakra_016.jpg,57,Methi_khakra,train,2226,,2735
2736,Methi_khakra/Methi_khakra_017.jpg,57,Methi_khakra,train,2478,,2736
2737,Methi_khakra/Methi_khakra_018.jpg,57,Methi_khakra,train,2438,,2737
2738,Methi_khakra/Methi_khakra_019.jpg,57,Methi_khakra,train,270,,2738
2739,Methi_khakra/Methi_khakra_020.jpg,57,Methi_khakra,train,820,,2739
2740,Methi_khakra/Methi_khakra_021.jpg,57,Methi_khakra,train,380,,2740
2741,Methi_khakra/Methi_khakra_022.jpg,57,Methi_khakra,train,1820,,2741
2742,Methi_khakra/Methi_khakra_023.jpg,57,Methi_khakra,test,569,,2742
2743,Methi_khakra/Methi_khakra_024.jpg,57,Methi_khakra,val,476,,2743
2744,Methi_khakra/Methi_khakra_025.jpg,57,Methi_khakra,train,1634,,2744
2745,Methi_khakra/Methi_khakra_026.jpg,57,Methi_khakra,train,1009,,2745
2746,Methi_khakra/Methi_khakra_027.jpg,57,Methi_khakra,train,678,,2746
2747,Methi_khakra/Methi_khakra_028.jpg,57,Methi_khakra,train,1788,,2747
2748,Methi_khakra/Methi_khakra_029.jpg,57,Methi_khakra,val,360,,2748
2749,Methi_khakra/Methi_khakra_030.jpg,57,Methi_khakra,train,2959,,2749
2750,Methi_khakra/Methi_khakra_031.jpg,57,Methi_khakra,train,3114,,2750
2751,Methi_khakra/Methi_khakra_032.jpg,57,Methi_khakra,train,369,,2751
2752,Methi_khakra/Methi_khakra_033.jpg,57,Methi_khakra,val,535,,2752
2753,Methi_khakra/Methi_khakra_034.jpg,57,Methi_khakra,train,651,,2753
2754,Methi_khakra/Methi_khakra_035.jpg,57,Methi_khakra,val,244,,2754
2755,Methi_khakra/Methi_khakra_036.jpg,57,Methi_khakra,train,3029,,2755
2756,Methi_khakra/Methi_khakra_037.jpg,57,Methi_khakra,val,166,,2756
2757,Methi_khakra/Methi_khakra_038.jpg,57,Methi_khakra,train,3069,,2757
2758,Methi_khakra/Methi_khakra_039.jpg,57,Methi_khakra,train,469,,2758
2759,Methi_khakra/Methi_khakra_040.jpg,57,Methi_khakra,train,2404,,2759
2760,Methi_khakra/Methi_khakra_041.jpg,57,Methi_khakra,val,48,,2760
2761,Methi_laddu/Methi_laddu_001.jpg,58,Methi_laddu,train,593,,2761
2762,Methi_laddu/Methi_laddu_002.jpg,58,Methi_laddu,train,11,,2762
2763,Methi_laddu/Methi_laddu_003.jpg,58,Methi_laddu,train,1343,,2762
2764,Methi_laddu/Methi_laddu_004.jpg,58,Methi_laddu,train,1680,,2764
2765,Methi_laddu/Methi_laddu_005.jpg,58,Methi_laddu,train,2146,,2764
2766,Methi_laddu/Methi_laddu_006.jpg,58,Methi_laddu,train,1761,,2761
2767,Methi_laddu/Methi_laddu_007.jpg,58,Methi_laddu,val,587,,2767
2768,Methi_laddu/Methi_laddu_008.jpg,58,Methi_laddu,train,1377,,2768
2769,Methi_laddu/Methi_laddu_009.jpg,58,Methi_laddu,train,2286,,2769
2770,Methi_laddu/Methi_laddu_010.jpg,58,Methi_laddu,train,1544,,2770
2771,Methi_laddu/Methi_laddu_011.jpg,58,Methi_laddu,test,451,,2771
2772,Methi_laddu/Methi_laddu_012.jpg,58,Methi_laddu,test,425,,2771
2773,Methi_laddu/Methi_laddu_013.jpg,58,Methi_laddu,test,391,,2771
2774,Methi_laddu/Methi_laddu_014.jpg,58,Methi_laddu,test,297,,2771
2775,Methi_laddu/Methi_laddu_015.jpg,58,Methi_laddu,test,184,,2771
2776,Methi_laddu/Methi_laddu_016.jpg,58,Methi_laddu,train,2376,,2776
2777,Methi_laddu/Methi_laddu_017.jpg,58,Methi_laddu,train,1827,,2777
2778,Methi_laddu/Methi_laddu_018.jpg,58,Methi_laddu,val,583,,2778
2779,Methi_laddu/Methi_laddu_019.jpg,58,Methi_laddu,val,1,,2778
2780,Methi_laddu/Methi_laddu_020.jpg,58,Methi_laddu,val,144,,2778
2781,Methi_laddu/Methi_laddu_021.jpg,58,Methi_laddu,train,1974,,2781
2782,Methi_laddu/Methi_laddu_022.jpg,58,Methi_laddu,train,2827,,2776
2783,Methi_laddu/Methi_laddu_023.jpg,58,Methi_laddu,train,531,,2783
2784,Methi_laddu/Methi_laddu_024.jpg,58,Methi_laddu,test,304,,2784
2785,Methi_laddu/Methi_laddu_025.jpg,58,Methi_laddu,train,2398,,2785
2786,Methi_laddu/Methi_laddu_026.jpg,58,Methi_laddu,train,2407,,2783
2787,Methi_laddu/Methi_laddu_027.jpg,58,Methi_laddu,train,2619,,2787
2788,Methi_laddu/Methi_laddu_028.jpg,58,Methi_laddu,train,537,,2788
2789,Methi_laddu/Methi_laddu_029.jpg,58,Methi_laddu,train,1689,,2788
2790,Methi_laddu/Methi_laddu_030.jpg,58,Methi_laddu,train,2415,,2790
2791,Methi_laddu/Methi_laddu_031.jpg,58,Methi_laddu,train,1378,,2791
2792,Methi_laddu/Methi_laddu_032.jpg,58,Methi_laddu,val,525,,2792
2793,Methi_laddu/Methi_laddu_033.jpg,58,Methi_laddu,val,225,,2793
2794,Methi_laddu/Methi_laddu_034.jpg,58,Methi_laddu,train,1545,,2794
2795,Methi_laddu/Methi_laddu_035.jpg,58,Methi_laddu,train,1852,,2795
2796,Methi_laddu/Methi_laddu_036.jpg,58,Methi_laddu,train,76,,2795
2797,Methi_laddu/Methi_laddu_037.jpg,58,Methi_laddu,train,2264,,2797
2798,Methi_laddu/Methi_laddu_038.jpg,58,Methi_laddu,train,539,,2798
2799,Methi_laddu/Methi_laddu_039.jpg,58,Methi_laddu,train,712,,2799
2800,Methi_laddu/Methi_laddu_040.jpg,58,Methi_laddu,train,1169,,2800
2801,Methi_laddu/Methi_laddu_041.jpg,58,Methi_laddu,train,2074,,2801
2802,Milkcake/Milkcake_001.jpg,59,Milkcake,train,2701,,2802
2803,Milkcake/Milkcake_002.jpg,59,Milkcake,val,513,,2803
2804,Milkcake/Milkcake_003.jpg,59,Milkcake,test,623,,2804
2805,Milkcake/Milkcake_004.jpg,59,Milkcake,train,393,,2805
2806,Milkcake/Milkcake_005.jpg,59,Milkcake,train,2813,,2806
2807,Milkcake/Milkcake_006.jpg,59,Milkcake,train,206,,2807
2808,Milkcake/Milkcake_007.jpg,59,Milkcake,train,2091,,2808
2809,Milkcake/Milkcake_008.jpg,59,Milkcake,train,1044,,2809
2810,Milkcake/Milkcake_009.jpg,59,Milkcake,train,2851,,2810
2811,Milkcake/Milkcake_010.jpg,59,Milkcake,val,149,,2811
2812,Milkcake/Milkcake_011.jpg,59,Milkcake,train,2993,,2812
2813,Milkcake/Milkcake_012.jpg,59,Milkcake,test,455,,2813
2814,Milkcake/Milkcake_013.jpg,59,Milkcake,test,586,,2814
2815,Milkcake/Milkcake_014.jpg,59,Milkcake,train,3028,,2815
2816,Milkcake/Milkcake_015.jpg,59,Milkcake,train,3027,,2816
2817,Milkcake/Milkcake_016.jpg,59,Milkcake,train,3005,,2817
2818,Milkcake/Milkcake_017.jpg,59,Milkcake,train,2986,,2818
2819,Milkcake/Milkcake_018.jpg,59,Milkcake,train,570,,2819
2820,Milkcake/Milkcake_019.jpg,59,Milkcake,train,877,,2820
2821,Milkcake/Milkcake_020.jpg,59,Milkcake,train,147,,2821
2822,Milkcake/Milkcake_021.jpg,59,Milkcake,train,361,,2822
2823,Milkcake/Milkcake_022.jpg,59,Milkcake,test,417,,2823
2824,Milkcake/Milkcake_023.jpg,59,Milkcake,val,299,,2824
2825,Milkcake/Milkcake_024.jpg,59,Milkcake,val,102,,2825
2826,Milkcake/Milkcake_025.jpg,59,Milkcake,train,2753,,2826
2827,Milkcake/Milkcake_026.jpg,59,Milkcake,train,212,,2827
2828,Milkcake/Milkcake_027.jpg,59,Milkcake,val,536,,2828
2829,Milkcake/Milkcake_028.jpg,59,Milkcake,test,454,,2829
2830,Milkcake/Milkcake_029.jpg,59,Milkcake,train,3046,,2830
2831,Milkcake/Milkcake_030.jpg,59,Milkcake,train,2594,,2831
2832,Milkcake/Milkcake_031.jpg,59,Milkcake,train,1096,,2832
2833,Milkcake/Milkcake_032.jpg,59,Milkcake,train,2408,,2833
2834,Milkcake/Milkcake_033.jpg,59,Milkcake,train,3035,,2834
2835,Milkcake/Milkcake_034.jpg,59,Milkcake,test,30,,2835
2836,Milkcake/Milkcake_035.jpg,59,Milkcake,train,1243,,2836
2837,Milkcake/Milkcake_036.jpg,59,Milkcake,val,604,,2837
2838,Milkcake/Milkcake_037.jpg,59,Milkcake,val,410,,2838
2839,Milkcake/Milkcake_038.jpg,59,Milkcake,train,1258,,2839
2840,Milkcake/Milkcake_039.jpg,59,Milkcake,train,2595,,2840
2841,Milkcake/Milkcake_040.jpg,59,Milkcake,train,1130,,2841
2842,Milkcake/Milkcake_041.jpg,59,Milkcake,test,300,,2842
2843,Milkcake/Milkcake_042.jpg,59,Milkcake,train,460,,2843
2844,Milkcake/Milkcake_043.jpg,59,Milkcake,train,1210,,2844
2845,Milkcake/Milkcake_044.jpg,59,Milkcake,train,701,,2845
2846,Milkcake/Milkcake_045.jpg,59,Milkcake,val,625,,2846
2847,Milkcake/Milkcake_046.jpg,59,Milkcake,test,170,,2847
2848,Milkcake/Milkcake_047.jpg,59,Milkcake,train,1365,,2848
2849,Milkcake/Milkcake_048.jpg,59,Milkcake,val,561,,2849
2850,Milkcake/Milkcake_049.jpg,59,Milkcake,train,2696,,2850
2851,Milkcake/Milkcake_050.jpg,59,Milkcake,train,953,,2851
2852,Milkcake/Milkcake_051.jpg,59,Milkcake,train,2623,,2852
2853,Milkcake/Milkcake_052.jpg,59,Milkcake,train,2451,,2853
2854,Milkcake/Milkcake_053.jpg,59,Milkcake,train,517,,2854
2855,Milkcake/Milkcake_054.jpg,59,Milkcake,train,303,,2855
2856,Milkcake/Milkcake_055.jpg,59,Milkcake,train,948,,2856
2857,Milkcake/Milkcake_056.jpg,59,Milkcake,test,515,,2857
2858,Milkcake/Milkcake_057.jpg,59,Milkcake,train,912,,2858
2859,Milkcake/Milkcake_058.jpg,59,Milkcake,train,290,,2859
2860,Milkcake/Milkcake_059.jpg,59,Milkcake,train,1004,,2860
2861,Milkcake/Milkcake_060.jpg,59,Milkcake,test,133,,2861
2862,Milkcake/Milkcake_061.jpg,59,Milkcake,train,1895,,2862
2863,Milkcake/Milkcake_062.jpg,59,Milkcake,val,81,,2863
2864,Milkcake/Milkcake_063.jpg,59,Milkcake,train,2030,,2864
2865,Milkcake/Milkcake_064.jpg,59,Milkcake,train,1322,,2865
2866,Milkcake/Milkcake_065.jpg,59,Milkcake,train,792,,2866
2867,Misal_pav/Misal_pav_001.jpg,60,Misal_pav,val,543,,2867
2868,Misal_pav/Misal_pav_002.jpg,60,Misal_pav,train,424,,2868
2869,Misal_pav/Misal_pav_003.jpg,60,Misal_pav,train,1739,,2869
2870,Misal_pav/Misal_pav_004.jpg,60,Misal_pav,train,2515,,2870
2871,Misal_pav/Misal_pav_005.jpg,60,Misal_pav,train,1904,,2871
2872,Misal_pav/Misal_pav_006.jpg,60,Misal_pav,train,2885,,2872
2873,Misal_pav/Misal_pav_007.jpg,60,Misal_pav,test,226,,2873
2874,Misal_pav/Misal_pav_008.jpg,60,Misal_pav,train,1487,,2874
2875,Misal_pav/Misal_pav_009.jpg,60,Misal_pav,val,367,,2875
2876,Misal_pav/Misal_pav_010.jpg,60,Misal_pav,train,1748,,2876
2877,Misal_pav/Misal_pav_011.jpg,60,Misal_pav,train,674,,2877
2878,Misal_pav/Misal_pav_012.jpg,60,Misal_pav,test,635,,2878
2879,Misal_pav/Misal_pav_013.jpg,60,Misal_pav,train,2297,,2879
2880,Misal_pav/Misal_pav_014.jpg,60,Misal_pav,excluded,-1,exact duplicate under different classes,2880
2881,Misal_pav/Misal_pav_015.jpg,60,Misal_pav,train,3063,,2881
2882,Misal_pav/Misal_pav_016.jpg,60,Misal_pav,excluded,-1,exact duplicate under different classes,2882
2883,Misal_pav/Misal_pav_017.jpg,60,Misal_pav,excluded,-1,exact duplicate under different classes,2883
2884,Misal_pav/Misal_pav_018.jpg,60,Misal_pav,train,908,,2884
2885,Misal_pav/Misal_pav_019.jpg,60,Misal_pav,test,588,,2885
2886,Misal_pav/Misal_pav_020.jpg,60,Misal_pav,val,206,,2886
2887,Misal_pav/Misal_pav_021.jpg,60,Misal_pav,train,952,,2887
2888,Misal_pav/Misal_pav_022.jpg,60,Misal_pav,train,576,,2888
2889,Misal_pav/Misal_pav_023.jpg,60,Misal_pav,train,988,,2889
2890,Misal_pav/Misal_pav_024.jpg,60,Misal_pav,train,432,,2890
2891,Misal_pav/Misal_pav_025.jpg,60,Misal_pav,train,1471,,2891
2892,Misal_pav/Misal_pav_026.jpg,60,Misal_pav,val,614,,2892
2893,Misal_pav/Misal_pav_027.jpg,60,Misal_pav,train,2102,,2893
2894,Misal_pav/Misal_pav_028.jpg,60,Misal_pav,test,421,,2894
2895,Misal_pav/Misal_pav_029.jpg,60,Misal_pav,train,1728,,2895
2896,Motichoor_Laddu/Motichoor_Laddu_001.jpg,61,Motichoor_Laddu,val,348,,2896
2897,Motichoor_Laddu/Motichoor_Laddu_002.jpg,61,Motichoor_Laddu,train,1514,,2897
2898,Motichoor_Laddu/Motichoor_Laddu_003.jpg,61,Motichoor_Laddu,train,2878,,2898
2899,Motichoor_Laddu/Motichoor_Laddu_004.jpg,61,Motichoor_Laddu,test,4,,2899
2900,Motichoor_Laddu/Motichoor_Laddu_005.jpg,61,Motichoor_Laddu,val,545,,2900
2901,Motichoor_Laddu/Motichoor_Laddu_006.jpg,61,Motichoor_Laddu,train,332,,2901
2902,Motichoor_Laddu/Motichoor_Laddu_007.jpg,61,Motichoor_Laddu,train,2318,,2902
2903,Motichoor_Laddu/Motichoor_Laddu_008.jpg,61,Motichoor_Laddu,val,165,,2903
2904,Motichoor_Laddu/Motichoor_Laddu_009.jpg,61,Motichoor_Laddu,test,171,,2904
2905,Motichoor_Laddu/Motichoor_Laddu_010.jpg,61,Motichoor_Laddu,test,411,,2905
2906,Motichoor_Laddu/Motichoor_Laddu_011.jpg,61,Motichoor_Laddu,train,1028,,2906
2907,Motichoor_Laddu/Motichoor_Laddu_012.jpg,61,Motichoor_Laddu,val,559,,2907
2908,Motichoor_Laddu/Motichoor_Laddu_013.jpg,61,Motichoor_Laddu,train,116,,2908
2909,Motichoor_Laddu/Motichoor_Laddu_014.jpg,61,Motichoor_Laddu,train,2719,,2909
2910,Motichoor_Laddu/Motichoor_Laddu_015.jpg,61,Motichoor_Laddu,train,219,,2910
2911,Motichoor_Laddu/Motichoor_Laddu_016.jpg,61,Motichoor_Laddu,train,496,,2911
2912,Motichoor_Laddu/Motichoor_Laddu_017.jpg,61,Motichoor_Laddu,train,1352,,2912
2913,Motichoor_Laddu/Motichoor_Laddu_018.jpg,61,Motichoor_Laddu,train,603,,2913
2914,Motichoor_Laddu/Motichoor_Laddu_019.jpg,61,Motichoor_Laddu,train,3106,,2914
2915,Motichoor_Laddu/Motichoor_Laddu_020.jpg,61,Motichoor_Laddu,train,1697,,2915
2916,Motichoor_Laddu/Motichoor_Laddu_021.jpg,61,Motichoor_Laddu,train,1640,,2916
2917,Motichoor_Laddu/Motichoor_Laddu_022.jpg,61,Motichoor_Laddu,train,2424,,2915
2918,Motichoor_Laddu/Motichoor_Laddu_023.jpg,61,Motichoor_Laddu,train,1405,,2918
2919,Motichoor_Laddu/Motichoor_Laddu_024.jpg,61,Motichoor_Laddu,train,934,,2919
2920,Motichoor_Laddu/Motichoor_Laddu_025.jpg,61,Motichoor_Laddu,train,1996,,2918
2921,Motichoor_Laddu/Motichoor_Laddu_026.jpg,61,Motichoor_Laddu,test,370,,2905
2922,Motichoor_Laddu/Motichoor_Laddu_027.jpg,61,Motichoor_Laddu,train,999,,2922
2923,Motichoor_Laddu/Motichoor_Laddu_028.jpg,61,Motichoor_Laddu,train,2543,,2923
2924,Motichoor_Laddu/Motichoor_Laddu_029.jpg,61,Motichoor_Laddu,train,8,,2924
2925,Motichoor_Laddu/Motichoor_Laddu_030.jpg,61,Motichoor_Laddu,train,1297,,2925
2926,Motichoor_Laddu/Motichoor_Laddu_031.jpg,61,Motichoor_Laddu,train,2574,,2926
2927,Motichoor_Laddu/Motichoor_Laddu_032.jpg,61,Motichoor_Laddu,train,1349,,2927
2928,Motichoor_Laddu/Motichoor_Laddu_033.jpg,61,Motichoor_Laddu,train,1222,,2928
2929,Motichoor_Laddu/Motichoor_Laddu_034.jpg,61,Motichoor_Laddu,val,195,,2929
2930,Motichoor_Laddu/Motichoor_Laddu_035.jpg,61,Motichoor_Laddu,val,273,,2929
2931,Motichoor_Laddu/Motichoor_Laddu_036.jpg,61,Motichoor_Laddu,train,1035,,2931
2932,Motichoor_Laddu/Motichoor_Laddu_037.jpg,61,Motichoor_Laddu,train,2,,2932
2933,Motichoor_Laddu/Motichoor_Laddu_038.jpg,61,Motichoor_Laddu,val,527,,2933
2934,Motichoor_Laddu/Motichoor_Laddu_039.jpg,61,Motichoor_Laddu,train,2683,,2934
2935,Motichoor_Laddu/Motichoor_Laddu_040.jpg,61,Motichoor_Laddu,train,190,,2935
2936,Motichoor_Laddu/Motichoor_Laddu_041.jpg,61,Motichoor_Laddu,test,9,,2936
2937,Motichoor_Laddu/Motichoor_Laddu_042.jpg,61,Motichoor_Laddu,test,305,,2937
2938,Motichoor_Laddu/Motichoor_Laddu_043.jpg,61,Motichoor_Laddu,train,860,,2938
2939,Motichoor_Laddu/Motichoor_Laddu_044.jpg,61,Motichoor_Laddu,train,1368,,2939
2940,Motichoor_Laddu/Motichoor_Laddu_045.jpg,61,Motichoor_Laddu,val,154,,2940
2941,Motichoor_Laddu/Motichoor_Laddu_046.jpg,61,Motichoor_Laddu,train,807,,2941
2942,Motichoor_Laddu/Motichoor_Laddu_047.jpg,61,Motichoor_Laddu,train,2571,,2942
2943,Motichoor_Laddu/Motichoor_Laddu_048.jpg,61,Motichoor_Laddu,train,2134,,2943
2944,Motichoor_Laddu/Motichoor_Laddu_049.jpg,61,Motichoor_Laddu,train,2572,,2944
2945,Motichoor_Laddu/Motichoor_Laddu_050.jpg,61,Motichoor_Laddu,train,2484,,2945
2946,Motichoor_Laddu/Motichoor_Laddu_051.jpg,61,Motichoor_Laddu,train,755,,2946
2947,Motichoor_Laddu/Motichoor_Laddu_052.jpg,61,Motichoor_Laddu,train,403,,2945
2948,Motichoor_Laddu/Motichoor_Laddu_053.jpg,61,Motichoor_Laddu,val,41,,2948
2949,Motichoor_Laddu/Motichoor_Laddu_054.jpg,61,Motichoor_Laddu,excluded,-1,exact duplicate (same class),2949
2950,Motichoor_Laddu/Motichoor_Laddu_055.jpg,61,Motichoor_Laddu,test,460,,2950
2951,Motichoor_Laddu/Motichoor_Laddu_056.jpg,61,Motichoor_Laddu,test,424,,2951
2952,Motichoor_Laddu/Motichoor_Laddu_057.jpg,61,Motichoor_Laddu,val,598,,2952
2953,Motichoor_Laddu/Motichoor_Laddu_058.jpg,61,Motichoor_Laddu,train,1872,,2953
2954,Motichoor_Laddu/Motichoor_Laddu_059.jpg,61,Motichoor_Laddu,train,337,,2954
2955,Motichoor_Laddu/Motichoor_Laddu_060.jpg,61,Motichoor_Laddu,train,1361,,2955
2956,Motichoor_Laddu/Motichoor_Laddu_061.jpg,61,Motichoor_Laddu,test,16,,2956
2957,Motichoor_Laddu/Motichoor_Laddu_062.jpg,61,Motichoor_Laddu,train,1580,,2957
2958,Motichoor_Laddu/Motichoor_Laddu_063.jpg,61,Motichoor_Laddu,train,903,,2958
2959,Motichoor_Laddu/Motichoor_Laddu_064.jpg,61,Motichoor_Laddu,test,552,,2959
2960,Motichoor_Laddu/Motichoor_Laddu_065.jpg,61,Motichoor_Laddu,train,2793,,2960
2961,Motichoor_Laddu/Motichoor_Laddu_066.jpg,61,Motichoor_Laddu,train,933,,2961
2962,Motichoor_Laddu/Motichoor_Laddu_067.jpg,61,Motichoor_Laddu,train,1280,,2962
2963,Motichoor_Laddu/Motichoor_Laddu_068.jpg,61,Motichoor_Laddu,train,2464,,2963
2964,Mugachi_usal/Mugachi_usal_001.jpg,62,Mugachi_usal,train,1987,,2964
2965,Mugachi_usal/Mugachi_usal_002.jpg,62,Mugachi_usal,val,28,,2965
2966,Mugachi_usal/Mugachi_usal_003.jpg,62,Mugachi_usal,test,337,,2966
2967,Mugachi_usal/Mugachi_usal_004.jpg,62,Mugachi_usal,train,159,,2967
2968,Mugachi_usal/Mugachi_usal_005.jpg,62,Mugachi_usal,train,3000,,2968
2969,Mugachi_usal/Mugachi_usal_006.jpg,62,Mugachi_usal,train,1263,,2969
2970,Mugachi_usal/Mugachi_usal_007.jpg,62,Mugachi_usal,train,1225,,2970
2971,Mugachi_usal/Mugachi_usal_008.jpg,62,Mugachi_usal,train,1369,,2971
2972,Mugachi_usal/Mugachi_usal_009.jpg,62,Mugachi_usal,train,1834,,2972
2973,Mugachi_usal/Mugachi_usal_010.jpg,62,Mugachi_usal,val,113,,2973
2974,Mugachi_usal/Mugachi_usal_011.jpg,62,Mugachi_usal,val,305,,2974
2975,Mugachi_usal/Mugachi_usal_012.jpg,62,Mugachi_usal,test,111,,2975
2976,Mugachi_usal/Mugachi_usal_013.jpg,62,Mugachi_usal,test,534,,2976
2977,Mugachi_usal/Mugachi_usal_014.jpg,62,Mugachi_usal,train,2747,,2977
2978,Mugachi_usal/Mugachi_usal_015.jpg,62,Mugachi_usal,val,369,,2978
2979,Mugachi_usal/Mugachi_usal_016.jpg,62,Mugachi_usal,val,235,,2979
2980,Mugachi_usal/Mugachi_usal_017.jpg,62,Mugachi_usal,val,619,,2980
2981,Mugachi_usal/Mugachi_usal_018.jpg,62,Mugachi_usal,test,564,,2981
2982,Mugachi_usal/Mugachi_usal_019.jpg,62,Mugachi_usal,train,2337,,2982
2983,Mugachi_usal/Mugachi_usal_020.jpg,62,Mugachi_usal,train,2729,,2983
2984,Mugachi_usal/Mugachi_usal_021.jpg,62,Mugachi_usal,train,1116,,2984
2985,Mugachi_usal/Mugachi_usal_022.jpg,62,Mugachi_usal,train,1285,,2985
2986,Mugachi_usal/Mugachi_usal_023.jpg,62,Mugachi_usal,train,1738,,2986
2987,Mugachi_usal/Mugachi_usal_024.jpg,62,Mugachi_usal,val,108,,2987
2988,Mugachi_usal/Mugachi_usal_025.jpg,62,Mugachi_usal,train,621,,2988
2989,Mugachi_usal/Mugachi_usal_026.jpg,62,Mugachi_usal,train,2358,,2989
2990,Mugachi_usal/Mugachi_usal_027.jpg,62,Mugachi_usal,val,631,,2987
2991,Mugachi_usal/Mugachi_usal_028.jpg,62,Mugachi_usal,train,2028,,2991
2992,Mugachi_usal/Mugachi_usal_029.jpg,62,Mugachi_usal,train,1725,,2992
2993,Mugachi_usal/Mugachi_usal_030.jpg,62,Mugachi_usal,train,1390,,2993
2994,Mugachi_usal/Mugachi_usal_031.jpg,62,Mugachi_usal,train,2908,,2994
2995,Mugachi_usal/Mugachi_usal_032.jpg,62,Mugachi_usal,train,2723,,2995
2996,Mugachi_usal/Mugachi_usal_033.jpg,62,Mugachi_usal,test,541,,2996
2997,Mugachi_usal/Mugachi_usal_034.jpg,62,Mugachi_usal,train,1129,,2997
2998,Mugachi_usal/Mugachi_usal_035.jpg,62,Mugachi_usal,train,388,,2998
2999,Mugachi_usal/Mugachi_usal_036.jpg,62,Mugachi_usal,train,1516,,2999
3000,Mugachi_usal/Mugachi_usal_037.jpg,62,Mugachi_usal,train,2369,,3000
3001,Mugachi_usal/Mugachi_usal_038.jpg,62,Mugachi_usal,train,1164,,3001
3002,Mugachi_usal/Mugachi_usal_039.jpg,62,Mugachi_usal,train,1081,,3002
3003,Mugachi_usal/Mugachi_usal_040.jpg,62,Mugachi_usal,train,2599,,3003
3004,Mugachi_usal/Mugachi_usal_041.jpg,62,Mugachi_usal,test,96,,3004
3005,Mugachi_usal/Mugachi_usal_042.jpg,62,Mugachi_usal,train,2621,,3005
3006,Mugachi_usal/Mugachi_usal_043.jpg,62,Mugachi_usal,train,492,,3006
3007,Mugachi_usal/Mugachi_usal_044.jpg,62,Mugachi_usal,train,2577,,3007
3008,Mugachi_usal/Mugachi_usal_045.jpg,62,Mugachi_usal,train,599,,3008
3009,Mugachi_usal/Mugachi_usal_046.jpg,62,Mugachi_usal,train,1220,,3009
3010,Mugachi_usal/Mugachi_usal_047.jpg,62,Mugachi_usal,train,993,,3010
3011,Mugachi_usal/Mugachi_usal_048.jpg,62,Mugachi_usal,test,639,,2996
3012,Mugachi_usal/Mugachi_usal_049.jpg,62,Mugachi_usal,test,178,,3012
3013,Mugachi_usal/Mugachi_usal_050.jpg,62,Mugachi_usal,train,160,,3013
3014,Mutton_curry/Mutton_curry_001.jpg,63,Mutton_curry,train,324,,3014
3015,Mutton_curry/Mutton_curry_002.jpg,63,Mutton_curry,train,1743,,3015
3016,Mutton_curry/Mutton_curry_003.jpg,63,Mutton_curry,train,2927,,3015
3017,Mutton_curry/Mutton_curry_004.jpg,63,Mutton_curry,train,1145,,3017
3018,Mutton_curry/Mutton_curry_005.jpg,63,Mutton_curry,train,856,,3018
3019,Mutton_curry/Mutton_curry_006.jpg,63,Mutton_curry,val,300,,3019
3020,Mutton_curry/Mutton_curry_007.jpg,63,Mutton_curry,train,58,,3020
3021,Mutton_curry/Mutton_curry_008.jpg,63,Mutton_curry,train,2283,,3021
3022,Mutton_curry/Mutton_curry_009.jpg,63,Mutton_curry,train,1068,,3022
3023,Mutton_curry/Mutton_curry_010.jpg,63,Mutton_curry,val,7,,3023
3024,Mutton_curry/Mutton_curry_011.jpg,63,Mutton_curry,train,2139,,3024
3025,Mutton_curry/Mutton_curry_012.jpg,63,Mutton_curry,train,1686,,3025
3026,Mutton_curry/Mutton_curry_013.jpg,63,Mutton_curry,train,2448,,3026
3027,Mutton_curry/Mutton_curry_014.jpg,63,Mutton_curry,val,229,,3027
3028,Mutton_curry/Mutton_curry_015.jpg,63,Mutton_curry,train,1438,,3028
3029,Mutton_curry/Mutton_curry_016.jpg,63,Mutton_curry,train,2580,,3029
3030,Mutton_curry/Mutton_curry_017.jpg,63,Mutton_curry,test,446,,3030
3031,Mutton_curry/Mutton_curry_018.jpg,63,Mutton_curry,train,1866,,3031
3032,Mutton_curry/Mutton_curry_019.jpg,63,Mutton_curry,train,521,,3020
3033,Mutton_curry/Mutton_curry_020.jpg,63,Mutton_curry,train,1553,,3033
3034,Mutton_curry/Mutton_curry_021.jpg,63,Mutton_curry,train,1720,,3034
3035,Mutton_curry/Mutton_curry_022.jpg,63,Mutton_curry,train,2340,,3035
3036,Mutton_curry/Mutton_curry_023.jpg,63,Mutton_curry,train,690,,3036
3037,Mutton_curry/Mutton_curry_024.jpg,63,Mutton_curry,train,1735,,3037
3038,Mutton_curry/Mutton_curry_025.jpg,63,Mutton_curry,test,617,,3038
3039,Mutton_curry/Mutton_curry_026.jpg,63,Mutton_curry,val,626,,3039
3040,Mutton_curry/Mutton_curry_027.jpg,63,Mutton_curry,test,388,,3040
3041,Mutton_curry/Mutton_curry_028.jpg,63,Mutton_curry,train,2949,,3021
3042,Mutton_curry/Mutton_curry_029.jpg,63,Mutton_curry,train,2812,,3042
3043,Mutton_curry/Mutton_curry_030.jpg,63,Mutton_curry,val,50,,3027
3044,Mutton_curry/Mutton_curry_031.jpg,63,Mutton_curry,train,1235,,3018
3045,Mutton_curry/Mutton_curry_032.jpg,63,Mutton_curry,train,1216,,3045
3046,Mutton_curry/Mutton_curry_033.jpg,63,Mutton_curry,val,198,,3046
3047,Mutton_curry/Mutton_curry_034.jpg,63,Mutton_curry,train,518,,3047
3048,Mutton_curry/Mutton_curry_035.jpg,63,Mutton_curry,test,592,,3048
3049,Mutton_curry/Mutton_curry_036.jpg,63,Mutton_curry,test,605,,3049
3050,Mutton_curry/Mutton_curry_037.jpg,63,Mutton_curry,train,567,,3035
3051,Mutton_curry/Mutton_curry_038.jpg,63,Mutton_curry,train,2149,,3051
3052,Mutton_curry/Mutton_curry_039.jpg,63,Mutton_curry,train,1282,,3033
3053,Mutton_curry/Mutton_curry_040.jpg,63,Mutton_curry,train,1902,,3053
3054,Mutton_curry/Mutton_curry_041.jpg,63,Mutton_curry,train,631,,3054
3055,Mutton_curry/Mutton_curry_042.jpg,63,Mutton_curry,train,2965,,3055
3056,Mutton_curry/Mutton_curry_043.jpg,63,Mutton_curry,train,2557,,3036
3057,Mutton_curry/Mutton_curry_044.jpg,63,Mutton_curry,test,575,,3040
3058,Mutton_curry/Mutton_curry_045.jpg,63,Mutton_curry,train,2890,,3058
3059,Mutton_curry/Mutton_curry_046.jpg,63,Mutton_curry,test,578,,3030
3060,Mutton_curry/Mutton_curry_047.jpg,63,Mutton_curry,train,498,,3025
3061,Mutton_curry/Mutton_curry_048.jpg,63,Mutton_curry,val,238,,3039
3062,Mutton_curry/Mutton_curry_049.jpg,63,Mutton_curry,train,2752,,3042
3063,Mutton_curry/Mutton_curry_050.jpg,63,Mutton_curry,val,16,,3046
3064,Mutton_curry/Mutton_curry_051.jpg,63,Mutton_curry,test,186,,3049
3065,Mutton_curry/Mutton_curry_052.jpg,63,Mutton_curry,train,2635,,3051
3066,Mutton_curry/Mutton_curry_053.jpg,63,Mutton_curry,train,74,,3055
3067,Mutton_curry/Mutton_curry_054.jpg,63,Mutton_curry,train,1534,,3054
3068,Mutton_curry/Mutton_curry_055.jpg,63,Mutton_curry,train,474,,3047
3069,Palak_Paneer/Palak_Paneer_001.jpg,64,Palak_Paneer,val,354,,3069
3070,Palak_Paneer/Palak_Paneer_002.jpg,64,Palak_Paneer,test,426,,3070
3071,Palak_Paneer/Palak_Paneer_003.jpg,64,Palak_Paneer,train,1661,,3071
3072,Palak_Paneer/Palak_Paneer_004.jpg,64,Palak_Paneer,train,2960,,3072
3073,Palak_Paneer/Palak_Paneer_005.jpg,64,Palak_Paneer,train,1033,,3073
3074,Palak_Paneer/Palak_Paneer_006.jpg,64,Palak_Paneer,val,436,,3074
3075,Palak_Paneer/Palak_Paneer_007.jpg,64,Palak_Paneer,train,2620,,3075
3076,Palak_Paneer/Palak_Paneer_008.jpg,64,Palak_Paneer,val,223,,3076
3077,Palak_Paneer/Palak_Paneer_009.jpg,64,Palak_Paneer,test,163,,3077
3078,Palak_Paneer/Palak_Paneer_010.jpg,64,Palak_Paneer,test,493,,3078
3079,Palak_Paneer/Palak_Paneer_011.jpg,64,Palak_Paneer,train,1483,,3079
3080,Palak_Paneer/Palak_Paneer_012.jpg,64,Palak_Paneer,train,2664,,3080
3081,Palak_Paneer/Palak_Paneer_013.jpg,64,Palak_Paneer,train,392,,3081
3082,Palak_Paneer/Palak_Paneer_014.jpg,64,Palak_Paneer,test,162,,3082
3083,Palak_Paneer/Palak_Paneer_015.jpg,64,Palak_Paneer,train,2919,,3083
3084,Palak_Paneer/Palak_Paneer_016.jpg,64,Palak_Paneer,val,248,,3084
3085,Palak_Paneer/Palak_Paneer_017.jpg,64,Palak_Paneer,train,3034,,3085
3086,Palak_Paneer/Palak_Paneer_018.jpg,64,Palak_Paneer,test,269,,3086
3087,Palak_Paneer/Palak_Paneer_019.jpg,64,Palak_Paneer,train,676,,3087
3088,Palak_Paneer/Palak_Paneer_020.jpg,64,Palak_Paneer,train,717,,3088
3089,Palak_Paneer/Palak_Paneer_021.jpg,64,Palak_Paneer,train,3111,,3089
3090,Palak_Paneer/Palak_Paneer_022.jpg,64,Palak_Paneer,val,256,,3090
3091,Palak_Paneer/Palak_Paneer_023.jpg,64,Palak_Paneer,train,2831,,3091
3092,Palak_Paneer/Palak_Paneer_024.jpg,64,Palak_Paneer,test,194,,3092
3093,Palak_Paneer/Palak_Paneer_025.jpg,64,Palak_Paneer,train,1829,,3093
3094,Palak_Paneer/Palak_Paneer_026.jpg,64,Palak_Paneer,train,2508,,3094
3095,Palak_Paneer/Palak_Paneer_027.jpg,64,Palak_Paneer,train,2972,,3095
3096,Palak_Paneer/Palak_Paneer_028.jpg,64,Palak_Paneer,test,545,,3096
3097,Palak_Paneer/Palak_Paneer_029.jpg,64,Palak_Paneer,train,2506,,3097
3098,Palak_Paneer/Palak_Paneer_030.jpg,64,Palak_Paneer,train,2106,,3098
3099,Palak_Paneer/Palak_Paneer_031.jpg,64,Palak_Paneer,train,899,,3099
3100,Palak_Paneer/Palak_Paneer_032.jpg,64,Palak_Paneer,test,354,,3100
3101,Palak_Paneer/Palak_Paneer_033.jpg,64,Palak_Paneer,train,825,,3101
3102,Palak_Paneer/Palak_Paneer_034.jpg,64,Palak_Paneer,train,3011,,3102
3103,Palak_Paneer/Palak_Paneer_035.jpg,64,Palak_Paneer,train,1341,,3103
3104,Palak_Paneer/Palak_Paneer_036.jpg,64,Palak_Paneer,train,926,,3104
3105,Palak_Paneer/Palak_Paneer_037.jpg,64,Palak_Paneer,train,1266,,3105
3106,Palak_Paneer/Palak_Paneer_038.jpg,64,Palak_Paneer,val,211,,3106
3107,Palak_Paneer/Palak_Paneer_039.jpg,64,Palak_Paneer,train,2359,,3107
3108,Palak_Paneer/Palak_Paneer_040.jpg,64,Palak_Paneer,val,118,,3108
3109,Palak_Paneer/Palak_Paneer_041.jpg,64,Palak_Paneer,train,268,,3109
3110,Palak_Paneer/Palak_Paneer_042.jpg,64,Palak_Paneer,train,780,,3105
3111,Palak_Paneer/Palak_Paneer_043.jpg,64,Palak_Paneer,val,26,,3108
3112,Palak_Paneer/Palak_Paneer_044.jpg,64,Palak_Paneer,train,1595,,3107
3113,Palak_Paneer/Palak_Paneer_045.jpg,64,Palak_Paneer,train,889,,3104
3114,Palak_Paneer/Palak_Paneer_046.jpg,64,Palak_Paneer,train,2061,,3103
3115,Palak_Paneer/Palak_Paneer_047.jpg,64,Palak_Paneer,train,964,,3115
3116,Palak_Paneer/Palak_Paneer_048.jpg,64,Palak_Paneer,train,1059,,3116
3117,Palak_Paneer/Palak_Paneer_049.jpg,64,Palak_Paneer,val,53,,3117
3118,Palak_Paneer/Palak_Paneer_050.jpg,64,Palak_Paneer,test,673,,3100
3119,Palak_Paneer/Palak_Paneer_051.jpg,64,Palak_Paneer,train,2988,,3119
3120,Palak_Paneer/Palak_Paneer_052.jpg,64,Palak_Paneer,train,1845,,3120
3121,Palak_Paneer/Palak_Paneer_053.jpg,64,Palak_Paneer,train,177,,3121
3122,Palak_Paneer/Palak_Paneer_054.jpg,64,Palak_Paneer,train,1981,,3122
3123,Palak_Paneer/Palak_Paneer_055.jpg,64,Palak_Paneer,train,188,,3123
3124,Palak_Paneer/Palak_Paneer_056.jpg,64,Palak_Paneer,train,1982,,3124
3125,Palak_Paneer/Palak_Paneer_057.jpg,64,Palak_Paneer,train,2366,,3125
3126,Palak_soup/Palak_soup_001.jpg,65,Palak_soup,train,824,,3126
3127,Palak_soup/Palak_soup_002.jpg,65,Palak_soup,train,2008,,3127
3128,Palak_soup/Palak_soup_003.jpg,65,Palak_soup,train,2715,,3128
3129,Palak_soup/Palak_soup_004.jpg,65,Palak_soup,val,92,,3129
3130,Palak_soup/Palak_soup_005.jpg,65,Palak_soup,test,585,,3130
3131,Palak_soup/Palak_soup_006.jpg,65,Palak_soup,train,741,,3131
3132,Palak_soup/Palak_soup_007.jpg,65,Palak_soup,val,61,,3132
3133,Palak_soup/Palak_soup_008.jpg,65,Palak_soup,train,2082,,3133
3134,Palak_soup/Palak_soup_009.jpg,65,Palak_soup,train,2207,,3134
3135,Palak_soup/Palak_soup_010.jpg,65,Palak_soup,train,1082,,3135
3136,Palak_soup/Palak_soup_011.jpg,65,Palak_soup,train,1694,,3136
3137,Palak_soup/Palak_soup_012.jpg,65,Palak_soup,train,3065,,3137
3138,Palak_soup/Palak_soup_013.jpg,65,Palak_soup,train,2939,,3138
3139,Palak_soup/Palak_soup_014.jpg,65,Palak_soup,train,400,,3139
3140,Palak_soup/Palak_soup_015.jpg,65,Palak_soup,train,347,,3140
3141,Palak_soup/Palak_soup_016.jpg,65,Palak_soup,train,928,,3141
3142,Palak_soup/Palak_soup_017.jpg,65,Palak_soup,test,616,,3142
3143,Palak_soup/Palak_soup_018.jpg,65,Palak_soup,test,344,,3142
3144,Palak_soup/Palak_soup_019.jpg,65,Palak_soup,test,555,,3144
3145,Palak_soup/Palak_soup_020.jpg,65,Palak_soup,train,1182,,3145
3146,Palak_soup/Palak_soup_021.jpg,65,Palak_soup,train,763,,3146
3147,Palak_soup/Palak_soup_022.jpg,65,Palak_soup,train,623,,3147
3148,Palak_soup/Palak_soup_023.jpg,65,Palak_soup,train,950,,3148
3149,Palak_soup/Palak_soup_024.jpg,65,Palak_soup,train,2958,,3149
3150,Palak_soup/Palak_soup_025.jpg,65,Palak_soup,val,404,,3150
3151,Palak_soup/Palak_soup_026.jpg,65,Palak_soup,train,2276,,3151
3152,Palak_soup/Palak_soup_027.jpg,65,Palak_soup,train,71,,3152
3153,Palak_soup/Palak_soup_028.jpg,65,Palak_soup,test,224,,3153
3154,Palak_soup/Palak_soup_029.jpg,65,Palak_soup,train,3021,,3154
3155,Palak_soup/Palak_soup_030.jpg,65,Palak_soup,test,161,,3155
3156,Palak_soup/Palak_soup_031.jpg,65,Palak_soup,train,1602,,3156
3157,Palak_soup/Palak_soup_032.jpg,65,Palak_soup,train,1721,,3157
3158,Palak_soup/Palak_soup_033.jpg,65,Palak_soup,train,644,,3158
3159,Palak_soup/Palak_soup_034.jpg,65,Palak_soup,train,1541,,3159
3160,Palak_soup/Palak_soup_035.jpg,65,Palak_soup,train,1407,,3160
3161,Palak_soup/Palak_soup_036.jpg,65,Palak_soup,train,1495,,3161
3162,Palak_soup/Palak_soup_037.jpg,65,Palak_soup,test,280,,3162
3163,Palak_soup/Palak_soup_038.jpg,65,Palak_soup,test,279,,3163
3164,Palak_soup/Palak_soup_039.jpg,65,Palak_soup,val,182,,3164
3165,Palak_soup/Palak_soup_040.jpg,65,Palak_soup,train,2642,,3165
3166,Palak_soup/Palak_soup_041.jpg,65,Palak_soup,train,2861,,3166
3167,Palak_soup/Palak_soup_042.jpg,65,Palak_soup,train,2587,,3167
3168,Palak_soup/Palak_soup_043.jpg,65,Palak_soup,train,1683,,3168
3169,Palak_soup/Palak_soup_044.jpg,65,Palak_soup,train,1929,,3169
3170,Palak_soup/Palak_soup_045.jpg,65,Palak_soup,val,286,,3170
3171,Palak_soup/Palak_soup_046.jpg,65,Palak_soup,train,218,,3171
3172,Palak_soup/Palak_soup_047.jpg,65,Palak_soup,val,137,,3172
3173,Palak_soup/Palak_soup_048.jpg,65,Palak_soup,train,1212,,3173
3174,Palak_soup/Palak_soup_049.jpg,65,Palak_soup,train,24,,3174
3175,Palak_soup/Palak_soup_050.jpg,65,Palak_soup,train,2560,,3175
3176,Palak_soup/Palak_soup_051.jpg,65,Palak_soup,train,80,,3176
3177,Palak_soup/Palak_soup_052.jpg,65,Palak_soup,val,76,,3177
3178,Palak_soup/Palak_soup_053.jpg,65,Palak_soup,val,570,,3178
3179,Paneer_Broccoli_stir_fry/Paneer_Broccoli_stir_fry_001.jpg,66,Paneer_Broccoli_stir_fry,train,544,,3179
3180,Paneer_Broccoli_stir_fry/Paneer_Broccoli_stir_fry_002.jpg,66,Paneer_Broccoli_stir_fry,test,359,,3192
3181,Paneer_Broccoli_stir_fry/Paneer_Broccoli_stir_fry_003.jpg,66,Paneer_Broccoli_stir_fry,test,310,,3192
3182,Paneer_Broccoli_stir_fry/Paneer_Broccoli_stir_fry_004.jpg,66,Paneer_Broccoli_stir_fry,train,1783,,3182
3183,Paneer_Broccoli_stir_fry/Paneer_Broccoli_stir_fry_005.jpg,66,Paneer_Broccoli_stir_fry,test,542,,3192
3184,Paneer_Broccoli_stir_fry/Paneer_Broccoli_stir_fry_006.jpg,66,Paneer_Broccoli_stir_fry,train,191,,3184
3185,Paneer_Broccoli_stir_fry/Paneer_Broccoli_stir_fry_007.jpg,66,Paneer_Broccoli_stir_fry,train,3107,,3184
3186,Paneer_Broccoli_stir_fry/Paneer_Broccoli_stir_fry_008.jpg,66,Paneer_Broccoli_stir_fry,train,1036,,3184
3187,Paneer_Broccoli_stir_fry/Paneer_Broccoli_stir_fry_009.jpg,66,Paneer_Broccoli_stir_fry,train,1837,,3187
3188,Paneer_Broccoli_stir_fry/Paneer_Broccoli_stir_fry_010.jpg,66,Paneer_Broccoli_stir_fry,train,1641,,3188
3189,Paneer_Broccoli_stir_fry/Paneer_Broccoli_stir_fry_011.jpg,66,Paneer_Broccoli_stir_fry,train,1609,,3189
3190,Paneer_Broccoli_stir_fry/Paneer_Broccoli_stir_fry_012.jpg,66,Paneer_Broccoli_stir_fry,train,1257,,3190
3191,Paneer_Broccoli_stir_fry/Paneer_Broccoli_stir_fry_013.jpg,66,Paneer_Broccoli_stir_fry,train,1960,,3191
3192,Paneer_Broccoli_stir_fry/Paneer_Broccoli_stir_fry_014.jpg,66,Paneer_Broccoli_stir_fry,test,267,,3192
3193,Paneer_Broccoli_stir_fry/Paneer_Broccoli_stir_fry_015.jpg,66,Paneer_Broccoli_stir_fry,test,307,,3192
3194,Paneer_Broccoli_stir_fry/Paneer_Broccoli_stir_fry_016.jpg,66,Paneer_Broccoli_stir_fry,train,249,,3194
3195,Paneer_Broccoli_stir_fry/Paneer_Broccoli_stir_fry_017.jpg,66,Paneer_Broccoli_stir_fry,train,1713,,3195
3196,Paneer_Broccoli_stir_fry/Paneer_Broccoli_stir_fry_018.jpg,66,Paneer_Broccoli_stir_fry,train,2143,,3196
3197,Paneer_Broccoli_stir_fry/Paneer_Broccoli_stir_fry_019.jpg,66,Paneer_Broccoli_stir_fry,train,1006,,3197
3198,Paneer_Broccoli_stir_fry/Paneer_Broccoli_stir_fry_020.jpg,66,Paneer_Broccoli_stir_fry,test,633,,3192
3199,Paneer_Broccoli_stir_fry/Paneer_Broccoli_stir_fry_021.jpg,66,Paneer_Broccoli_stir_fry,test,72,,3199
3200,Paneer_Broccoli_stir_fry/Paneer_Broccoli_stir_fry_022.jpg,66,Paneer_Broccoli_stir_fry,train,2380,,3200
3201,Paneer_Broccoli_stir_fry/Paneer_Broccoli_stir_fry_023.jpg,66,Paneer_Broccoli_stir_fry,train,2935,,3201
3202,Paneer_Broccoli_stir_fry/Paneer_Broccoli_stir_fry_024.jpg,66,Paneer_Broccoli_stir_fry,train,2953,,3202
3203,Paneer_Broccoli_stir_fry/Paneer_Broccoli_stir_fry_025.jpg,66,Paneer_Broccoli_stir_fry,val,488,,3203
3204,Paneer_Broccoli_stir_fry/Paneer_Broccoli_stir_fry_026.jpg,66,Paneer_Broccoli_stir_fry,train,797,,3204
3205,Paneer_Broccoli_stir_fry/Paneer_Broccoli_stir_fry_027.jpg,66,Paneer_Broccoli_stir_fry,train,2114,,3205
3206,Paneer_Broccoli_stir_fry/Paneer_Broccoli_stir_fry_028.jpg,66,Paneer_Broccoli_stir_fry,test,195,,3192
3207,Paneer_Broccoli_stir_fry/Paneer_Broccoli_stir_fry_029.jpg,66,Paneer_Broccoli_stir_fry,train,2185,,3207
3208,Paneer_Broccoli_stir_fry/Paneer_Broccoli_stir_fry_030.jpg,66,Paneer_Broccoli_stir_fry,train,495,,3208
3209,Paneer_Broccoli_stir_fry/Paneer_Broccoli_stir_fry_031.jpg,66,Paneer_Broccoli_stir_fry,train,1913,,3208
3210,Paneer_Broccoli_stir_fry/Paneer_Broccoli_stir_fry_032.jpg,66,Paneer_Broccoli_stir_fry,train,2627,,3210
3211,Paneer_Broccoli_stir_fry/Paneer_Broccoli_stir_fry_033.jpg,66,Paneer_Broccoli_stir_fry,train,2982,,3211
3212,Paneer_Broccoli_stir_fry/Paneer_Broccoli_stir_fry_034.jpg,66,Paneer_Broccoli_stir_fry,train,1406,,3212
3213,Paneer_Broccoli_stir_fry/Paneer_Broccoli_stir_fry_035.jpg,66,Paneer_Broccoli_stir_fry,train,2048,,3213
3214,Paneer_Broccoli_stir_fry/Paneer_Broccoli_stir_fry_036.jpg,66,Paneer_Broccoli_stir_fry,train,1901,,3214
3215,Paneer_Broccoli_stir_fry/Paneer_Broccoli_stir_fry_037.jpg,66,Paneer_Broccoli_stir_fry,val,259,,3215
3216,Paneer_Broccoli_stir_fry/Paneer_Broccoli_stir_fry_038.jpg,66,Paneer_Broccoli_stir_fry,val,209,,3216
3217,Paneer_Broccoli_stir_fry/Paneer_Broccoli_stir_fry_039.jpg,66,Paneer_Broccoli_stir_fry,train,2996,,3217
3218,Paneer_Broccoli_stir_fry/Paneer_Broccoli_stir_fry_040.jpg,66,Paneer_Broccoli_stir_fry,train,1518,,3218
3219,Paneer_Broccoli_stir_fry/Paneer_Broccoli_stir_fry_041.jpg,66,Paneer_Broccoli_stir_fry,train,2799,,3218
3220,Paneer_Broccoli_stir_fry/Paneer_Broccoli_stir_fry_042.jpg,66,Paneer_Broccoli_stir_fry,val,324,,3220
3221,Paneer_Broccoli_stir_fry/Paneer_Broccoli_stir_fry_043.jpg,66,Paneer_Broccoli_stir_fry,train,2466,,3221
3222,Paneer_Broccoli_stir_fry/Paneer_Broccoli_stir_fry_044.jpg,66,Paneer_Broccoli_stir_fry,train,630,,3222
3223,Paneer_Broccoli_stir_fry/Paneer_Broccoli_stir_fry_045.jpg,66,Paneer_Broccoli_stir_fry,val,201,,3224
3224,Paneer_Broccoli_stir_fry/Paneer_Broccoli_stir_fry_046.jpg,66,Paneer_Broccoli_stir_fry,val,564,,3224
3225,Paneer_Broccoli_stir_fry/Paneer_Broccoli_stir_fry_047.jpg,66,Paneer_Broccoli_stir_fry,val,285,,3224
3226,Paneer_Broccoli_stir_fry/Paneer_Broccoli_stir_fry_048.jpg,66,Paneer_Broccoli_stir_fry,train,2804,,3226
3227,Paneer_Broccoli_stir_fry/Paneer_Broccoli_stir_fry_049.jpg,66,Paneer_Broccoli_stir_fry,train,1300,,3227
3228,Paneer_Broccoli_stir_fry/Paneer_Broccoli_stir_fry_050.jpg,66,Paneer_Broccoli_stir_fry,val,676,,3228
3229,Paneer_Broccoli_stir_fry/Paneer_Broccoli_stir_fry_051.jpg,66,Paneer_Broccoli_stir_fry,train,2977,,3229
3230,Paneer_Broccoli_stir_fry/Paneer_Broccoli_stir_fry_052.jpg,66,Paneer_Broccoli_stir_fry,train,1196,,3227
3231,Pani_Puri/Pani_Puri_001.jpg,67,Pani_Puri,train,2403,,3231
3232,Pani_Puri/Pani_Puri_002.jpg,67,Pani_Puri,train,1252,,3232
3233,Pani_Puri/Pani_Puri_003.jpg,67,Pani_Puri,val,77,,3233
3234,Pani_Puri/Pani_Puri_004.jpg,67,Pani_Puri,train,2832,,3234
3235,Pani_Puri/Pani_Puri_005.jpg,67,Pani_Puri,train,4,,3235
3236,Pani_Puri/Pani_Puri_006.jpg,67,Pani_Puri,test,599,,3236
3237,Pani_Puri/Pani_Puri_007.jpg,67,Pani_Puri,train,201,,3237
3238,Pani_Puri/Pani_Puri_008.jpg,67,Pani_Puri,train,1319,,3238
3239,Pani_Puri/Pani_Puri_009.jpg,67,Pani_Puri,train,1963,,3239
3240,Pani_Puri/Pani_Puri_010.jpg,67,Pani_Puri,excluded,-1,exact duplicate (same class),3240
3241,Papdi/Papdi_001.jpg,68,Papdi,test,658,,3241
3242,Papdi/Papdi_002.jpg,68,Papdi,train,2951,,3242
3243,Papdi/Papdi_003.jpg,68,Papdi,val,380,,3243
3244,Papdi/Papdi_004.jpg,68,Papdi,val,657,,3244
3245,Papdi/Papdi_005.jpg,68,Papdi,train,245,,3245
3246,Papdi/Papdi_006.jpg,68,Papdi,train,2663,,3246
3247,Papdi/Papdi_007.jpg,68,Papdi,train,10,,3247
3248,Papdi/Papdi_008.jpg,68,Papdi,train,1190,,3248
3249,Papdi/Papdi_009.jpg,68,Papdi,train,1158,,3249
3250,Papdi/Papdi_010.jpg,68,Papdi,test,122,,3250
3251,Papdi/Papdi_011.jpg,68,Papdi,test,248,,3251
3252,Papdi/Papdi_012.jpg,68,Papdi,train,2442,,3252
3253,Papdi/Papdi_013.jpg,68,Papdi,train,2548,,3253
3254,Papdi/Papdi_014.jpg,68,Papdi,train,804,,3254
3255,Papdi/Papdi_015.jpg,68,Papdi,train,1808,,3255
3256,Papdi/Papdi_016.jpg,68,Papdi,train,1110,,3256
3257,Papdi/Papdi_017.jpg,68,Papdi,train,894,,3257
3258,Papdi/Papdi_018.jpg,68,Papdi,train,28,,3258
3259,Papdi/Papdi_019.jpg,68,Papdi,test,442,,3259
3260,Papdi/Papdi_020.jpg,68,Papdi,train,1014,,3260
3261,Papdi/Papdi_021.jpg,68,Papdi,val,566,,3261
3262,Papdi/Papdi_022.jpg,68,Papdi,val,265,,3262
3263,Papdi/Papdi_023.jpg,68,Papdi,train,1259,,3263
3264,Papdi/Papdi_024.jpg,68,Papdi,train,1659,,3264
3265,Papdi/Papdi_025.jpg,68,Papdi,test,364,,3265
3266,Papdi/Papdi_026.jpg,68,Papdi,train,228,,3266
3267,Papdi/Papdi_027.jpg,68,Papdi,test,416,,3267
3268,Papdi/Papdi_028.jpg,68,Papdi,train,2488,,3268
3269,Papdi/Papdi_029.jpg,68,Papdi,train,3044,,3269
3270,Papdi/Papdi_030.jpg,68,Papdi,train,687,,3270
3271,Papdi/Papdi_031.jpg,68,Papdi,train,3007,,3271
3272,Papdi/Papdi_032.jpg,68,Papdi,train,2975,,3272
3273,Papdi/Papdi_033.jpg,68,Papdi,train,1288,,3273
3274,Papdi/Papdi_034.jpg,68,Papdi,train,662,,3274
3275,Papdi/Papdi_035.jpg,68,Papdi,train,657,,3275
3276,Papdi/Papdi_036.jpg,68,Papdi,train,1926,,3276
3277,Papdi/Papdi_037.jpg,68,Papdi,val,396,,3277
3278,Papdi/Papdi_038.jpg,68,Papdi,val,458,,3278
3279,Papdi/Papdi_039.jpg,68,Papdi,train,1647,,3279
3280,Papdi/Papdi_040.jpg,68,Papdi,val,607,,3280
3281,Papdi/Papdi_041.jpg,68,Papdi,train,47,,3281
3282,Papdi/Papdi_042.jpg,68,Papdi,test,329,,3282
3283,Papdi/Papdi_043.jpg,68,Papdi,train,679,,3283
3284,Papdi/Papdi_044.jpg,68,Papdi,train,549,,3284
3285,Pasta/Pasta_001.jpg,69,Pasta,train,2175,,3285
3286,Pasta/Pasta_002.jpg,69,Pasta,train,542,,3311
3287,Pasta/Pasta_003.jpg,69,Pasta,train,1294,,3287
3288,Pasta/Pasta_004.jpg,69,Pasta,train,722,,3288
3289,Pasta/Pasta_005.jpg,69,Pasta,val,73,,3289
3290,Pasta/Pasta_006.jpg,69,Pasta,train,1160,,3290
3291,Pasta/Pasta_007.jpg,69,Pasta,train,2950,,3291
3292,Pasta/Pasta_008.jpg,69,Pasta,train,3023,,3287
3293,Pasta/Pasta_009.jpg,69,Pasta,train,2413,,3293
3294,Pasta/Pasta_010.jpg,69,Pasta,train,3126,,3291
3295,Pasta/Pasta_011.jpg,69,Pasta,train,739,,3293
3296,Pasta/Pasta_012.jpg,69,Pasta,test,180,,3297
3297,Pasta/Pasta_013.jpg,69,Pasta,test,312,,3297
3298,Pasta/Pasta_014.jpg,69,Pasta,test,480,,3298
3299,Pasta/Pasta_015.jpg,69,Pasta,train,2644,,3299
3300,Pasta/Pasta_016.jpg,69,Pasta,train,2166,,3300
3301,Pasta/Pasta_017.jpg,69,Pasta,test,176,,3301
3302,Pasta/Pasta_018.jpg,69,Pasta,train,2677,,3302
3303,Pasta/Pasta_019.jpg,69,Pasta,train,775,,3303
3304,Pasta/Pasta_020.jpg,69,Pasta,train,1605,,3304
3305,Pasta/Pasta_021.jpg,69,Pasta,train,286,,3305
3306,Pasta/Pasta_022.jpg,69,Pasta,val,556,,3306
3307,Pasta/Pasta_023.jpg,69,Pasta,train,431,,3307
3308,Pasta/Pasta_024.jpg,69,Pasta,train,1050,,3308
3309,Pasta/Pasta_025.jpg,69,Pasta,train,1408,,3304
3310,Pasta/Pasta_026.jpg,69,Pasta,train,1890,,3305
3311,Pasta/Pasta_027.jpg,69,Pasta,train,135,,3311
3312,Pasta/Pasta_028.jpg,69,Pasta,val,126,,3306
3313,Pasta/Pasta_029.jpg,69,Pasta,train,1604,,3302
3314,Pasta/Pasta_030.jpg,69,Pasta,val,43,,3289
3315,Pasta/Pasta_031.jpg,69,Pasta,val,473,,3289
3316,Pasta/Pasta_032.jpg,69,Pasta,train,2714,,3307
3317,Pasta/Pasta_033.jpg,69,Pasta,val,472,,3317
3318,Pasta/Pasta_034.jpg,69,Pasta,test,524,,3301
3319,Pasta/Pasta_035.jpg,69,Pasta,train,1787,,3319
3320,Pasta/Pasta_036.jpg,69,Pasta,test,483,,3297
3321,Pasta/Pasta_037.jpg,69,Pasta,train,2250,,3308
3322,Pasta/Pasta_038.jpg,69,Pasta,test,281,,3297
3323,Pasta/Pasta_039.jpg,69,Pasta,test,456,,3297
3324,Pasta/Pasta_040.jpg,69,Pasta,train,2789,,3300
3325,Pasta/Pasta_041.jpg,69,Pasta,train,2498,,3311
3326,Pasta/Pasta_042.jpg,69,Pasta,train,565,,3299
3327,Pasta/Pasta_043.jpg,69,Pasta,val,59,,3327
3328,Pasta/Pasta_044.jpg,69,Pasta,val,669,,3289
3329,Pasta/Pasta_045.jpg,69,Pasta,train,1529,,3329
3330,Pasta/Pasta_046.jpg,69,Pasta,train,924,,3330
3331,Pasta/Pasta_047.jpg,69,Pasta,train,614,,3331
3332,Pasta/Pasta_048.jpg,69,Pasta,train,688,,3332
3333,Pasta/Pasta_049.jpg,69,Pasta,train,446,,3333
3334,Pasta/Pasta_050.jpg,69,Pasta,train,2270,,3334
3335,Pav_bhaji/Pav_bhaji_001.jpg,70,Pav_bhaji,excluded,-1,exact duplicate under different classes,3335
3336,Pav_bhaji/Pav_bhaji_002.jpg,70,Pav_bhaji,train,806,,3336
3337,Pav_bhaji/Pav_bhaji_003.jpg,70,Pav_bhaji,train,1469,,3337
3338,Pav_bhaji/Pav_bhaji_004.jpg,70,Pav_bhaji,train,1961,,3338
3339,Pav_bhaji/Pav_bhaji_005.jpg,70,Pav_bhaji,train,1610,,3339
3340,Pav_bhaji/Pav_bhaji_006.jpg,70,Pav_bhaji,test,352,,3340
3341,Pav_bhaji/Pav_bhaji_007.jpg,70,Pav_bhaji,train,1964,,3341
3342,Pav_bhaji/Pav_bhaji_008.jpg,70,Pav_bhaji,train,1246,,3342
3343,Pav_bhaji/Pav_bhaji_009.jpg,70,Pav_bhaji,train,1450,,3343
3344,Pav_bhaji/Pav_bhaji_010.jpg,70,Pav_bhaji,train,700,,3344
3345,Pav_bhaji/Pav_bhaji_011.jpg,70,Pav_bhaji,excluded,-1,exact duplicate under different classes,3345
3346,Pav_bhaji/Pav_bhaji_012.jpg,70,Pav_bhaji,excluded,-1,exact duplicate under different classes,3346
3347,Pav_bhaji/Pav_bhaji_013.jpg,70,Pav_bhaji,train,1934,,3347
3348,Pav_bhaji/Pav_bhaji_014.jpg,70,Pav_bhaji,train,2976,,3348
3349,Pav_bhaji/Pav_bhaji_015.jpg,70,Pav_bhaji,train,1608,,3349
3350,Pav_bhaji/Pav_bhaji_016.jpg,70,Pav_bhaji,val,210,,3350
3351,Pav_bhaji/Pav_bhaji_017.jpg,70,Pav_bhaji,test,548,,3351
3352,Pav_bhaji/Pav_bhaji_018.jpg,70,Pav_bhaji,val,185,,3352
3353,Pav_bhaji/Pav_bhaji_019.jpg,70,Pav_bhaji,train,2213,,3353
3354,Pav_bhaji/Pav_bhaji_020.jpg,70,Pav_bhaji,train,826,,3354
3355,Pav_bhaji/Pav_bhaji_021.jpg,70,Pav_bhaji,test,443,,3351
3356,Pav_bhaji/Pav_bhaji_022.jpg,70,Pav_bhaji,train,1454,,3356
3357,Pav_bhaji/Pav_bhaji_023.jpg,70,Pav_bhaji,train,1397,,3357
3358,Pav_bhaji/Pav_bhaji_024.jpg,70,Pav_bhaji,test,33,,3358
3359,Pav_bhaji/Pav_bhaji_025.jpg,70,Pav_bhaji,test,382,,3351
3360,Pav_bhaji/Pav_bhaji_026.jpg,70,Pav_bhaji,train,748,,3360
3361,Pav_bhaji/Pav_bhaji_027.jpg,70,Pav_bhaji,train,1040,,3361
3362,Pav_bhaji/Pav_bhaji_028.jpg,70,Pav_bhaji,train,753,,3356
3363,Pav_bhaji/Pav_bhaji_029.jpg,70,Pav_bhaji,train,2859,,3363
3364,Pav_bhaji/Pav_bhaji_030.jpg,70,Pav_bhaji,train,31,,3364
3365,Pav_bhaji/Pav_bhaji_031.jpg,70,Pav_bhaji,val,280,,3365
3366,Pav_bhaji/Pav_bhaji_032.jpg,70,Pav_bhaji,val,422,,3366
3367,Pav_bhaji/Pav_bhaji_033.jpg,70,Pav_bhaji,val,151,,3366
3368,Pav_bhaji/Pav_bhaji_034.jpg,70,Pav_bhaji,train,3103,,3368
3369,Poha/Poha_001.jpg,71,Poha,train,1648,,3369
3370,Poha/Poha_002.jpg,71,Poha,train,1076,,3370
3371,Poha/Poha_003.jpg,71,Poha,val,234,,3371
3372,Poha/Poha_004.jpg,71,Poha,test,0,,3372
3373,Poha/Poha_005.jpg,71,Poha,val,675,,3373
3374,Poha/Poha_006.jpg,71,Poha,train,1957,,3374
3375,Poha/Poha_007.jpg,71,Poha,val,485,,3375
3376,Poha/Poha_008.jpg,71,Poha,train,2486,,3376
3377,Poha/Poha_009.jpg,71,Poha,train,1804,,3377
3378,Poha/Poha_010.jpg,71,Poha,val,44,,3378
3379,Poha/Poha_011.jpg,71,Poha,train,1519,,3379
3380,Poha/Poha_012.jpg,71,Poha,train,966,,3380
3381,Poha/Poha_013.jpg,71,Poha,test,390,,3381
3382,Poha/Poha_014.jpg,71,Poha,val,435,,3382
3383,Poha/Poha_015.jpg,71,Poha,val,642,,3383
3384,Poha/Poha_016.jpg,71,Poha,train,1968,,3384
3385,Poha/Poha_017.jpg,71,Poha,train,2200,,3385
3386,Poha/Poha_018.jpg,71,Poha,train,121,,3386
3387,Poha/Poha_019.jpg,71,Poha,train,282,,3387
3388,Poha/Poha_020.jpg,71,Poha,train,800,,3388
3389,Poha/Poha_021.jpg,71,Poha,train,3091,,3389
3390,Poha/Poha_022.jpg,71,Poha,train,1802,,3390
3391,Poha/Poha_023.jpg,71,Poha,train,2368,,3391
3392,Poha/Poha_024.jpg,71,Poha,train,298,,3392
3393,Poha/Poha_025.jpg,71,Poha,train,1603,,3393
3394,Poha/Poha_026.jpg,71,Poha,train,1622,,3394
3395,Poha/Poha_027.jpg,71,Poha,train,1660,,3395
3396,Poha/Poha_028.jpg,71,Poha,train,1842,,3396
3397,Poha/Poha_029.jpg,71,Poha,train,2674,,3397
3398,Poha/Poha_030.jpg,71,Poha,train,1147,,3398
3399,Poha/Poha_031.jpg,71,Poha,train,794,,3399
3400,Poha/Poha_032.jpg,71,Poha,train,1862,,3400
3401,Poha/Poha_033.jpg,71,Poha,train,414,,3401
3402,Poha/Poha_034.jpg,71,Poha,train,613,,3402
3403,Poha/Poha_035.jpg,71,Poha,val,350,,3403
3404,Poha/Poha_036.jpg,71,Poha,train,1676,,3404
3405,Poha/Poha_037.jpg,71,Poha,train,3067,,3405
3406,Poha/Poha_038.jpg,71,Poha,train,1269,,3406
3407,Poha/Poha_039.jpg,71,Poha,train,555,,3407
3408,Poha/Poha_040.jpg,71,Poha,train,1620,,3408
3409,Poha/Poha_041.jpg,71,Poha,train,1538,,3409
3410,Poha/Poha_042.jpg,71,Poha,train,2355,,3410
3411,Poha/Poha_043.jpg,71,Poha,val,14,,3411
3412,Poha/Poha_044.jpg,71,Poha,train,2863,,3412
3413,Poha/Poha_045.jpg,71,Poha,train,1112,,3413
3414,Poha/Poha_046.jpg,71,Poha,test,151,,3414
3415,Poha/Poha_047.jpg,71,Poha,val,271,,3415
3416,Poha/Poha_048.jpg,71,Poha,test,600,,3416
3417,Poha/Poha_049.jpg,71,Poha,train,2136,,3417
3418,Poha/Poha_050.jpg,71,Poha,train,2504,,3418
3419,Poha/Poha_051.jpg,71,Poha,test,640,,3419
3420,Poha/Poha_052.jpg,71,Poha,val,677,,3411
3421,Poha/Poha_053.jpg,71,Poha,test,109,,3421
3422,Poha/Poha_054.jpg,71,Poha,test,137,,3421
3423,Poha/Poha_055.jpg,71,Poha,train,169,,3423
3424,Poha/Poha_056.jpg,71,Poha,test,406,,3424
3425,Poha/Poha_057.jpg,71,Poha,test,84,,3425
3426,Poha/Poha_058.jpg,71,Poha,train,3113,,3426
3427,Poha/Poha_059.jpg,71,Poha,train,138,,3427
3428,Poha/Poha_060.jpg,71,Poha,train,2788,,3428
3429,Poha/Poha_061.jpg,71,Poha,test,79,,3429
3430,Poha/Poha_062.jpg,71,Poha,train,464,,3430
3431,Poha/Poha_063.jpg,71,Poha,train,2687,,3431
3432,Poha/Poha_064.jpg,71,Poha,train,1707,,3432
3433,Poha/Poha_065.jpg,71,Poha,train,2697,,3433
3434,Poha/Poha_066.jpg,71,Poha,train,543,,3434
3435,Poha/Poha_067.jpg,71,Poha,train,1062,,3435
3436,Prawns_sabji/Prawns_sabji_001.jpg,72,Prawns_sabji,val,13,,3436
3437,Prawns_sabji/Prawns_sabji_002.jpg,72,Prawns_sabji,train,970,,3437
3438,Prawns_sabji/Prawns_sabji_003.jpg,72,Prawns_sabji,train,1426,,3438
3439,Prawns_sabji/Prawns_sabji_004.jpg,72,Prawns_sabji,train,896,,3439
3440,Prawns_sabji/Prawns_sabji_005.jpg,72,Prawns_sabji,train,1504,,3440
3441,Prawns_sabji/Prawns_sabji_006.jpg,72,Prawns_sabji,train,890,,3441
3442,Prawns_sabji/Prawns_sabji_007.jpg,72,Prawns_sabji,train,818,,3442
3443,Prawns_sabji/Prawns_sabji_008.jpg,72,Prawns_sabji,train,1542,,3443
3444,Prawns_sabji/Prawns_sabji_009.jpg,72,Prawns_sabji,train,187,,3444
3445,Prawns_sabji/Prawns_sabji_010.jpg,72,Prawns_sabji,test,547,,3445
3446,Prawns_sabji/Prawns_sabji_011.jpg,72,Prawns_sabji,train,1794,,3446
3447,Prawns_sabji/Prawns_sabji_012.jpg,72,Prawns_sabji,train,2049,,3447
3448,Prawns_sabji/Prawns_sabji_013.jpg,72,Prawns_sabji,test,544,,3448
3449,Prawns_sabji/Prawns_sabji_014.jpg,72,Prawns_sabji,val,194,,3449
3450,Prawns_sabji/Prawns_sabji_015.jpg,72,Prawns_sabji,val,20,,3450
3451,Prawns_sabji/Prawns_sabji_016.jpg,72,Prawns_sabji,test,504,,3451
3452,Prawns_sabji/Prawns_sabji_017.jpg,72,Prawns_sabji,train,2474,,3452
3453,Prawns_sabji/Prawns_sabji_018.jpg,72,Prawns_sabji,train,579,,3453
3454,Prawns_sabji/Prawns_sabji_019.jpg,72,Prawns_sabji,train,1493,,3454
3455,Prawns_sabji/Prawns_sabji_020.jpg,72,Prawns_sabji,train,2454,,3455
3456,Prawns_sabji/Prawns_sabji_021.jpg,72,Prawns_sabji,train,575,,3456
3457,Prawns_sabji/Prawns_sabji_022.jpg,72,Prawns_sabji,train,2364,,3457
3458,Prawns_sabji/Prawns_sabji_023.jpg,72,Prawns_sabji,train,1111,,3458
3459,Pudina_grilled_chicken/Pudina_grilled_chicken_001.jpg,73,Pudina_grilled_chicken,train,2910,,3459
3460,Pudina_grilled_chicken/Pudina_grilled_chicken_002.jpg,73,Pudina_grilled_chicken,train,483,,3460
3461,Pudina_grilled_chicken/Pudina_grilled_chicken_003.jpg,73,Pudina_grilled_chicken,train,1013,,3461
3462,Pudina_grilled_chicken/Pudina_grilled_chicken_004.jpg,73,Pudina_grilled_chicken,train,417,,3462
3463,Pudina_grilled_chicken/Pudina_grilled_chicken_005.jpg,73,Pudina_grilled_chicken,train,2700,,3463
3464,Pudina_grilled_chicken/Pudina_grilled_chicken_006.jpg,73,Pudina_grilled_chicken,train,1227,,3464
3465,Pudina_grilled_chicken/Pudina_grilled_chicken_007.jpg,73,Pudina_grilled_chicken,val,450,,3465
3466,Pudina_grilled_chicken/Pudina_grilled_chicken_008.jpg,73,Pudina_grilled_chicken,train,487,,3466
3467,Pudina_grilled_chicken/Pudina_grilled_chicken_009.jpg,73,Pudina_grilled_chicken,train,478,,3467
3468,Pudina_grilled_chicken/Pudina_grilled_chicken_010.jpg,73,Pudina_grilled_chicken,train,686,,3468
3469,Pudina_grilled_chicken/Pudina_grilled_chicken_011.jpg,73,Pudina_grilled_chicken,train,288,,3469
3470,Pudina_grilled_chicken/Pudina_grilled_chicken_012.jpg,73,Pudina_grilled_chicken,test,606,,3470
3471,Pudina_grilled_chicken/Pudina_grilled_chicken_013.jpg,73,Pudina_grilled_chicken,train,1430,,3471
3472,Pudina_grilled_chicken/Pudina_grilled_chicken_014.jpg,73,Pudina_grilled_chicken,test,568,,3472
3473,Pudina_grilled_chicken/Pudina_grilled_chicken_015.jpg,73,Pudina_grilled_chicken,train,773,,3473
3474,Pudina_grilled_chicken/Pudina_grilled_chicken_016.jpg,73,Pudina_grilled_chicken,train,2554,,3474
3475,Pudina_grilled_chicken/Pudina_grilled_chicken_017.jpg,73,Pudina_grilled_chicken,train,2274,,3475
3476,Pudina_grilled_chicken/Pudina_grilled_chicken_018.jpg,73,Pudina_grilled_chicken,test,583,,3476
3477,Pudina_grilled_chicken/Pudina_grilled_chicken_019.jpg,73,Pudina_grilled_chicken,test,139,,3477
3478,Pudina_grilled_chicken/Pudina_grilled_chicken_020.jpg,73,Pudina_grilled_chicken,train,2545,,3478
3479,Pudina_grilled_chicken/Pudina_grilled_chicken_021.jpg,73,Pudina_grilled_chicken,train,620,,3479
3480,Pudina_grilled_chicken/Pudina_grilled_chicken_022.jpg,73,Pudina_grilled_chicken,train,445,,3480
3481,Pudina_grilled_chicken/Pudina_grilled_chicken_023.jpg,73,Pudina_grilled_chicken,train,618,,3481
3482,Pudina_grilled_chicken/Pudina_grilled_chicken_024.jpg,73,Pudina_grilled_chicken,train,808,,3482
3483,Pudina_grilled_chicken/Pudina_grilled_chicken_025.jpg,73,Pudina_grilled_chicken,val,486,,3483
3484,Pudina_grilled_chicken/Pudina_grilled_chicken_026.jpg,73,Pudina_grilled_chicken,train,302,,3484
3485,Pudina_grilled_chicken/Pudina_grilled_chicken_027.jpg,73,Pudina_grilled_chicken,train,2206,,3485
3486,Pudina_grilled_chicken/Pudina_grilled_chicken_028.jpg,73,Pudina_grilled_chicken,test,14,,3486
3487,Pudina_grilled_chicken/Pudina_grilled_chicken_029.jpg,73,Pudina_grilled_chicken,train,893,,3487
3488,Pudina_grilled_chicken/Pudina_grilled_chicken_030.jpg,73,Pudina_grilled_chicken,train,1730,,3482
3489,Pudina_grilled_chicken/Pudina_grilled_chicken_031.jpg,73,Pudina_grilled_chicken,train,2536,,3489
3490,Pudina_grilled_chicken/Pudina_grilled_chicken_032.jpg,73,Pudina_grilled_chicken,train,65,,3481
3491,Pudina_grilled_chicken/Pudina_grilled_chicken_033.jpg,73,Pudina_grilled_chicken,train,2825,,3480
3492,Pudina_grilled_chicken/Pudina_grilled_chicken_034.jpg,73,Pudina_grilled_chicken,train,859,,3484
3493,Pudina_grilled_chicken/Pudina_grilled_chicken_035.jpg,73,Pudina_grilled_chicken,train,1892,,3485
3494,Pudina_grilled_chicken/Pudina_grilled_chicken_036.jpg,73,Pudina_grilled_chicken,train,423,,3494
3495,Pudina_grilled_chicken/Pudina_grilled_chicken_037.jpg,73,Pudina_grilled_chicken,train,1847,,3479
3496,Pudina_grilled_chicken/Pudina_grilled_chicken_038.jpg,73,Pudina_grilled_chicken,train,922,,3478
3497,Pudina_grilled_chicken/Pudina_grilled_chicken_039.jpg,73,Pudina_grilled_chicken,val,505,,3497
3498,Pudina_grilled_chicken/Pudina_grilled_chicken_040.jpg,73,Pudina_grilled_chicken,val,309,,3483
3499,Pudina_grilled_chicken/Pudina_grilled_chicken_041.jpg,73,Pudina_grilled_chicken,val,174,,3499
3500,Pudina_grilled_chicken/Pudina_grilled_chicken_042.jpg,73,Pudina_grilled_chicken,test,113,,3477
3501,Pudina_grilled_chicken/Pudina_grilled_chicken_043.jpg,73,Pudina_grilled_chicken,train,1382,,3489
3502,Pudina_grilled_chicken/Pudina_grilled_chicken_044.jpg,73,Pudina_grilled_chicken,train,1213,,3502
3503,Pudina_grilled_chicken/Pudina_grilled_chicken_045.jpg,73,Pudina_grilled_chicken,train,2041,,3494
3504,Pudina_grilled_chicken/Pudina_grilled_chicken_046.jpg,73,Pudina_grilled_chicken,train,1165,,3504
3505,Pudina_grilled_chicken/Pudina_grilled_chicken_047.jpg,73,Pudina_grilled_chicken,test,356,,3476
3506,Pudina_grilled_chicken/Pudina_grilled_chicken_048.jpg,73,Pudina_grilled_chicken,train,1502,,3474
3507,Pudina_grilled_chicken/Pudina_grilled_chicken_049.jpg,73,Pudina_grilled_chicken,val,636,,3497
3508,Pudina_grilled_chicken/Pudina_grilled_chicken_050.jpg,73,Pudina_grilled_chicken,train,1745,,3508
3509,Pudina_grilled_chicken/Pudina_grilled_chicken_051.jpg,73,Pudina_grilled_chicken,val,613,,3509
3510,Pudina_grilled_chicken/Pudina_grilled_chicken_052.jpg,73,Pudina_grilled_chicken,test,410,,3472
3511,Pudina_grilled_chicken/Pudina_grilled_chicken_053.jpg,73,Pudina_grilled_chicken,val,497,,3499
3512,Pudina_grilled_chicken/Pudina_grilled_chicken_054.jpg,73,Pudina_grilled_chicken,train,2076,,3512
3513,Pulao/Pulao_001.jpg,74,Pulao,val,135,,3513
3514,Pulao/Pulao_002.jpg,74,Pulao,train,1289,,3514
3515,Pulao/Pulao_003.jpg,74,Pulao,test,39,,3515
3516,Pulao/Pulao_004.jpg,74,Pulao,train,2157,,3516
3517,Pulao/Pulao_005.jpg,74,Pulao,train,1798,,3514
3518,Pulao/Pulao_006.jpg,74,Pulao,test,510,,3518
3519,Pulao/Pulao_007.jpg,74,Pulao,test,533,,3519
3520,Pulao/Pulao_008.jpg,74,Pulao,train,1011,,3520
3521,Pulao/Pulao_009.jpg,74,Pulao,test,317,,3521
3522,Pulao/Pulao_010.jpg,74,Pulao,train,865,,3522
3523,Pulao/Pulao_011.jpg,74,Pulao,train,696,,3523
3524,Pulao/Pulao_012.jpg,74,Pulao,test,466,,3524
3525,Pulao/Pulao_013.jpg,74,Pulao,train,588,,3525
3526,Pulao/Pulao_014.jpg,74,Pulao,train,2152,,3526
3527,Pulao/Pulao_015.jpg,74,Pulao,train,1702,,3527
3528,Pulao/Pulao_016.jpg,74,Pulao,train,1805,,3528
3529,Pulao/Pulao_017.jpg,74,Pulao,train,1099,,3529
3530,Pulao/Pulao_018.jpg,74,Pulao,test,311,,3515
3531,Pulao/Pulao_019.jpg,74,Pulao,val,414,,3531
3532,Pulao/Pulao_020.jpg,74,Pulao,val,196,,3532
3533,Pulao/Pulao_021.jpg,74,Pulao,train,525,,3533
3534,Pulao/Pulao_022.jpg,74,Pulao,test,539,,3515
3535,Pulao/Pulao_023.jpg,74,Pulao,train,2018,,3535
3536,Pulao/Pulao_024.jpg,74,Pulao,val,78,,3532
3537,Pulao/Pulao_025.jpg,74,Pulao,val,292,,3537
3538,Pulao/Pulao_026.jpg,74,Pulao,train,2624,,3538
3539,Pulao/Pulao_027.jpg,74,Pulao,train,1588,,3539
3540,Pulao/Pulao_028.jpg,74,Pulao,train,1272,,3540
3541,Pulao/Pulao_029.jpg,74,Pulao,train,968,,3541
3542,Pulao/Pulao_030.jpg,74,Pulao,train,849,,3542
3543,Pulao/Pulao_031.jpg,74,Pulao,train,1394,,3543
3544,Pulao/Pulao_032.jpg,74,Pulao,train,293,,3544
3545,Pulao/Pulao_033.jpg,74,Pulao,train,1399,,3545
3546,Pulao/Pulao_034.jpg,74,Pulao,train,2052,,3546
3547,Pulao/Pulao_035.jpg,74,Pulao,train,1478,,3547
3548,Pulao/Pulao_036.jpg,74,Pulao,train,2679,,3548
3549,Pulao/Pulao_037.jpg,74,Pulao,train,1601,,3549
3550,Pulao/Pulao_038.jpg,74,Pulao,train,2309,,3550
3551,Pulao/Pulao_039.jpg,74,Pulao,val,320,,3551
3552,Pulao/Pulao_040.jpg,74,Pulao,train,1069,,3552
3553,Pulao/Pulao_041.jpg,74,Pulao,train,3022,,3553
3554,Pulao/Pulao_042.jpg,74,Pulao,val,257,,3554
3555,Pulao/Pulao_043.jpg,74,Pulao,train,3,,3555
3556,Pulao/Pulao_044.jpg,74,Pulao,train,607,,3556
3557,Pulao/Pulao_045.jpg,74,Pulao,train,1717,,3557
3558,Pulao/Pulao_046.jpg,74,Pulao,train,1122,,3558
3559,Pulao/Pulao_047.jpg,74,Pulao,val,94,,3559
3560,Pulao/Pulao_048.jpg,74,Pulao,train,2652,,3560
3561,Pulao/Pulao_049.jpg,74,Pulao,train,610,,3561
3562,Pulao/Pulao_050.jpg,74,Pulao,train,68,,3562
3563,Pulao/Pulao_051.jpg,74,Pulao,train,1302,,3563
3564,Pulao/Pulao_052.jpg,74,Pulao,test,338,,3564
3565,Pulao/Pulao_053.jpg,74,Pulao,train,161,,3565
3566,Pulao/Pulao_054.jpg,74,Pulao,train,2169,,3566
3567,Pulao/Pulao_055.jpg,74,Pulao,val,136,,3567
3568,Pulao/Pulao_056.jpg,74,Pulao,train,716,,1563
3569,Pulao/Pulao_057.jpg,74,Pulao,train,390,,3569
3570,Pulao/Pulao_058.jpg,74,Pulao,train,646,,3570
3571,Pulao/Pulao_059.jpg,74,Pulao,test,559,,3571
3572,Pumpkin_Puri/Pumpkin_Puri_001.jpg,75,Pumpkin_Puri,test,244,,3574
3573,Pumpkin_Puri/Pumpkin_Puri_002.jpg,75,Pumpkin_Puri,test,629,,3573
3574,Pumpkin_Puri/Pumpkin_Puri_003.jpg,75,Pumpkin_Puri,test,331,,3574
3575,Pumpkin_Puri/Pumpkin_Puri_004.jpg,75,Pumpkin_Puri,test,418,,3574
3576,Pumpkin_Puri/Pumpkin_Puri_005.jpg,75,Pumpkin_Puri,train,309,,3576
3577,Pumpkin_Puri/Pumpkin_Puri_006.jpg,75,Pumpkin_Puri,train,3092,,3577
3578,Pumpkin_Puri/Pumpkin_Puri_007.jpg,75,Pumpkin_Puri,train,1806,,3578
3579,Pumpkin_Puri/Pumpkin_Puri_008.jpg,75,Pumpkin_Puri,val,551,,3579
3580,Pumpkin_Puri/Pumpkin_Puri_009.jpg,75,Pumpkin_Puri,train,733,,3580
3581,Pumpkin_Puri/Pumpkin_Puri_010.jpg,75,Pumpkin_Puri,train,945,,3581
3582,Pumpkin_Puri/Pumpkin_Puri_011.jpg,75,Pumpkin_Puri,train,2501,,3582
3583,Pumpkin_Puri/Pumpkin_Puri_012.jpg,75,Pumpkin_Puri,train,3094,,3583
3584,Pumpkin_Puri/Pumpkin_Puri_013.jpg,75,Pumpkin_Puri,train,1775,,3584
3585,Pumpkin_Puri/Pumpkin_Puri_014.jpg,75,Pumpkin_Puri,train,602,,3585
3586,Pumpkin_Puri/Pumpkin_Puri_015.jpg,75,Pumpkin_Puri,train,2446,,3586
3587,Pumpkin_Puri/Pumpkin_Puri_016.jpg,75,Pumpkin_Puri,train,1417,,3587
3588,Pumpkin_Puri/Pumpkin_Puri_017.jpg,75,Pumpkin_Puri,train,2833,,3588
3589,Pumpkin_Puri/Pumpkin_Puri_018.jpg,75,Pumpkin_Puri,train,2842,,3589
3590,Pumpkin_Puri/Pumpkin_Puri_019.jpg,75,Pumpkin_Puri,train,2302,,3590
3591,Pumpkin_Puri/Pumpkin_Puri_020.jpg,75,Pumpkin_Puri,train,858,,3591
3592,Pumpkin_Puri/Pumpkin_Puri_021.jpg,75,Pumpkin_Puri,val,424,,3592
3593,Pumpkin_Puri/Pumpkin_Puri_022.jpg,75,Pumpkin_Puri,train,1825,,3593
3594,Pumpkin_Puri/Pumpkin_Puri_023.jpg,75,Pumpkin_Puri,train,1630,,3594
3595,Pumpkin_Puri/Pumpkin_Puri_024.jpg,75,Pumpkin_Puri,val,384,,3592
3596,Pumpkin_Puri/Pumpkin_Puri_025.jpg,75,Pumpkin_Puri,test,290,,3596
3597,Pumpkin_Puri/Pumpkin_Puri_026.jpg,75,Pumpkin_Puri,val,405,,3597
3598,Pumpkin_Puri/Pumpkin_Puri_027.jpg,75,Pumpkin_Puri,train,1654,,3598
3599,Pumpkin_Puri/Pumpkin_Puri_028.jpg,75,Pumpkin_Puri,val,656,,3599
3600,Pumpkin_Puri/Pumpkin_Puri_029.jpg,75,Pumpkin_Puri,train,377,,3600
3601,Pumpkin_Puri/Pumpkin_Puri_030.jpg,75,Pumpkin_Puri,train,784,,3601
3602,Pumpkin_Puri/Pumpkin_Puri_031.jpg,75,Pumpkin_Puri,train,2304,,3602
3603,Pumpkin_Puri/Pumpkin_Puri_032.jpg,75,Pumpkin_Puri,train,828,,3603
3604,Pumpkin_Puri/Pumpkin_Puri_033.jpg,75,Pumpkin_Puri,excluded,-1,exact duplicate (same class),3604
3605,Pumpkin_Puri/Pumpkin_Puri_034.jpg,75,Pumpkin_Puri,train,1018,,3605
3606,Puran_Poli/Puran_Poli_001.jpg,76,Puran_Poli,train,1260,,3606
3607,Puran_Poli/Puran_Poli_002.jpg,76,Puran_Poli,test,183,,3607
3608,Puran_Poli/Puran_Poli_003.jpg,76,Puran_Poli,train,2303,,3608
3609,Puran_Poli/Puran_Poli_004.jpg,76,Puran_Poli,train,1555,,3609
3610,Puran_Poli/Puran_Poli_005.jpg,76,Puran_Poli,train,2980,,3610
3611,Puran_Poli/Puran_Poli_006.jpg,76,Puran_Poli,val,303,,3611
3612,Puran_Poli/Puran_Poli_007.jpg,76,Puran_Poli,train,2296,,3612
3613,Puran_Poli/Puran_Poli_008.jpg,76,Puran_Poli,train,1194,,3613
3614,Puran_Poli/Puran_Poli_009.jpg,76,Puran_Poli,val,85,,3614
3615,Puran_Poli/Puran_Poli_010.jpg,76,Puran_Poli,train,1876,,3615
3616,Puran_Poli/Puran_Poli_011.jpg,76,Puran_Poli,train,1711,,3616
3617,Puran_Poli/Puran_Poli_012.jpg,76,Puran_Poli,train,1817,,3617
3618,Puran_Poli/Puran_Poli_013.jpg,76,Puran_Poli,train,315,,3618
3619,Puran_Poli/Puran_Poli_014.jpg,76,Puran_Poli,train,2230,,3619
3620,Puran_Poli/Puran_Poli_015.jpg,76,Puran_Poli,train,199,,3620
3621,Puran_Poli/Puran_Poli_016.jpg,76,Puran_Poli,test,124,,3621
3622,Puran_Poli/Puran_Poli_017.jpg,76,Puran_Poli,train,2224,,3622
3623,Puran_Poli/Puran_Poli_018.jpg,76,Puran_Poli,train,163,,3623
3624,Puran_Poli/Puran_Poli_019.jpg,76,Puran_Poli,train,3033,,3624
3625,Puran_Poli/Puran_Poli_020.jpg,76,Puran_Poli,train,811,,3625
3626,Puran_Poli/Puran_Poli_021.jpg,76,Puran_Poli,train,1850,,3626
3627,Puran_Poli/Puran_Poli_022.jpg,76,Puran_Poli,val,388,,3627
3628,Puran_Poli/Puran_Poli_023.jpg,76,Puran_Poli,test,670,,3628
3629,Puran_Poli/Puran_Poli_024.jpg,76,Puran_Poli,train,1503,,3629
3630,Puran_Poli/Puran_Poli_025.jpg,76,Puran_Poli,train,405,,3630
3631,Puran_Poli/Puran_Poli_026.jpg,76,Puran_Poli,test,571,,3631
3632,Puran_Poli/Puran_Poli_027.jpg,76,Puran_Poli,train,2336,,3632
3633,Puran_Poli/Puran_Poli_028.jpg,76,Puran_Poli,val,58,,3633
3634,Puran_Poli/Puran_Poli_029.jpg,76,Puran_Poli,train,466,,3634
3635,Puran_Poli/Puran_Poli_030.jpg,76,Puran_Poli,train,2216,,3635
3636,Puran_Poli/Puran_Poli_031.jpg,76,Puran_Poli,train,2042,,3636
3637,Puran_Poli/Puran_Poli_032.jpg,76,Puran_Poli,test,18,,3631
3638,Puran_Poli/Puran_Poli_033.jpg,76,Puran_Poli,train,1001,,3638
3639,Puran_Poli/Puran_Poli_034.jpg,76,Puran_Poli,train,428,,3639
3640,Puran_Poli/Puran_Poli_035.jpg,76,Puran_Poli,train,196,,3640
3641,Puran_Poli/Puran_Poli_036.jpg,76,Puran_Poli,train,87,,3641
3642,Puran_Poli/Puran_Poli_037.jpg,76,Puran_Poli,test,475,,3642
3643,Puran_Poli/Puran_Poli_038.jpg,76,Puran_Poli,test,336,,3631
3644,Puran_Poli/Puran_Poli_039.jpg,76,Puran_Poli,train,2640,,3644
3645,Puran_Poli/Puran_Poli_040.jpg,76,Puran_Poli,train,494,,3645
3646,Puran_Poli/Puran_Poli_041.jpg,76,Puran_Poli,val,507,,3646
3647,Puran_Poli/Puran_Poli_042.jpg,76,Puran_Poli,val,378,,3647
3648,Puran_Poli/Puran_Poli_043.jpg,76,Puran_Poli,train,1496,,3648
3649,Puran_Poli/Puran_Poli_044.jpg,76,Puran_Poli,test,46,,3631
3650,Puran_Poli/Puran_Poli_045.jpg,76,Puran_Poli,train,2112,,3650
3651,Puran_Poli/Puran_Poli_046.jpg,76,Puran_Poli,excluded,-1,exact duplicate (same class),3651
3652,Puran_Poli/Puran_Poli_047.jpg,76,Puran_Poli,train,632,,3652
3653,Puran_Poli/Puran_Poli_048.jpg,76,Puran_Poli,excluded,-1,exact duplicate (same class),3653
3654,Puran_Poli/Puran_Poli_049.jpg,76,Puran_Poli,train,1084,,3654
3655,Puran_Poli/Puran_Poli_050.jpg,76,Puran_Poli,val,36,,3655
3656,Puran_Poli/Puran_Poli_051.jpg,76,Puran_Poli,val,346,,3656
3657,Puran_Poli/Puran_Poli_052.jpg,76,Puran_Poli,train,2837,,3657
3658,Puran_Poli/Puran_Poli_053.jpg,76,Puran_Poli,train,300,,3658
3659,Puran_Poli/Puran_Poli_054.jpg,76,Puran_Poli,test,497,,3659
3660,Puran_Poli/Puran_Poli_055.jpg,76,Puran_Poli,train,764,,3660
3661,Puran_Poli/Puran_Poli_056.jpg,76,Puran_Poli,train,2720,,3661
3662,Puran_Poli/Puran_Poli_057.jpg,76,Puran_Poli,val,654,,3662
3663,Puran_Poli/Puran_Poli_058.jpg,76,Puran_Poli,train,1109,,3663
3664,Puran_Poli/Puran_Poli_059.jpg,76,Puran_Poli,train,1026,,3664
3665,Puran_Poli/Puran_Poli_060.jpg,76,Puran_Poli,train,1305,,3665
3666,Puran_Poli/Puran_Poli_061.jpg,76,Puran_Poli,train,34,,3666
3667,Rajbhog_Matho/Rajbhog_Matho_001.jpg,77,Rajbhog_Matho,test,23,,3667
3668,Rajbhog_Matho/Rajbhog_Matho_002.jpg,77,Rajbhog_Matho,train,2836,,3668
3669,Rajbhog_Matho/Rajbhog_Matho_003.jpg,77,Rajbhog_Matho,train,581,,3669
3670,Rajbhog_Matho/Rajbhog_Matho_004.jpg,77,Rajbhog_Matho,train,37,,3670
3671,Rajbhog_Matho/Rajbhog_Matho_005.jpg,77,Rajbhog_Matho,train,35,,3671
3672,Rajbhog_Matho/Rajbhog_Matho_006.jpg,77,Rajbhog_Matho,test,590,,3672
3673,Rajbhog_Matho/Rajbhog_Matho_007.jpg,77,Rajbhog_Matho,train,3122,,3673
3674,Rajbhog_Matho/Rajbhog_Matho_008.jpg,77,Rajbhog_Matho,train,1754,,3674
3675,Rajbhog_Matho/Rajbhog_Matho_009.jpg,77,Rajbhog_Matho,train,2180,,3675
3676,Rajbhog_Matho/Rajbhog_Matho_010.jpg,77,Rajbhog_Matho,val,307,,3676
3677,Rajbhog_Matho/Rajbhog_Matho_011.jpg,77,Rajbhog_Matho,test,444,,3677
3678,Rajbhog_Matho/Rajbhog_Matho_012.jpg,77,Rajbhog_Matho,train,540,,3678
3679,Rajbhog_Matho/Rajbhog_Matho_013.jpg,77,Rajbhog_Matho,val,459,,3679
3680,Rajbhog_Matho/Rajbhog_Matho_014.jpg,77,Rajbhog_Matho,val,615,,3679
3681,Rajbhog_Matho/Rajbhog_Matho_015.jpg,77,Rajbhog_Matho,train,330,,3681
3682,Rajbhog_Matho/Rajbhog_Matho_016.jpg,77,Rajbhog_Matho,train,2399,,3682
3683,Rajbhog_Matho/Rajbhog_Matho_017.jpg,77,Rajbhog_Matho,val,88,,3683
3684,Rajbhog_Matho/Rajbhog_Matho_018.jpg,77,Rajbhog_Matho,test,610,,3684
3685,Rajbhog_Matho/Rajbhog_Matho_019.jpg,77,Rajbhog_Matho,val,302,,3685
3686,Rajbhog_Matho/Rajbhog_Matho_020.jpg,77,Rajbhog_Matho,test,63,,3686
3687,Rajbhog_Matho/Rajbhog_Matho_021.jpg,77,Rajbhog_Matho,train,1911,,3687
3688,Rajbhog_Matho/Rajbhog_Matho_022.jpg,77,Rajbhog_Matho,test,134,,3677
3689,Rajbhog_Matho/Rajbhog_Matho_023.jpg,77,Rajbhog_Matho,train,2705,,3689
3690,Rajbhog_Matho/Rajbhog_Matho_024.jpg,77,Rajbhog_Matho,val,484,,3690
3691,Rajbhog_Matho/Rajbhog_Matho_025.jpg,77,Rajbhog_Matho,train,399,,3691
3692,Rajbhog_Matho/Rajbhog_Matho_026.jpg,77,Rajbhog_Matho,train,3097,,3692
3693,Rajbhog_Matho/Rajbhog_Matho_027.jpg,77,Rajbhog_Matho,val,203,,3679
3694,Rajbhog_Matho/Rajbhog_Matho_028.jpg,77,Rajbhog_Matho,train,980,,3694
3695,Rajbhog_Matho/Rajbhog_Matho_029.jpg,77,Rajbhog_Matho,train,2850,,3695
3696,Rajbhog_Matho/Rajbhog_Matho_030.jpg,77,Rajbhog_Matho,train,391,,3696
3697,Rajbhog_Matho/Rajbhog_Matho_031.jpg,77,Rajbhog_Matho,train,704,,3697
3698,Rajbhog_Matho/Rajbhog_Matho_032.jpg,77,Rajbhog_Matho,test,440,,3698
3699,Rajbhog_Matho/Rajbhog_Matho_033.jpg,77,Rajbhog_Matho,train,2068,,3696
3700,Rajbhog_Matho/Rajbhog_Matho_034.jpg,77,Rajbhog_Matho,train,681,,3700
3701,Rajbhog_Matho/Rajbhog_Matho_035.jpg,77,Rajbhog_Matho,train,2521,,3701
3702,Rajbhog_Matho/Rajbhog_Matho_036.jpg,77,Rajbhog_Matho,train,194,,3702
3703,Rajbhog_Matho/Rajbhog_Matho_037.jpg,77,Rajbhog_Matho,test,164,,3677
3704,Rajbhog_Matho/Rajbhog_Matho_038.jpg,77,Rajbhog_Matho,train,382,,3704
3705,Rajbhog_Matho/Rajbhog_Matho_039.jpg,77,Rajbhog_Matho,train,1785,,3705
3706,Rajbhog_Matho/Rajbhog_Matho_040.jpg,77,Rajbhog_Matho,train,1455,,3706
3707,Rajbhog_Matho/Rajbhog_Matho_041.jpg,77,Rajbhog_Matho,train,917,,3707
3708,Rajbhog_Matho/Rajbhog_Matho_042.jpg,77,Rajbhog_Matho,train,2601,,3708
3709,Rajbhog_Matho/Rajbhog_Matho_043.jpg,77,Rajbhog_Matho,val,589,,3709
3710,Rajbhog_Matho/Rajbhog_Matho_044.jpg,77,Rajbhog_Matho,train,713,,3710
3711,Rajbhog_Matho/Rajbhog_Matho_045.jpg,77,Rajbhog_Matho,train,2801,,3711
3712,Rajbhog_Matho/Rajbhog_Matho_046.jpg,77,Rajbhog_Matho,train,1132,,3712
3713,Rajbhog_Matho/Rajbhog_Matho_047.jpg,77,Rajbhog_Matho,val,83,,3713
3714,Rajbhog_Matho/Rajbhog_Matho_048.jpg,77,Rajbhog_Matho,train,162,,3714
3715,Rajbhog_Matho/Rajbhog_Matho_049.jpg,77,Rajbhog_Matho,train,2671,,3715
3716,Rajbhog_Matho/Rajbhog_Matho_050.jpg,77,Rajbhog_Matho,train,3012,,3716
3717,Rajbhog_Matho/Rajbhog_Matho_051.jpg,77,Rajbhog_Matho,train,256,,3717
3718,Rajbhog_Matho/Rajbhog_Matho_052.jpg,77,Rajbhog_Matho,test,47,,3718
3719,Rajbhog_Matho/Rajbhog_Matho_053.jpg,77,Rajbhog_Matho,train,2754,,3719
3720,Rajbhog_Matho/Rajbhog_Matho_054.jpg,77,Rajbhog_Matho,train,1944,,3720
3721,Rajbhog_Matho/Rajbhog_Matho_055.jpg,77,Rajbhog_Matho,train,2862,,3721
3722,Rajbhog_Matho/Rajbhog_Matho_056.jpg,77,Rajbhog_Matho,train,1433,,3722
3723,Rajbhog_Matho/Rajbhog_Matho_057.jpg,77,Rajbhog_Matho,train,155,,3723
3724,Rajbhog_Matho/Rajbhog_Matho_058.jpg,77,Rajbhog_Matho,train,2287,,3724
3725,Rajbhog_Matho/Rajbhog_Matho_059.jpg,77,Rajbhog_Matho,test,330,,3725
3726,Rajbhog_Matho/Rajbhog_Matho_060.jpg,77,Rajbhog_Matho,train,2553,,3726
3727,Rajbhog_Matho/Rajbhog_Matho_061.jpg,77,Rajbhog_Matho,train,1323,,3727
3728,Rajbhog_Matho/Rajbhog_Matho_062.jpg,77,Rajbhog_Matho,val,672,,3728
3729,Rajbhog_Matho/Rajbhog_Matho_063.jpg,77,Rajbhog_Matho,train,1792,,3729
3730,Rajbhog_Matho/Rajbhog_Matho_064.jpg,77,Rajbhog_Matho,train,326,,3730
3731,Rasam_rice/Rasam_rice_001.jpg,78,Rasam_rice,test,672,,3731
3732,Rasam_rice/Rasam_rice_002.jpg,78,Rasam_rice,train,2541,,3732
3733,Rasam_rice/Rasam_rice_003.jpg,78,Rasam_rice,train,2333,,3733
3734,Rasam_rice/Rasam_rice_004.jpg,78,Rasam_rice,val,156,,3734
3735,Rasam_rice/Rasam_rice_005.jpg,78,Rasam_rice,test,50,,3731
3736,Rasam_rice/Rasam_rice_006.jpg,78,Rasam_rice,test,299,,3731
3737,Rasam_rice/Rasam_rice_007.jpg,78,Rasam_rice,train,1386,,3737
3738,Rasam_rice/Rasam_rice_008.jpg,78,Rasam_rice,train,2646,,3738
3739,Rasam_rice/Rasam_rice_009.jpg,78,Rasam_rice,train,2066,,3739
3740,Rasam_rice/Rasam_rice_010.jpg,78,Rasam_rice,train,1814,,3740
3741,Rasam_rice/Rasam_rice_011.jpg,78,Rasam_rice,excluded,-1,exact duplicate (same class),3741
3742,Rasam_rice/Rasam_rice_012.jpg,78,Rasam_rice,train,2876,,3744
3743,Rasam_rice/Rasam_rice_013.jpg,78,Rasam_rice,train,1337,,3744
3744,Rasam_rice/Rasam_rice_014.jpg,78,Rasam_rice,train,3058,,3744
3745,Rasam_rice/Rasam_rice_015.jpg,78,Rasam_rice,train,141,,3744
3746,Rasam_rice/Rasam_rice_016.jpg,78,Rasam_rice,train,991,,3744
3747,Rasam_rice/Rasam_rice_017.jpg,78,Rasam_rice,val,25,,3747
3748,Rasam_rice/Rasam_rice_018.jpg,78,Rasam_rice,train,830,,3744
3749,Rasam_rice/Rasam_rice_019.jpg,78,Rasam_rice,train,982,,3749
3750,Rasam_rice/Rasam_rice_020.jpg,78,Rasam_rice,val,467,,3747
3751,Rasam_rice/Rasam_rice_021.jpg,78,Rasam_rice,train,2889,,3744
3752,Rasam_rice/Rasam_rice_022.jpg,78,Rasam_rice,test,343,,3752
3753,Rasam_rice/Rasam_rice_023.jpg,78,Rasam_rice,train,1719,,3753
3754,Rasam_rice/Rasam_rice_024.jpg,78,Rasam_rice,train,2227,,3754
3755,Rasam_rice/Rasam_rice_026.jpg,78,Rasam_rice,train,1477,,3755
3756,Rasam_rice/Rasam_rice_027.jpg,78,Rasam_rice,train,2039,,3756
3757,Rasam_rice/Rasam_rice_028.jpg,78,Rasam_rice,val,605,,3757
3758,Rasam_rice/Rasam_rice_029.jpg,78,Rasam_rice,excluded,-1,exact duplicate (same class),3758
3759,Rasam_rice/Rasam_rice_030.jpg,78,Rasam_rice,train,211,,3759
3760,Rasgulla/Rasgulla_001.jpg,79,Rasgulla,train,2947,,3760
3761,Rasgulla/Rasgulla_002.jpg,79,Rasgulla,val,432,,3761
3762,Rasgulla/Rasgulla_003.jpg,79,Rasgulla,train,2904,,3762
3763,Rasgulla/Rasgulla_004.jpg,79,Rasgulla,train,2779,,3763
3764,Rasgulla/Rasgulla_005.jpg,79,Rasgulla,train,2188,,3764
3765,Rasgulla/Rasgulla_006.jpg,79,Rasgulla,train,767,,3765
3766,Rasgulla/Rasgulla_007.jpg,79,Rasgulla,train,583,,3766
3767,Rasgulla/Rasgulla_008.jpg,79,Rasgulla,train,291,,3767
3768,Rasgulla/Rasgulla_009.jpg,79,Rasgulla,train,663,,3768
3769,Rasgulla/Rasgulla_010.jpg,79,Rasgulla,train,1565,,3769
3770,Rasgulla/Rasgulla_011.jpg,79,Rasgulla,train,86,,3770
3771,Rasgulla/Rasgulla_012.jpg,79,Rasgulla,train,3015,,3771
3772,Rasgulla/Rasgulla_013.jpg,79,Rasgulla,train,2944,,3772
3773,Rasgulla/Rasgulla_014.jpg,79,Rasgulla,train,1724,,3773
3774,Rasgulla/Rasgulla_015.jpg,79,Rasgulla,train,237,,3774
3775,Rasgulla/Rasgulla_016.jpg,79,Rasgulla,train,734,,3775
3776,Rasgulla/Rasgulla_017.jpg,79,Rasgulla,train,509,,3776
3777,Rasgulla/Rasgulla_018.jpg,79,Rasgulla,val,216,,3777
3778,Rasgulla/Rasgulla_019.jpg,79,Rasgulla,test,309,,3778
3779,Rasgulla/Rasgulla_020.jpg,79,Rasgulla,train,2344,,3779
3780,Rasgulla/Rasgulla_021.jpg,79,Rasgulla,train,3075,,3780
3781,Rasgulla/Rasgulla_022.jpg,79,Rasgulla,val,11,,3781
3782,Rasgulla/Rasgulla_023.jpg,79,Rasgulla,train,1734,,3782
3783,Rasgulla/Rasgulla_024.jpg,79,Rasgulla,train,3003,,3783
3784,Rasgulla/Rasgulla_025.jpg,79,Rasgulla,train,2981,,3784
3785,Rasgulla/Rasgulla_026.jpg,79,Rasgulla,train,3112,,3785
3786,Rasgulla/Rasgulla_027.jpg,79,Rasgulla,val,399,,3786
3787,Rasgulla/Rasgulla_028.jpg,79,Rasgulla,train,1072,,3787
3788,Rasgulla/Rasgulla_029.jpg,79,Rasgulla,train,625,,3788
3789,Rasgulla/Rasgulla_030.jpg,79,Rasgulla,test,531,,3789
3790,Rasgulla/Rasgulla_031.jpg,79,Rasgulla,test,482,,3790
3791,Rasgulla/Rasgulla_032.jpg,79,Rasgulla,train,802,,3791
3792,Rasgulla/Rasgulla_033.jpg,79,Rasgulla,train,2638,,3792
3793,Rasgulla/Rasgulla_034.jpg,79,Rasgulla,train,440,,3793
3794,Rasgulla/Rasgulla_035.jpg,79,Rasgulla,val,647,,3794
3795,Rasgulla/Rasgulla_036.jpg,79,Rasgulla,train,2298,,3795
3796,Rasgulla/Rasgulla_037.jpg,79,Rasgulla,test,275,,3796
3797,Rasgulla/Rasgulla_038.jpg,79,Rasgulla,test,191,,3797
3798,Rasgulla/Rasgulla_039.jpg,79,Rasgulla,train,19,,3798
3799,Rasgulla/Rasgulla_040.jpg,79,Rasgulla,train,258,,3799
3800,Rasgulla/Rasgulla_041.jpg,79,Rasgulla,val,172,,3800
3801,Rasgulla/Rasgulla_042.jpg,79,Rasgulla,train,2053,,3801
3802,Rasgulla/Rasgulla_043.jpg,79,Rasgulla,train,1330,,3802
3803,Rasgulla/Rasgulla_044.jpg,79,Rasgulla,val,397,,3803
3804,Rasgulla/Rasgulla_045.jpg,79,Rasgulla,train,1764,,3804
3805,Rasgulla/Rasgulla_046.jpg,79,Rasgulla,train,2581,,3805
3806,Rasgulla/Rasgulla_047.jpg,79,Rasgulla,test,34,,3806
3807,Rasgulla/Rasgulla_048.jpg,79,Rasgulla,train,1162,,3807
3808,Rasgulla/Rasgulla_049.jpg,79,Rasgulla,train,395,,3808
3809,Rasgulla/Rasgulla_050.jpg,79,Rasgulla,val,402,,3809
3810,Rasgulla/Rasgulla_051.jpg,79,Rasgulla,train,1935,,3810
3811,Rasgulla/Rasgulla_052.jpg,79,Rasgulla,test,229,,3811
3812,Rasgulla/Rasgulla_053.jpg,79,Rasgulla,train,115,,3812
3813,Rasgulla/Rasgulla_054.jpg,79,Rasgulla,train,2495,,3813
3814,Rasgulla/Rasgulla_055.jpg,79,Rasgulla,val,538,,3814
3815,Rasgulla/Rasgulla_056.jpg,79,Rasgulla,test,222,,3811
3816,Rasgulla/Rasgulla_057.jpg,79,Rasgulla,test,641,,3816
3817,Rasgulla/Rasgulla_058.jpg,79,Rasgulla,train,1313,,3817
3818,Rasgulla/Rasgulla_059.jpg,79,Rasgulla,train,708,,3818
3819,Rasgulla/Rasgulla_060.jpg,79,Rasgulla,train,2301,,3819
3820,Rasmalai/Rasmalai_001.jpg,80,Rasmalai,train,379,,3820
3821,Rasmalai/Rasmalai_002.jpg,80,Rasmalai,train,941,,3821
3822,Rasmalai/Rasmalai_003.jpg,80,Rasmalai,val,569,,3822
3823,Rasmalai/Rasmalai_004.jpg,80,Rasmalai,train,1920,,3823
3824,Rasmalai/Rasmalai_005.jpg,80,Rasmalai,test,3,,3824
3825,Rasmalai/Rasmalai_006.jpg,80,Rasmalai,train,1750,,3825
3826,Rasmalai/Rasmalai_007.jpg,80,Rasmalai,val,562,,3826
3827,Rasmalai/Rasmalai_008.jpg,80,Rasmalai,train,27,,3827
3828,Rasmalai/Rasmalai_009.jpg,80,Rasmalai,train,1949,,3828
3829,Rasmalai/Rasmalai_010.jpg,80,Rasmalai,train,843,,3829
3830,Rasmalai/Rasmalai_011.jpg,80,Rasmalai,train,2688,,3830
3831,Rasmalai/Rasmalai_012.jpg,80,Rasmalai,train,573,,3831
3832,Rasmalai/Rasmalai_013.jpg,80,Rasmalai,train,1418,,3832
3833,Rasmalai/Rasmalai_014.jpg,80,Rasmalai,train,433,,3833
3834,Rasmalai/Rasmalai_015.jpg,80,Rasmalai,val,178,,3834
3835,Rasmalai/Rasmalai_016.jpg,80,Rasmalai,test,561,,3835
3836,Rasmalai/Rasmalai_017.jpg,80,Rasmalai,val,67,,3836
3837,Rasmalai/Rasmalai_018.jpg,80,Rasmalai,test,231,,3824
3838,Rasmalai/Rasmalai_019.jpg,80,Rasmalai,train,516,,3838
3839,Rasmalai/Rasmalai_020.jpg,80,Rasmalai,train,231,,3839
3840,Rasmalai/Rasmalai_021.jpg,80,Rasmalai,train,1953,,3840
3841,Rasmalai/Rasmalai_022.jpg,80,Rasmalai,train,1189,,3841
3842,Rasmalai/Rasmalai_023.jpg,80,Rasmalai,train,1,,3842
3843,Rasmalai/Rasmalai_024.jpg,80,Rasmalai,train,311,,3843
3844,Rasmalai/Rasmalai_025.jpg,80,Rasmalai,train,109,,3844
3845,Rasmalai/Rasmalai_026.jpg,80,Rasmalai,train,2027,,3845
3846,Rasmalai/Rasmalai_027.jpg,80,Rasmalai,train,1554,,3846
3847,Rasmalai/Rasmalai_028.jpg,80,Rasmalai,val,582,,3847
3848,Rasmalai/Rasmalai_029.jpg,80,Rasmalai,train,1950,,3848
3849,Rasmalai/Rasmalai_030.jpg,80,Rasmalai,train,3014,,3849
3850,Rasmalai/Rasmalai_031.jpg,80,Rasmalai,train,72,,3850
3851,Rasmalai/Rasmalai_032.jpg,80,Rasmalai,val,520,,3851
3852,Rasmalai/Rasmalai_033.jpg,80,Rasmalai,train,2370,,3852
3853,Rasmalai/Rasmalai_034.jpg,80,Rasmalai,train,2864,,3853
3854,Rasmalai/Rasmalai_035.jpg,80,Rasmalai,val,518,,3854
3855,Rasmalai/Rasmalai_036.jpg,80,Rasmalai,train,2507,,3855
3856,Rasmalai/Rasmalai_037.jpg,80,Rasmalai,train,269,,3856
3857,Rasmalai/Rasmalai_038.jpg,80,Rasmalai,train,680,,3857
3858,Rasmalai/Rasmalai_039.jpg,80,Rasmalai,test,553,,3858
3859,Rasmalai/Rasmalai_040.jpg,80,Rasmalai,test,198,,3859
3860,Rasmalai/Rasmalai_041.jpg,80,Rasmalai,test,42,,3860
3861,Rasmalai/Rasmalai_042.jpg,80,Rasmalai,train,1590,,3861
3862,Rasmalai/Rasmalai_043.jpg,80,Rasmalai,train,772,,3862
3863,Rasmalai/Rasmalai_044.jpg,80,Rasmalai,train,2437,,3863
3864,Rasmalai/Rasmalai_045.jpg,80,Rasmalai,test,284,,3864
3865,Rasmalai/Rasmalai_046.jpg,80,Rasmalai,train,3080,,3865
3866,Rasmalai/Rasmalai_047.jpg,80,Rasmalai,train,2315,,3866
3867,Rasmalai/Rasmalai_048.jpg,80,Rasmalai,test,179,,3867
3868,Rasmalai/Rasmalai_049.jpg,80,Rasmalai,train,1712,,3868
3869,Rasmalai/Rasmalai_050.jpg,80,Rasmalai,train,805,,3869
3870,Rasmalai/Rasmalai_051.jpg,80,Rasmalai,train,2070,,3870
3871,Rasmalai/Rasmalai_052.jpg,80,Rasmalai,train,1599,,3871
3872,Rasmalai/Rasmalai_053.jpg,80,Rasmalai,val,123,,3872
3873,Rasmalai/Rasmalai_054.jpg,80,Rasmalai,train,813,,3873
3874,Rasmalai/Rasmalai_3.jpg,80,Rasmalai,train,1937,,3874
3875,Rava_Sheera/20251211_192025.jpg,81,Rava_Sheera,val,99,,3875
3876,Rava_Sheera/20251211_192030.jpg,81,Rava_Sheera,train,1573,,3876
3877,Rava_Sheera/20251211_192133.jpg,81,Rava_Sheera,test,216,,3877
3878,Rava_Sheera/20251211_192136.jpg,81,Rava_Sheera,train,113,,3878
3879,Rava_Sheera/20251211_192140.jpg,81,Rava_Sheera,train,2313,,3879
3880,Rava_Sheera/20251211_192143.jpg,81,Rava_Sheera,train,1071,,3880
3881,Rava_Sheera/20251211_192155.jpg,81,Rava_Sheera,val,17,,3881
3882,Rava_Sheera/20251211_192225.jpg,81,Rava_Sheera,train,1488,,3882
3883,Rava_Sheera/20251211_192229.jpg,81,Rava_Sheera,train,157,,3883
3884,Rava_Sheera/20251211_192233.jpg,81,Rava_Sheera,test,644,,3884
3885,Rava_Sheera/20251211_192240.jpg,81,Rava_Sheera,train,1948,,3885
3886,Rava_Sheera/20251211_192310.jpg,81,Rava_Sheera,train,285,,3886
3887,Rava_Sheera/Rava_Sheera_001.jpg,81,Rava_Sheera,train,91,,3887
3888,Rava_Sheera/Rava_Sheera_002.jpg,81,Rava_Sheera,train,2189,,3888
3889,Rava_Sheera/Rava_Sheera_003.jpg,81,Rava_Sheera,test,54,,3889
3890,Rava_Sheera/Rava_Sheera_004.jpg,81,Rava_Sheera,train,2279,,3890
3891,Rava_Sheera/Rava_Sheera_005.jpg,81,Rava_Sheera,train,643,,3891
3892,Rava_Sheera/Rava_Sheera_006.jpg,81,Rava_Sheera,train,1173,,3892
3893,Rava_Sheera/Rava_Sheera_007.jpg,81,Rava_Sheera,test,153,,3893
3894,Rava_Sheera/Rava_Sheera_008.jpg,81,Rava_Sheera,train,1463,,3894
3895,Rava_Sheera/Rava_Sheera_009.jpg,81,Rava_Sheera,train,2727,,3895
3896,Rava_Sheera/Rava_Sheera_010.jpg,81,Rava_Sheera,train,3030,,3896
3897,Rava_Sheera/Rava_Sheera_011.jpg,81,Rava_Sheera,val,124,,3897
3898,Rava_Sheera/Rava_Sheera_012.jpg,81,Rava_Sheera,train,2401,,3898
3899,Rava_Sheera/Rava_Sheera_013.jpg,81,Rava_Sheera,train,2612,,3899
3900,Rava_Sheera/Rava_Sheera_014.jpg,81,Rava_Sheera,train,1568,,3900
3901,Rava_Sheera/Rava_Sheera_015.jpg,81,Rava_Sheera,train,2538,,3901
3902,Rava_Sheera/Rava_Sheera_016.jpg,81,Rava_Sheera,train,3066,,3902
3903,Rava_Sheera/Rava_Sheera_017.jpg,81,Rava_Sheera,train,1549,,3903
3904,Rava_Sheera/Rava_Sheera_018.jpg,81,Rava_Sheera,train,740,,3904
3905,Rava_Sheera/Rava_Sheera_019.jpg,81,Rava_Sheera,test,116,,3905
3906,Rava_Sheera/Rava_Sheera_020.jpg,81,Rava_Sheera,val,114,,3906
3907,Rava_Sheera/Rava_Sheera_021.jpg,81,Rava_Sheera,val,602,,3907
3908,Rava_Sheera/Rava_Sheera_022.jpg,81,Rava_Sheera,train,2802,,3908
3909,Rava_Sheera/Rava_Sheera_023.jpg,81,Rava_Sheera,val,495,,3909
3910,Rava_Sheera/Rava_Sheera_024.jpg,81,Rava_Sheera,val,634,,3910
3911,Rava_Sheera/Rava_Sheera_025.jpg,81,Rava_Sheera,val,658,,3911
3912,Rava_Sheera/Rava_Sheera_026.jpg,81,Rava_Sheera,train,1832,,3912
3913,Rava_Sheera/Rava_Sheera_027.jpg,81,Rava_Sheera,train,3090,,3913
3914,Rava_Sheera/Rava_Sheera_028.jpg,81,Rava_Sheera,test,52,,3914
3915,Rava_Sheera/Rava_Sheera_029.jpg,81,Rava_Sheera,train,814,,3915
3916,Rava_Sheera/Rava_Sheera_030.jpg,81,Rava_Sheera,train,2383,,3916
3917,Rava_Sheera/Rava_Sheera_031.jpg,81,Rava_Sheera,test,437,,3917
3918,Rava_Sheera/Rava_Sheera_032.jpg,81,Rava_Sheera,train,654,,3918
3919,Rava_Sheera/Rava_Sheera_033.jpg,81,Rava_Sheera,train,140,,3919
3920,Rava_Sheera/Rava_Sheera_034.jpg,81,Rava_Sheera,train,2667,,3920
3921,Rava_Sheera/Rava_Sheera_035.jpg,81,Rava_Sheera,train,358,,3921
3922,Rava_Sheera/Rava_Sheera_036.jpg,81,Rava_Sheera,train,356,,3922
3923,Rava_Sheera/Rava_Sheera_037.jpg,81,Rava_Sheera,train,2035,,3923
3924,Rava_Sheera/Rava_Sheera_038.jpg,81,Rava_Sheera,test,260,,3924
3925,Rava_Sheera/Rava_Sheera_039.jpg,81,Rava_Sheera,train,2655,,3925
3926,Rava_Sheera/Rava_Sheera_040.jpg,81,Rava_Sheera,train,2659,,3926
3927,Rava_Sheera/Rava_Sheera_041.jpg,81,Rava_Sheera,train,986,,3927
3928,Rava_Sheera/Rava_Sheera_042.jpg,81,Rava_Sheera,train,1327,,3928
3929,Rava_Sheera/Rava_Sheera_043.jpg,81,Rava_Sheera,train,1687,,3929
3930,Rava_Sheera/Rava_Sheera_044.jpg,81,Rava_Sheera,test,92,,3930
3931,Rava_Sheera/Rava_Sheera_045.jpg,81,Rava_Sheera,train,224,,3931
3932,Rava_Sheera/Rava_Sheera_046.jpg,81,Rava_Sheera,test,306,,3924
3933,Rava_Sheera/Rava_Sheera_047.jpg,81,Rava_Sheera,train,946,,3933
3934,Rava_Sheera/Rava_Sheera_048.jpg,81,Rava_Sheera,train,1653,,3934
3935,Rava_Sheera/Rava_Sheera_049.jpg,81,Rava_Sheera,train,1027,,3935
3936,Rava_Sheera/Rava_Sheera_050.jpg,81,Rava_Sheera,val,574,,3936
3937,Rava_Sheera/Rava_Sheera_051.jpg,81,Rava_Sheera,val,493,,3936
3938,Rava_Sheera/Rava_Sheera_052.jpg,81,Rava_Sheera,train,2503,,3938
3939,Rava_Sheera/Rava_Sheera_053.jpg,81,Rava_Sheera,train,2989,,3939
3940,Rava_barfi/Rava_barfi_001.jpg,82,Rava_barfi,train,3101,,3940
3941,Rava_barfi/Rava_barfi_002.jpg,82,Rava_barfi,train,305,,3941
3942,Rava_barfi/Rava_barfi_003.jpg,82,Rava_barfi,train,279,,3942
3943,Rava_barfi/Rava_barfi_004.jpg,82,Rava_barfi,train,1584,,3943
3944,Rava_barfi/Rava_barfi_005.jpg,82,Rava_barfi,val,506,,3944
3945,Rava_barfi/Rava_barfi_006.jpg,82,Rava_barfi,train,2236,,3945
3946,Rava_barfi/Rava_barfi_007.jpg,82,Rava_barfi,train,1765,,3946
3947,Rava_barfi/Rava_barfi_008.jpg,82,Rava_barfi,train,1155,,3947
3948,Rava_barfi/Rava_barfi_009.jpg,82,Rava_barfi,test,328,,3948
3949,Sabudana_Usal/Sabudana_Usal_001.jpg,83,Sabudana_Usal,train,2809,,3949
3950,Sabudana_Usal/Sabudana_Usal_002.jpg,83,Sabudana_Usal,val,22,,3950
3951,Sabudana_Usal/Sabudana_Usal_003.jpg,83,Sabudana_Usal,train,2051,,3951
3952,Sabudana_Usal/Sabudana_Usal_004.jpg,83,Sabudana_Usal,train,702,,3952
3953,Sabudana_Usal/Sabudana_Usal_005.jpg,83,Sabudana_Usal,train,1692,,3953
3954,Sabudana_Usal/Sabudana_Usal_006.jpg,83,Sabudana_Usal,train,151,,3954
3955,Sabudana_Usal/Sabudana_Usal_007.jpg,83,Sabudana_Usal,train,1727,,3955
3956,Sabudana_Usal/Sabudana_Usal_008.jpg,83,Sabudana_Usal,train,2558,,3956
3957,Sabudana_Usal/Sabudana_Usal_009.jpg,83,Sabudana_Usal,train,781,,3957
3958,Sabudana_Usal/Sabudana_Usal_010.jpg,83,Sabudana_Usal,test,303,,3958
3959,Sabudana_Usal/Sabudana_Usal_011.jpg,83,Sabudana_Usal,train,2647,,3959
3960,Sabudana_Usal/Sabudana_Usal_012.jpg,83,Sabudana_Usal,val,246,,3960
3961,Sabudana_Usal/Sabudana_Usal_013.jpg,83,Sabudana_Usal,train,1403,,3961
3962,Sabudana_Usal/Sabudana_Usal_014.jpg,83,Sabudana_Usal,test,380,,3962
3963,Sabudana_Usal/Sabudana_Usal_015.jpg,83,Sabudana_Usal,train,1000,,3963
3964,Sabudana_Usal/Sabudana_Usal_016.jpg,83,Sabudana_Usal,train,831,,3964
3965,Samosa/Samosa_001.jpg,84,Samosa,train,1708,,3965
3966,Samosa/Samosa_002.jpg,84,Samosa,val,577,,3966
3967,Samosa/Samosa_003.jpg,84,Samosa,test,35,,3967
3968,Samosa/Samosa_004.jpg,84,Samosa,train,1770,,3968
3969,Samosa/Samosa_005.jpg,84,Samosa,train,1907,,3969
3970,Samosa/Samosa_006.jpg,84,Samosa,train,1153,,3970
3971,Samosa/Samosa_007.jpg,84,Samosa,test,2,,3971
3972,Samosa/Samosa_008.jpg,84,Samosa,test,469,,3972
3973,Samosa/Samosa_009.jpg,84,Samosa,train,951,,3973
3974,Samosa/Samosa_010.jpg,84,Samosa,train,1120,,3974
3975,Samosa/Samosa_011.jpg,84,Samosa,train,1492,,3975
3976,Samosa/Samosa_012.jpg,84,Samosa,train,1983,,3976
3977,Samosa/Samosa_013.jpg,84,Samosa,train,2390,,3977
3978,Samosa/Samosa_014.jpg,84,Samosa,train,2400,,3978
3979,Samosa/Samosa_015.jpg,84,Samosa,train,2676,,3979
3980,Samosa/Samosa_016.jpg,84,Samosa,train,2328,,3980
3981,Samosa/Samosa_017.jpg,84,Samosa,val,466,,3981
3982,Samosa/Samosa_018.jpg,84,Samosa,train,2021,,3982
3983,Samosa/Samosa_019.jpg,84,Samosa,train,216,,3983
3984,Samosa/Samosa_020.jpg,84,Samosa,test,121,,3984
3985,Samosa/Samosa_021.jpg,84,Samosa,train,589,,3985
3986,Samosa/Samosa_022.jpg,84,Samosa,train,2040,,3986
3987,Samosa/Samosa_023.jpg,84,Samosa,train,2526,,3987
3988,Samosa/Samosa_024.jpg,84,Samosa,train,2607,,3988
3989,Samosa/Samosa_025.jpg,84,Samosa,val,648,,3989
3990,Samosa/Samosa_026.jpg,84,Samosa,train,2915,,3990
3991,Samosa/Samosa_027.jpg,84,Samosa,val,531,,3991
3992,Samosa/Samosa_028.jpg,84,Samosa,test,160,,3992
3993,Samosa/Samosa_029.jpg,84,Samosa,train,1283,,3993
3994,Samosa/Samosa_030.jpg,84,Samosa,train,1024,,3994
3995,Samosa/Samosa_031.jpg,84,Samosa,train,179,,3995
3996,Samosa/Samosa_032.jpg,84,Samosa,train,2354,,3996
3997,Samosa/Samosa_033.jpg,84,Samosa,train,850,,3997
3998,Samosa/Samosa_034.jpg,84,Samosa,train,348,,3998
3999,Samosa/Samosa_035.jpg,84,Samosa,train,180,,3999
4000,Samosa/Samosa_036.jpg,84,Samosa,train,2973,,4000
4001,Samosa/Samosa_037.jpg,84,Samosa,val,430,,4001
4002,Samosa/Samosa_038.jpg,84,Samosa,train,1482,,4002
4003,Samosa/Samosa_039.jpg,84,Samosa,train,2991,,4003
4004,Samosa/Samosa_040.jpg,84,Samosa,test,91,,4004
4005,Samosa/Samosa_041.jpg,84,Samosa,train,2610,,4005
4006,Samosa/Samosa_042.jpg,84,Samosa,train,2361,,4006
4007,Samosa/Samosa_043.jpg,84,Samosa,train,637,,4007
4008,Samosa/Samosa_044.jpg,84,Samosa,train,2288,,4008
4009,Samosa/Samosa_045.jpg,84,Samosa,train,1281,,4009
4010,Samosa/Samosa_046.jpg,84,Samosa,train,1125,,4010
4011,Samosa/Samosa_047.jpg,84,Samosa,train,2257,,4011
4012,Samosa/Samosa_048.jpg,84,Samosa,test,294,,4012
4013,Samosa/Samosa_049.jpg,84,Samosa,train,1752,,4013
4014,Samosa/Samosa_050.jpg,84,Samosa,val,222,,4014
4015,Samosa/Samosa_051.jpg,84,Samosa,train,898,,4015
4016,Samosa/Samosa_052.jpg,84,Samosa,test,506,,4016
4017,Samosa/Samosa_053.jpg,84,Samosa,test,445,,4017
4018,Samosa/Samosa_054.jpg,84,Samosa,val,622,,4018
4019,Samosa/Samosa_055.jpg,84,Samosa,val,218,,4019
4020,Samosa/Samosa_056.jpg,84,Samosa,train,1899,,4020
4021,Samosa/Samosa_057.jpg,84,Samosa,val,204,,4021
4022,Samosa/Samosa_058.jpg,84,Samosa,train,130,,4022
4023,Sev_Khamni/Sev_Khamni_001.jpg,85,Sev_Khamni,train,2952,,4023
4024,Sev_Khamni/Sev_Khamni_002.jpg,85,Sev_Khamni,train,239,,4024
4025,Sev_Khamni/Sev_Khamni_003.jpg,85,Sev_Khamni,train,2453,,4025
4026,Sev_Khamni/Sev_Khamni_004.jpg,85,Sev_Khamni,val,532,,4026
4027,Sev_Khamni/Sev_Khamni_005.jpg,85,Sev_Khamni,test,630,,4027
4028,Sev_Khamni/Sev_Khamni_006.jpg,85,Sev_Khamni,test,647,,4028
4029,Sev_Khamni/Sev_Khamni_007.jpg,85,Sev_Khamni,train,2822,,4029
4030,Sev_Khamni/Sev_Khamni_008.jpg,85,Sev_Khamni,train,1868,,4030
4031,Sev_Khamni/Sev_Khamni_009.jpg,85,Sev_Khamni,train,42,,4031
4032,Sev_Khamni/Sev_Khamni_010.jpg,85,Sev_Khamni,val,363,,4032
4033,Sev_Khamni/Sev_Khamni_011.jpg,85,Sev_Khamni,train,2047,,4033
4034,Sev_Khamni/Sev_Khamni_012.jpg,85,Sev_Khamni,val,98,,4034
4035,Sev_Khamni/Sev_Khamni_013.jpg,85,Sev_Khamni,train,2310,,4035
4036,Sev_Khamni/Sev_Khamni_014.jpg,85,Sev_Khamni,train,1985,,4036
4037,Sev_Khamni/Sev_Khamni_015.jpg,85,Sev_Khamni,test,464,,4037
4038,Sev_Khamni/Sev_Khamni_016.jpg,85,Sev_Khamni,train,1607,,4038
4039,Sev_Khamni/Sev_Khamni_017.jpg,85,Sev_Khamni,val,276,,4039
4040,Sev_Khamni/Sev_Khamni_018.jpg,85,Sev_Khamni,train,366,,4040
4041,Sev_Khamni/Sev_Khamni_019.jpg,85,Sev_Khamni,train,2198,,4041
4042,Sev_Khamni/Sev_Khamni_020.jpg,85,Sev_Khamni,train,1854,,4042
4043,Sev_Khamni/Sev_Khamni_021.jpg,85,Sev_Khamni,test,612,,4043
4044,Sev_Khamni/Sev_Khamni_022.jpg,85,Sev_Khamni,train,528,,4044
4045,Sev_Khamni/Sev_Khamni_023.jpg,85,Sev_Khamni,train,2900,,4045
4046,Sev_Khamni/Sev_Khamni_024.jpg,85,Sev_Khamni,train,2852,,4046
4047,Sev_Khamni/Sev_Khamni_025.jpg,85,Sev_Khamni,train,526,,4047
4048,Sev_Khamni/Sev_Khamni_026.jpg,85,Sev_Khamni,train,1562,,4048
4049,Sev_Khamni/Sev_Khamni_027.jpg,85,Sev_Khamni,train,443,,4049
4050,Sev_Khamni/Sev_Khamni_028.jpg,85,Sev_Khamni,train,1434,,4050
4051,Sev_Khamni/Sev_Khamni_029.jpg,85,Sev_Khamni,train,333,,4051
4052,Sev_Khamni/Sev_Khamni_030.jpg,85,Sev_Khamni,train,2017,,4052
4053,Sev_Khamni/Sev_Khamni_031.jpg,85,Sev_Khamni,val,398,,4053
4054,Sev_Khamni/Sev_Khamni_032.jpg,85,Sev_Khamni,val,173,,4054
4055,Sev_Khamni/Sev_Khamni_033.jpg,85,Sev_Khamni,train,1217,,4055
4056,Sev_Khamni/Sev_Khamni_034.jpg,85,Sev_Khamni,train,957,,4056
4057,Sev_Khamni/Sev_Khamni_035.jpg,85,Sev_Khamni,test,257,,4057
4058,Sev_Khamni/Sev_Khamni_036.jpg,85,Sev_Khamni,train,2072,,4058
4059,Sev_Khamni/Sev_Khamni_037.jpg,85,Sev_Khamni,train,2777,,4059
4060,Sev_Khamni/Sev_Khamni_038.jpg,85,Sev_Khamni,train,817,,4060
4061,Sev_Khamni/Sev_Khamni_039.jpg,85,Sev_Khamni,train,1572,,4061
4062,Sev_Khamni/Sev_Khamni_040.jpg,85,Sev_Khamni,test,523,,4062
4063,Sev_Khamni/Sev_Khamni_041.jpg,85,Sev_Khamni,train,694,,4063
4064,Sev_Khamni/Sev_Khamni_042.jpg,85,Sev_Khamni,train,118,,4064
4065,Shevga_bhaji/Shevga_bhaji_001.jpg,86,Shevga_bhaji,train,3056,,4065
4066,Shevga_bhaji/Shevga_bhaji_002.jpg,86,Shevga_bhaji,train,2881,,4066
4067,Shevga_bhaji/Shevga_bhaji_003.jpg,86,Shevga_bhaji,train,1525,,4067
4068,Shevga_bhaji/Shevga_bhaji_004.jpg,86,Shevga_bhaji,train,1137,,4068
4069,Shevga_bhaji/Shevga_bhaji_005.jpg,86,Shevga_bhaji,val,115,,4069
4070,Shevga_bhaji/Shevga_bhaji_006.jpg,86,Shevga_bhaji,train,2330,,4070
4071,Shevga_bhaji/Shevga_bhaji_007.jpg,86,Shevga_bhaji,test,13,,4071
4072,Shevga_bhaji/Shevga_bhaji_008.jpg,86,Shevga_bhaji,val,673,,4072
4073,Shevga_bhaji/Shevga_bhaji_009.jpg,86,Shevga_bhaji,train,1037,,4073
4074,Shevga_bhaji/Shevga_bhaji_010.jpg,86,Shevga_bhaji,test,255,,4074
4075,Shevga_bhaji/Shevga_bhaji_011.jpg,86,Shevga_bhaji,train,2588,,4075
4076,Shevga_bhaji/Shevga_bhaji_012.jpg,86,Shevga_bhaji,train,981,,4076
4077,Shevga_bhaji/Shevga_bhaji_013.jpg,86,Shevga_bhaji,val,646,,4077
4078,Shevga_bhaji/Shevga_bhaji_014.jpg,86,Shevga_bhaji,train,82,,4078
4079,Shevga_bhaji/Shevga_bhaji_015.jpg,86,Shevga_bhaji,train,1114,,4079
4080,Shevga_bhaji/Shevga_bhaji_016.jpg,86,Shevga_bhaji,train,171,,4080
4081,Shevga_bhaji/Shevga_bhaji_017.jpg,86,Shevga_bhaji,train,1468,,4081
4082,Shevga_bhaji/Shevga_bhaji_018.jpg,86,Shevga_bhaji,test,283,,4082
4083,Shevga_bhaji/Shevga_bhaji_019.jpg,86,Shevga_bhaji,train,2880,,4083
4084,Shevga_bhaji/Shevga_bhaji_020.jpg,86,Shevga_bhaji,train,798,,4084
4085,Shevga_bhaji/Shevga_bhaji_021.jpg,86,Shevga_bhaji,train,1723,,4085
4086,Shevga_bhaji/Shevga_bhaji_022.jpg,86,Shevga_bhaji,train,1700,,4086
4087,Shevga_bhaji/Shevga_bhaji_023.jpg,86,Shevga_bhaji,train,1451,,4087
4088,Shevga_bhaji/Shevga_bhaji_024.jpg,86,Shevga_bhaji,train,124,,4088
4089,Shevga_bhaji/Shevga_bhaji_025.jpg,86,Shevga_bhaji,test,29,,4089
4090,Shevga_bhaji/Shevga_bhaji_026.jpg,86,Shevga_bhaji,train,2604,,4090
4091,Shevga_bhaji/Shevga_bhaji_027.jpg,86,Shevga_bhaji,val,236,,4091
4092,Shevga_bhaji/Shevga_bhaji_028.jpg,86,Shevga_bhaji,test,441,,4092
4093,Shevga_bhaji/Shevga_bhaji_029.jpg,86,Shevga_bhaji,train,1174,,4093
4094,Shevga_bhaji/Shevga_bhaji_030.jpg,86,Shevga_bhaji,val,31,,4094
4095,Shevga_bhaji/Shevga_bhaji_031.jpg,86,Shevga_bhaji,train,2325,,4095
4096,Shevga_bhaji/Shevga_bhaji_032.jpg,86,Shevga_bhaji,test,241,,4096
4097,Shevga_bhaji/Shevga_bhaji_033.jpg,86,Shevga_bhaji,train,2524,,4097
4098,Shevga_bhaji/Shevga_bhaji_034.jpg,86,Shevga_bhaji,train,192,,4098
4099,Shevga_bhaji/Shevga_bhaji_035.jpg,86,Shevga_bhaji,val,443,,4099
4100,Shevga_bhaji/Shevga_bhaji_036.jpg,86,Shevga_bhaji,train,852,,4100
4101,Shevga_bhaji/Shevga_bhaji_037.jpg,86,Shevga_bhaji,train,3020,,4101
4102,Shevga_bhaji/Shevga_bhaji_038.jpg,86,Shevga_bhaji,train,1144,,4102
4103,Shevga_bhaji/Shevga_bhaji_039.jpg,86,Shevga_bhaji,train,1273,,4103
4104,Shevga_bhaji/Shevga_bhaji_040.jpg,86,Shevga_bhaji,train,1828,,4104
4105,Shevga_bhaji/Shevga_bhaji_041.jpg,86,Shevga_bhaji,train,205,,4105
4106,Shevga_bhaji/Shevga_bhaji_042.jpg,86,Shevga_bhaji,train,2311,,4106
4107,Shevga_bhaji/Shevga_bhaji_043.jpg,86,Shevga_bhaji,val,567,,4107
4108,Shevga_bhaji/Shevga_bhaji_044.jpg,86,Shevga_bhaji,train,2155,,4108
4109,Shevga_bhaji/Shevga_bhaji_045.jpg,86,Shevga_bhaji,test,94,,4109
4110,Solalu_biryani/Solalu_biryani_001.jpg,87,Solalu_biryani,train,77,,4110
4111,Solalu_biryani/Solalu_biryani_002.jpg,87,Solalu_biryani,train,1402,,4111
4112,Solalu_biryani/Solalu_biryani_003.jpg,87,Solalu_biryani,test,118,,4112
4113,Solalu_biryani/Solalu_biryani_004.jpg,87,Solalu_biryani,train,1085,,4113
4114,Solalu_biryani/Solalu_biryani_005.jpg,87,Solalu_biryani,val,145,,4114
4115,Solalu_biryani/Solalu_biryani_006.jpg,87,Solalu_biryani,train,55,,4115
4116,Solalu_biryani/Solalu_biryani_007.jpg,87,Solalu_biryani,train,559,,4116
4117,Solalu_biryani/Solalu_biryani_008.jpg,87,Solalu_biryani,test,430,,4117
4118,Solalu_biryani/Solalu_biryani_009.jpg,87,Solalu_biryani,train,2547,,4118
4119,Solalu_biryani/Solalu_biryani_010.jpg,87,Solalu_biryani,train,2346,,4119
4120,Solalu_biryani/Solalu_biryani_011.jpg,87,Solalu_biryani,val,420,,4120
4121,Solalu_biryani/Solalu_biryani_012.jpg,87,Solalu_biryani,train,633,,4121
4122,Solalu_biryani/Solalu_biryani_013.jpg,87,Solalu_biryani,train,1759,,4122
4123,Solalu_biryani/Solalu_biryani_014.jpg,87,Solalu_biryani,test,175,,4123
4124,Solalu_biryani/Solalu_biryani_015.jpg,87,Solalu_biryani,train,2245,,4124
4125,Solalu_biryani/Solalu_biryani_016.jpg,87,Solalu_biryani,train,3086,,4125
4126,Solalu_biryani/Solalu_biryani_017.jpg,87,Solalu_biryani,train,1045,,4126
4127,Solalu_biryani/Solalu_biryani_018.jpg,87,Solalu_biryani,val,356,,4127
4128,Spicy_vatana/Spicy_vatana_001.jpg,88,Spicy_vatana,train,1951,,4128
4129,Spicy_vatana/Spicy_vatana_002.jpg,88,Spicy_vatana,train,2055,,4129
4130,Spicy_vatana/Spicy_vatana_003.jpg,88,Spicy_vatana,train,2567,,4130
4131,Spicy_vatana/Spicy_vatana_004.jpg,88,Spicy_vatana,test,158,,4131
4132,Spicy_vatana/Spicy_vatana_005.jpg,88,Spicy_vatana,train,789,,4132
4133,Spicy_vatana/Spicy_vatana_006.jpg,88,Spicy_vatana,val,96,,4133
4134,Spicy_vatana/Spicy_vatana_007.jpg,88,Spicy_vatana,train,1629,,4134
4135,Strawberry_shrikhand/Strawberry_shrikhand_001.jpg,89,Strawberry_shrikhand,train,1311,,4135
4136,Strawberry_shrikhand/Strawberry_shrikhand_002.jpg,89,Strawberry_shrikhand,test,60,,4136
4137,Strawberry_shrikhand/Strawberry_shrikhand_003.jpg,89,Strawberry_shrikhand,train,415,,4137
4138,Strawberry_shrikhand/Strawberry_shrikhand_004.jpg,89,Strawberry_shrikhand,train,1290,,4138
4139,Strawberry_shrikhand/Strawberry_shrikhand_005.jpg,89,Strawberry_shrikhand,train,881,,4139
4140,Strawberry_shrikhand/Strawberry_shrikhand_006.jpg,89,Strawberry_shrikhand,train,1509,,4140
4141,Strawberry_shrikhand/Strawberry_shrikhand_007.jpg,89,Strawberry_shrikhand,train,1086,,4141
4142,Strawberry_shrikhand/Strawberry_shrikhand_008.jpg,89,Strawberry_shrikhand,test,648,,4142
4143,Strawberry_shrikhand/Strawberry_shrikhand_009.jpg,89,Strawberry_shrikhand,val,595,,4143
4144,Strawberry_shrikhand/Strawberry_shrikhand_010.jpg,89,Strawberry_shrikhand,train,1943,,4144
4145,Strawberry_shrikhand/Strawberry_shrikhand_011.jpg,89,Strawberry_shrikhand,train,1083,,4145
4146,Strawberry_shrikhand/Strawberry_shrikhand_012.jpg,89,Strawberry_shrikhand,val,643,,4146
4147,Strawberry_shrikhand/Strawberry_shrikhand_013.jpg,89,Strawberry_shrikhand,train,1558,,4147
4148,Strawberry_shrikhand/Strawberry_shrikhand_014.jpg,89,Strawberry_shrikhand,train,904,,4148
4149,Strawberry_shrikhand/Strawberry_shrikhand_015.jpg,89,Strawberry_shrikhand,train,2616,,4149
4150,Tilgul/Tilgul_001.jpg,90,Tilgul,train,1701,,4150
4151,Tilgul/Tilgul_002.jpg,90,Tilgul,val,644,,4151
4152,Tilgul/Tilgul_003.jpg,90,Tilgul,val,584,,4151
4153,Tilgul/Tilgul_004.jpg,90,Tilgul,test,350,,4153
4154,Tilgul/Tilgul_005.jpg,90,Tilgul,test,476,,4153
4155,Tilgul/Tilgul_006.jpg,90,Tilgul,train,638,,4155
4156,Tilgul/Tilgul_007.jpg,90,Tilgul,train,900,,4156
4157,Tilgul/Tilgul_008.jpg,90,Tilgul,train,1326,,4157
4158,Tilgul/Tilgul_009.jpg,90,Tilgul,train,213,,4158
4159,Tilgul/Tilgul_010.jpg,90,Tilgul,train,2396,,4159
4160,Tilgul/Tilgul_011.jpg,90,Tilgul,train,1262,,4160
4161,Tilgul/Tilgul_012.jpg,90,Tilgul,train,1168,,4161
4162,Tilgul/Tilgul_013.jpg,90,Tilgul,val,42,,4162
4163,Tilgul/Tilgul_014.jpg,90,Tilgul,train,434,,4163
4164,Tilgul/Tilgul_015.jpg,90,Tilgul,train,1318,,4164
4165,Tilgul/Tilgul_016.jpg,90,Tilgul,test,235,,4165
4166,Tilgul/Tilgul_017.jpg,90,Tilgul,train,1113,,4166
4167,Tilgul/Tilgul_018.jpg,90,Tilgul,train,1774,,4167
4168,Tilgul/Tilgul_019.jpg,90,Tilgul,train,2335,,4168
4169,Tilgul/Tilgul_020.jpg,90,Tilgul,train,353,,4169
4170,Tilgul/Tilgul_021.jpg,90,Tilgul,test,521,,4170
4171,Tilgul/Tilgul_022.jpg,90,Tilgul,train,176,,4171
4172,Tilgul/Tilgul_023.jpg,90,Tilgul,train,1636,,4172
4173,Tilgul/Tilgul_024.jpg,90,Tilgul,val,304,,4173
4174,Tilgul/Tilgul_025.jpg,90,Tilgul,train,2435,,4174
4175,Tondli_bhaji/Tondli_bhaji_001.jpg,91,Tondli_bhaji,train,2840,,4175
4176,Tondli_bhaji/Tondli_bhaji_002.jpg,91,Tondli_bhaji,val,617,,4176
4177,Tondli_bhaji/Tondli_bhaji_003.jpg,91,Tondli_bhaji,train,1008,,4177
4178,Tondli_bhaji/Tondli_bhaji_004.jpg,91,Tondli_bhaji,train,1530,,4178
4179,Tondli_bhaji/Tondli_bhaji_005.jpg,91,Tondli_bhaji,train,1400,,4179
4180,Tondli_bhaji/Tondli_bhaji_006.jpg,91,Tondli_bhaji,train,2002,,4180
4181,Tondli_bhaji/Tondli_bhaji_007.jpg,91,Tondli_bhaji,train,2394,,4181
4182,Tondli_bhaji/Tondli_bhaji_008.jpg,91,Tondli_bhaji,train,254,,4182
4183,Tondli_bhaji/Tondli_bhaji_009.jpg,91,Tondli_bhaji,test,154,,4183
4184,Tondli_bhaji/Tondli_bhaji_010.jpg,91,Tondli_bhaji,val,593,,4184
4185,Tondli_bhaji/Tondli_bhaji_011.jpg,91,Tondli_bhaji,train,2013,,4185
4186,Tondli_bhaji/Tondli_bhaji_012.jpg,91,Tondli_bhaji,train,2123,,4186
4187,Tondli_bhaji/Tondli_bhaji_013.jpg,91,Tondli_bhaji,val,180,,4187
4188,Tondli_bhaji/Tondli_bhaji_014.jpg,91,Tondli_bhaji,train,2173,,4188
4189,Tondli_bhaji/Tondli_bhaji_015.jpg,91,Tondli_bhaji,train,1015,,4189
4190,Tondli_bhaji/Tondli_bhaji_016.jpg,91,Tondli_bhaji,train,1198,,4190
4191,Tondli_bhaji/Tondli_bhaji_017.jpg,91,Tondli_bhaji,train,1435,,4191
4192,Tondli_bhaji/Tondli_bhaji_018.jpg,91,Tondli_bhaji,train,1307,,4192
4193,Tondli_bhaji/Tondli_bhaji_019.jpg,91,Tondli_bhaji,train,2579,,4193
4194,Tondli_bhaji/Tondli_bhaji_020.jpg,91,Tondli_bhaji,train,2338,,4194
4195,Tondli_bhaji/Tondli_bhaji_021.jpg,91,Tondli_bhaji,train,668,,4195
4196,Tondli_bhaji/Tondli_bhaji_022.jpg,91,Tondli_bhaji,val,588,,4196
4197,Tondli_bhaji/Tondli_bhaji_023.jpg,91,Tondli_bhaji,train,2974,,4197
4198,Tondli_bhaji/Tondli_bhaji_024.jpg,91,Tondli_bhaji,train,7,,4198
4199,Tondli_bhaji/Tondli_bhaji_025.jpg,91,Tondli_bhaji,train,3032,,4199
4200,Tondli_bhaji/Tondli_bhaji_026.jpg,91,Tondli_bhaji,val,175,,4200
4201,Tondli_bhaji/Tondli_bhaji_027.jpg,91,Tondli_bhaji,train,260,,4201
4202,Tondli_bhaji/Tondli_bhaji_028.jpg,91,Tondli_bhaji,train,425,,4202
4203,Tondli_bhaji/Tondli_bhaji_029.jpg,91,Tondli_bhaji,test,512,,4203
4204,Tondli_bhaji/Tondli_bhaji_030.jpg,91,Tondli_bhaji,train,2011,,4204
4205,Tondli_bhaji/Tondli_bhaji_031.jpg,91,Tondli_bhaji,train,2405,,4205
4206,Tondli_bhaji/Tondli_bhaji_032.jpg,91,Tondli_bhaji,test,666,,4206
4207,Tondli_bhaji/Tondli_bhaji_033.jpg,91,Tondli_bhaji,train,2592,,4207
4208,Tondli_bhaji/Tondli_bhaji_034.jpg,91,Tondli_bhaji,train,1614,,4208
4209,Tondli_bhaji/Tondli_bhaji_035.jpg,91,Tondli_bhaji,train,538,,4209
4210,Tondli_bhaji/Tondli_bhaji_036.jpg,91,Tondli_bhaji,train,920,,4210
4211,Tondli_bhaji/Tondli_bhaji_037.jpg,91,Tondli_bhaji,val,90,,4211
4212,Tondli_bhaji/Tondli_bhaji_038.jpg,91,Tondli_bhaji,test,274,,4212
4213,Tondli_bhaji/Tondli_bhaji_039.jpg,91,Tondli_bhaji,test,24,,4213
4214,Tondli_bhaji/Tondli_bhaji_040.jpg,91,Tondli_bhaji,val,138,,4214
4215,Tondli_bhaji/Tondli_bhaji_041.jpg,91,Tondli_bhaji,train,2817,,4215
4216,Tondli_bhaji/Tondli_bhaji_042.jpg,91,Tondli_bhaji,val,454,,4216
4217,Tondli_bhaji/Tondli_bhaji_043.jpg,91,Tondli_bhaji,test,365,,4217
4218,Tondli_bhaji/Tondli_bhaji_044.jpg,91,Tondli_bhaji,train,2467,,4218
4219,Tondli_bhaji/Tondli_bhaji_045.jpg,91,Tondli_bhaji,test,435,,4219
4220,Tondli_bhaji/Tondli_bhaji_046.jpg,91,Tondli_bhaji,test,156,,4220
4221,Tondli_bhaji/Tondli_bhaji_047.jpg,91,Tondli_bhaji,train,2122,,4221
4222,Tondli_bhaji/Tondli_bhaji_048.jpg,91,Tondli_bhaji,train,2853,,4222
4223,Tondli_bhaji/Tondli_bhaji_049.jpg,91,Tondli_bhaji,train,1140,,4223
4224,Tondli_bhaji/Tondli_bhaji_050.jpg,91,Tondli_bhaji,train,3102,,4224
4225,Upma/Upma_001.jpg,92,Upma,val,340,,4225
4226,Upma/Upma_002.jpg,92,Upma,val,65,,4226
4227,Upma/Upma_003.jpg,92,Upma,train,125,,4227
4228,Upma/Upma_004.jpg,92,Upma,train,1726,,4228
4229,Upma/Upma_005.jpg,92,Upma,train,1149,,4229
4230,Upma/Upma_006.jpg,92,Upma,val,112,,4230
4231,Upma/Upma_007.jpg,92,Upma,train,62,,4231
4232,Upma/Upma_008.jpg,92,Upma,train,276,,3380
4233,Upma/Upma_009.jpg,92,Upma,val,479,,4233
4234,Upma/Upma_010.jpg,92,Upma,val,444,,4234
4235,Upma/Upma_011.jpg,92,Upma,test,106,,4235
4236,Upma/Upma_012.jpg,92,Upma,train,2161,,4236
4237,Upma/Upma_013.jpg,92,Upma,test,165,,4237
4238,Upma/Upma_014.jpg,92,Upma,train,2208,,4238
4239,Upma/Upma_015.jpg,92,Upma,train,548,,4239
4240,Upma/Upma_016.jpg,92,Upma,test,402,,4240
4241,Upma/Upma_017.jpg,92,Upma,train,402,,4241
4242,Upma/Upma_018.jpg,92,Upma,val,529,,4242
4243,Upma/Upma_019.jpg,92,Upma,val,650,,4243
4244,Upma/Upma_020.jpg,92,Upma,train,978,,4244
4245,Upma/Upma_021.jpg,92,Upma,train,1310,,4245
4246,Upma/Upma_022.jpg,92,Upma,test,41,,4246
4247,Upma/Upma_023.jpg,92,Upma,train,261,,4247
4248,Upma/Upma_024.jpg,92,Upma,test,385,,4248
4249,Upma/Upma_025.jpg,92,Upma,test,349,,4249
4250,Upma/Upma_026.jpg,92,Upma,train,2733,,4250
4251,Upma/Upma_027.jpg,92,Upma,train,104,,4251
4252,Upma/Upma_028.jpg,92,Upma,train,131,,4252
4253,Upma/Upma_029.jpg,92,Upma,train,2843,,4253
4254,Upma/Upma_030.jpg,92,Upma,train,666,,4254
4255,Upma/Upma_031.jpg,92,Upma,train,14,,4255
4256,Upma/Upma_032.jpg,92,Upma,train,642,,4256
4257,Upma/Upma_033.jpg,92,Upma,train,553,,4257
4258,Upma/Upma_034.jpg,92,Upma,test,377,,4258
4259,Upma/Upma_035.jpg,92,Upma,train,2523,,4259
4260,Upma/Upma_036.jpg,92,Upma,val,558,,4260
4261,Upma/Upma_037.jpg,92,Upma,train,1448,,4261
4262,Upma/Upma_038.jpg,92,Upma,test,560,,4258
4263,Upma/Upma_039.jpg,92,Upma,train,1419,,4263
4264,Upma/Upma_040.jpg,92,Upma,train,1332,,4264
4265,Upma/Upma_041.jpg,92,Upma,train,1357,,4265
4266,Upma/Upma_042.jpg,92,Upma,train,2324,,4266
4267,Upma/Upma_043.jpg,92,Upma,train,809,,4267
4268,Upma/Upma_044.jpg,92,Upma,train,351,,4268
4269,Upma/Upma_045.jpg,92,Upma,train,3117,,4269
4270,Upma/Upma_046.jpg,92,Upma,train,363,,4270
4271,Upma/Upma_047.jpg,92,Upma,train,3064,,4271
4272,Upma/Upma_048.jpg,92,Upma,train,1579,,4272
4273,Upma/Upma_049.jpg,92,Upma,train,1199,,4273
4274,Upma/Upma_050.jpg,92,Upma,train,1864,,4274
4275,Uttapam/Uttapam_001.jpg,93,Uttapam,train,2847,,4275
4276,Uttapam/Uttapam_002.jpg,93,Uttapam,test,595,,4276
4277,Uttapam/Uttapam_003.jpg,93,Uttapam,val,640,,4277
4278,Uttapam/Uttapam_004.jpg,93,Uttapam,train,2755,,4278
4279,Uttapam/Uttapam_005.jpg,93,Uttapam,val,351,,4279
4280,Uttapam/Uttapam_006.jpg,93,Uttapam,test,182,,4280
4281,Uttapam/Uttapam_007.jpg,93,Uttapam,train,342,,4281
4282,Uttapam/Uttapam_008(1).jpg,93,Uttapam,train,2135,,4282
4283,Uttapam/Uttapam_008.jpg,93,Uttapam,train,1002,,4283
4284,Uttapam/Uttapam_009.jpg,93,Uttapam,train,2314,,4284
4285,Uttapam/Uttapam_010.jpg,93,Uttapam,train,59,,4285
4286,Uttapam/Uttapam_011.jpg,93,Uttapam,train,2905,,4286
4287,Uttapam/Uttapam_012.jpg,93,Uttapam,test,51,,4287
4288,Uttapam/Uttapam_013.jpg,93,Uttapam,train,2299,,4288
4289,Uttapam/Uttapam_014.jpg,93,Uttapam,train,1067,,4289
4290,Uttapam/Uttapam_015.jpg,93,Uttapam,train,1192,,4290
4291,Uttapam/Uttapam_016.jpg,93,Uttapam,train,2347,,4291
4292,Uttapam/Uttapam_017.jpg,93,Uttapam,train,2926,,4292
4293,Uttapam/Uttapam_018.jpg,93,Uttapam,train,304,,4293
4294,Uttapam/Uttapam_019.jpg,93,Uttapam,train,1359,,4294
4295,Uttapam/Uttapam_020.jpg,93,Uttapam,val,8,,4295
4296,Uttapam/Uttapam_021.jpg,93,Uttapam,train,636,,4296
4297,Uttapam/Uttapam_022.jpg,93,Uttapam,val,249,,4297
4298,Uttapam/Uttapam_023.jpg,93,Uttapam,train,1485,,4298
4299,Uttapam/Uttapam_024.jpg,93,Uttapam,train,255,,4299
4300,Uttapam/Uttapam_025.jpg,93,Uttapam,train,364,,4300
4301,Uttapam/Uttapam_026.jpg,93,Uttapam,train,2081,,4301
4302,Uttapam/Uttapam_027.jpg,93,Uttapam,val,608,,4302
4303,Uttapam/Uttapam_028.jpg,93,Uttapam,train,2895,,4303
4304,Uttapam/Uttapam_029.jpg,93,Uttapam,val,530,,4304
4305,Uttapam/Uttapam_030.jpg,93,Uttapam,test,574,,4305
4306,Uttapam/Uttapam_031.jpg,93,Uttapam,train,420,,4306
4307,Uttapam/Uttapam_032.jpg,93,Uttapam,train,195,,4307
4308,Uttapam/Uttapam_033.jpg,93,Uttapam,train,3026,,4308
4309,Uttapam/Uttapam_034.jpg,93,Uttapam,val,15,,4309
4310,Uttapam/Uttapam_035.jpg,93,Uttapam,test,218,,4310
4311,Uttapam/Uttapam_036(1).jpg,93,Uttapam,train,1789,,4311
4312,Uttapam/Uttapam_036.jpg,93,Uttapam,train,2389,,4312
4313,Uttapam/Uttapam_037.jpg,93,Uttapam,test,327,,4313
4314,Uttapam/Uttapam_038.jpg,93,Uttapam,val,263,,4314
4315,Uttapam/Uttapam_039.jpg,93,Uttapam,train,1513,,4315
4316,Uttapam/Uttapam_040.jpg,93,Uttapam,train,2204,,4316
4317,Uttapam/Uttapam_041.jpg,93,Uttapam,train,1986,,4317
4318,Uttapam/Uttapam_042(1).jpg,93,Uttapam,train,241,,4318
4319,Uttapam/Uttapam_042(2).jpg,93,Uttapam,train,936,,4319
4320,Uttapam/Uttapam_042.jpg,93,Uttapam,train,1840,,4320
4321,Uttapam/Uttapam_043(1).jpg,93,Uttapam,train,453,,4321
4322,Uttapam/Uttapam_043.jpg,93,Uttapam,train,2756,,4322
4323,Uttapam/Uttapam_044.jpg,93,Uttapam,test,486,,4323
4324,Uttapam/Uttapam_045.jpg,93,Uttapam,train,1292,,4324
4325,Uttapam/Uttapam_046.jpg,93,Uttapam,test,579,,4325
4326,Uttapam/Uttapam_047.jpg,93,Uttapam,train,684,,4326
4327,Uttapam/Uttapam_048.jpg,93,Uttapam,test,292,,4327
4328,Uttapam/Uttapam_049.jpg,93,Uttapam,train,2154,,4328
4329,Uttapam/Uttapam_050.jpg,93,Uttapam,train,2232,,4329
4330,Uttapam/Uttapam_051.jpg,93,Uttapam,val,482,,4330
4331,Uttapam/Uttapam_052.jpg,93,Uttapam,train,1401,,4331
4332,Vada_Sambhar/Vada_Sambhar_001.jpg,94,Vada_Sambhar,test,596,,4332
4333,Vada_Sambhar/Vada_Sambhar_002(1).jpg,94,Vada_Sambhar,train,2894,,4333
4334,Vada_Sambhar/Vada_Sambhar_002.jpg,94,Vada_Sambhar,train,2014,,4334
4335,Vada_Sambhar/Vada_Sambhar_003(1).jpg,94,Vada_Sambhar,train,3057,,4335
4336,Vada_Sambhar/Vada_Sambhar_003.jpg,94,Vada_Sambhar,train,1271,,4336
4337,Vada_Sambhar/Vada_Sambhar_004(1).jpg,94,Vada_Sambhar,train,1360,,4337
4338,Vada_Sambhar/Vada_Sambhar_004.jpg,94,Vada_Sambhar,train,887,,4338
4339,Vada_Sambhar/Vada_Sambhar_005.jpg,94,Vada_Sambhar,test,143,,4339
4340,Vada_Sambhar/Vada_Sambhar_006.jpg,94,Vada_Sambhar,train,70,,4340
4341,Vada_Sambhar/Vada_Sambhar_007.jpg,94,Vada_Sambhar,train,2234,,4341
4342,Vada_Sambhar/Vada_Sambhar_008.jpg,94,Vada_Sambhar,train,2709,,4341
4343,Vada_Sambhar/Vada_Sambhar_009.jpg,94,Vada_Sambhar,val,441,,4343
4344,Vada_Sambhar/Vada_Sambhar_010.jpg,94,Vada_Sambhar,train,3045,,4344
4345,Vada_Sambhar/Vada_Sambhar_011.jpg,94,Vada_Sambhar,train,862,,4345
4346,Vada_Sambhar/Vada_Sambhar_012.jpg,94,Vada_Sambhar,val,297,,4346
4347,Vada_Sambhar/Vada_Sambhar_013.jpg,94,Vada_Sambhar,val,393,,4347
4348,Vada_Sambhar/Vada_Sambhar_014.jpg,94,Vada_Sambhar,test,404,,4348
4349,Vada_Sambhar/Vada_Sambhar_015.jpg,94,Vada_Sambhar,train,695,,4349
4350,Vada_Sambhar/Vada_Sambhar_016.jpg,94,Vada_Sambhar,train,1508,,4350
4351,Vada_Sambhar/Vada_Sambhar_017.jpg,94,Vada_Sambhar,val,342,,4351
4352,Vada_Sambhar/Vada_Sambhar_018.jpg,94,Vada_Sambhar,val,446,,4351
4353,Vada_Sambhar/Vada_Sambhar_019.jpg,94,Vada_Sambhar,train,1522,,4353
4354,Vada_Sambhar/Vada_Sambhar_020.jpg,94,Vada_Sambhar,train,89,,4354
4355,Vada_Sambhar/Vada_Sambhar_021.jpg,94,Vada_Sambhar,train,2436,,4355
4356,Vada_Sambhar/Vada_Sambhar_022.jpg,94,Vada_Sambhar,train,1933,,4356
4357,Vada_Sambhar/Vada_Sambhar_023.jpg,94,Vada_Sambhar,train,1255,,4357
4358,Vada_Sambhar/Vada_Sambhar_024.jpg,94,Vada_Sambhar,train,1230,,4358
4359,Vada_Sambhar/Vada_Sambhar_025.jpg,94,Vada_Sambhar,train,197,,4359
4360,Vada_Sambhar/Vada_Sambhar_026.jpg,94,Vada_Sambhar,test,104,,4360
4361,Vada_Sambhar/Vada_Sambhar_027.jpg,94,Vada_Sambhar,test,339,,4360
4362,Vada_Sambhar/Vada_Sambhar_028.jpg,94,Vada_Sambhar,train,1384,,4362
4363,Vada_Sambhar/Vada_Sambhar_029.jpg,94,Vada_Sambhar,train,580,,4363
4364,Vada_Sambhar/Vada_Sambhar_030.jpg,94,Vada_Sambhar,train,2046,,4363
4365,Vada_Sambhar/Vada_Sambhar_031.jpg,94,Vada_Sambhar,train,867,,4365
4366,Vada_Sambhar/Vada_Sambhar_032.jpg,94,Vada_Sambhar,train,2341,,4366
4367,Vada_Sambhar/Vada_Sambhar_033.jpg,94,Vada_Sambhar,val,491,,4367
4368,Vada_Sambhar/Vada_Sambhar_034.jpg,94,Vada_Sambhar,train,1079,,4368
4369,Vada_Sambhar/Vada_Sambhar_035.jpg,94,Vada_Sambhar,val,533,,4369
4370,Vada_Sambhar/Vada_Sambhar_036.jpg,94,Vada_Sambhar,test,102,,4370
4371,Vada_Sambhar/Vada_Sambhar_037.jpg,94,Vada_Sambhar,test,608,,4370
4372,Vada_Sambhar/Vada_Sambhar_038.jpg,94,Vada_Sambhar,train,2555,,4372
4373,Vada_Sambhar/Vada_Sambhar_039.jpg,94,Vada_Sambhar,train,287,,4373
4374,Vada_Sambhar/Vada_Sambhar_040.jpg,94,Vada_Sambhar,train,2244,,4373
4375,Vada_Sambhar/Vada_Sambhar_041.jpg,94,Vada_Sambhar,train,2502,,4375
4376,Vada_Sambhar/Vada_Sambhar_042.jpg,94,Vada_Sambhar,train,2037,,4376
4377,Vada_Sambhar/Vada_Sambhar_043.jpg,94,Vada_Sambhar,val,4,,4377
4378,Vada_Sambhar/Vada_Sambhar_044.jpg,94,Vada_Sambhar,train,659,,4378
4379,Vada_Sambhar/Vada_Sambhar_045.jpg,94,Vada_Sambhar,train,2611,,4379
4380,Vada_Sambhar/Vada_Sambhar_046.jpg,94,Vada_Sambhar,train,707,,4380
4381,Vada_Sambhar/Vada_Sambhar_047.jpg,94,Vada_Sambhar,train,1346,,4381
4382,Vada_Sambhar/Vada_Sambhar_048.jpg,94,Vada_Sambhar,train,98,,4382
4383,Vada_Sambhar/Vada_Sambhar_049.jpg,94,Vada_Sambhar,train,1306,,4382
4384,Vada_Sambhar/Vada_Sambhar_050.jpg,94,Vada_Sambhar,test,318,,4384
4385,Vada_Sambhar/Vada_Sambhar_051.jpg,94,Vada_Sambhar,test,463,,4385
4386,Vada_Sambhar/Vada_Sambhar_052.jpg,94,Vada_Sambhar,val,542,,4386
4387,Vada_Sambhar/Vada_Sambhar_053.jpg,94,Vada_Sambhar,train,2493,,4387
4388,Vada_Sambhar/Vada_Sambhar_054.jpg,94,Vada_Sambhar,train,209,,4387
4389,Vada_Sambhar/Vada_Sambhar_055.jpg,94,Vada_Sambhar,train,1119,,4389
4390,Vada_Sambhar/Vada_Sambhar_056.jpg,94,Vada_Sambhar,train,2147,,4390
4391,Vadapav/Vadapav_001.jpg,95,Vadapav,train,61,,4391
4392,Vadapav/Vadapav_002.jpg,95,Vadapav,train,1321,,4392
4393,Vadapav/Vadapav_003.jpg,95,Vadapav,train,940,,4393
4394,Vadapav/Vadapav_004.jpg,95,Vadapav,train,3036,,4394
4395,Vadapav/Vadapav_005.jpg,95,Vadapav,train,2441,,4395
4396,Vadapav/Vadapav_006.jpg,95,Vadapav,train,1091,,4396
4397,Vadapav/Vadapav_007.jpg,95,Vadapav,train,2038,,4397
4398,Vadapav/Vadapav_008.jpg,95,Vadapav,val,183,,4398
4399,Vadapav/Vadapav_009.jpg,95,Vadapav,train,1017,,4399
4400,Vadapav/Vadapav_010.jpg,95,Vadapav,train,1753,,4400
4401,Vadapav/Vadapav_011.jpg,95,Vadapav,train,2271,,4401
4402,Vadapav/Vadapav_012.jpg,95,Vadapav,val,401,,4402
4403,Vadapav/Vadapav_013.jpg,95,Vadapav,train,1871,,4403
4404,Vadapav/Vadapav_014.jpg,95,Vadapav,test,662,,4404
4405,Vadapav/Vadapav_015.jpg,95,Vadapav,train,710,,4405
4406,Vadapav/Vadapav_016.jpg,95,Vadapav,train,1869,,4406
4407,Vadapav/Vadapav_017.jpg,95,Vadapav,train,73,,4407
4408,Vadapav/Vadapav_018.jpg,95,Vadapav,train,1049,,4408
4409,Vadapav/Vadapav_019.jpg,95,Vadapav,train,2527,,4409
4410,Vadapav/Vadapav_020.jpg,95,Vadapav,test,550,,4410
4411,Vadapav/Vadapav_021.jpg,95,Vadapav,test,551,,4410
4412,Vadapav/Vadapav_022.jpg,95,Vadapav,val,386,,4412
4413,Vadapav/Vadapav_023.jpg,95,Vadapav,train,2938,,4413
4414,Vadapav/Vadapav_024.jpg,95,Vadapav,val,167,,4414
4415,Vadapav/Vadapav_025.jpg,95,Vadapav,train,2305,,4415
4416,Vadapav/Vadapav_026.jpg,95,Vadapav,train,1778,,4416
4417,Vadapav/Vadapav_027.jpg,95,Vadapav,test,471,,4417
4418,Vadapav/Vadapav_028.jpg,95,Vadapav,train,2452,,4418
4419,Veg_Lollipop/Veg_Lollipop_001.jpg,96,Veg_Lollipop,train,2669,,4419
4420,Veg_Lollipop/Veg_Lollipop_002.jpg,96,Veg_Lollipop,train,438,,4420
4421,Veg_Lollipop/Veg_Lollipop_003.jpg,96,Veg_Lollipop,train,785,,4421
4422,Veg_Lollipop/Veg_Lollipop_004.jpg,96,Veg_Lollipop,train,164,,4422
4423,Veg_Lollipop/Veg_Lollipop_005.jpg,96,Veg_Lollipop,train,2848,,4423
4424,Veg_Lollipop/Veg_Lollipop_006.jpg,96,Veg_Lollipop,val,252,,4424
4425,Veg_Lollipop/Veg_Lollipop_007.jpg,96,Veg_Lollipop,val,326,,4425
4426,Veg_Lollipop/Veg_Lollipop_008.jpg,96,Veg_Lollipop,train,2600,,4426
4427,Veg_Lollipop/Veg_Lollipop_009.jpg,96,Veg_Lollipop,val,447,,4427
4428,Veg_Lollipop/Veg_Lollipop_010.jpg,96,Veg_Lollipop,train,13,,4428
4429,Veg_Lollipop/Veg_Lollipop_011.jpg,96,Veg_Lollipop,train,1746,,4429
4430,Veg_Lollipop/Veg_Lollipop_012.jpg,96,Veg_Lollipop,val,64,,4430
4431,Veg_Lollipop/Veg_Lollipop_013.jpg,96,Veg_Lollipop,test,201,,4431
4432,Veg_Lollipop/Veg_Lollipop_014.jpg,96,Veg_Lollipop,train,2929,,4432
4433,Veg_Lollipop/Veg_Lollipop_015.jpg,96,Veg_Lollipop,val,133,,4433
4434,Veg_Lollipop/Veg_Lollipop_016.jpg,96,Veg_Lollipop,train,1762,,4434
4435,Veg_Lollipop/Veg_Lollipop_017.jpg,96,Veg_Lollipop,test,389,,4435
4436,Veg_Lollipop/Veg_Lollipop_018.jpg,96,Veg_Lollipop,train,566,,4436
4437,Veg_Lollipop/Veg_Lollipop_019.jpg,96,Veg_Lollipop,train,105,,4437
4438,Veg_Lollipop/Veg_Lollipop_020.jpg,96,Veg_Lollipop,train,2586,,4438
4439,Veg_Lollipop/Veg_Lollipop_021.jpg,96,Veg_Lollipop,train,2429,,4439
4440,Veg_Lollipop/Veg_Lollipop_022.jpg,96,Veg_Lollipop,train,1815,,4440
4441,Veg_Lollipop/Veg_Lollipop_023.jpg,96,Veg_Lollipop,test,439,,4441
4442,Veg_Lollipop/Veg_Lollipop_024.jpg,96,Veg_Lollipop,test,88,,4441
4443,Veg_Lollipop/Veg_Lollipop_025.jpg,96,Veg_Lollipop,train,2757,,4443
4444,Veg_Lollipop/Veg_Lollipop_026.jpg,96,Veg_Lollipop,train,2736,,4444
4445,Veg_Lollipop/Veg_Lollipop_027.jpg,96,Veg_Lollipop,train,2528,,4445
4446,Veg_Lollipop/Veg_Lollipop_028.jpg,96,Veg_Lollipop,train,541,,4446
4447,Veg_Lollipop/Veg_Lollipop_029.jpg,96,Veg_Lollipop,train,2196,,4447
4448,Veg_Lollipop/Veg_Lollipop_030.jpg,96,Veg_Lollipop,train,1127,,4448
4449,Veg_Lollipop/Veg_Lollipop_031.jpg,96,Veg_Lollipop,train,1912,,4449
4450,Veg_Lollipop/Veg_Lollipop_032.jpg,96,Veg_Lollipop,train,1499,,4450
4451,Veg_Lollipop/Veg_Lollipop_033.jpg,96,Veg_Lollipop,train,3008,,4451
4452,Veg_Lollipop/Veg_Lollipop_034.jpg,96,Veg_Lollipop,train,1867,,4452
4453,Veg_Lollipop/Veg_Lollipop_035.jpg,96,Veg_Lollipop,val,456,,4453
4454,Veg_Lollipop/Veg_Lollipop_036.jpg,96,Veg_Lollipop,val,274,,4454
4455,Veg_Lollipop/Veg_Lollipop_037.jpg,96,Veg_Lollipop,val,338,,4454
4456,Veg_Lollipop/Veg_Lollipop_038.jpg,96,Veg_Lollipop,train,401,,4456
4457,Veg_Lollipop/Veg_Lollipop_039.jpg,96,Veg_Lollipop,train,744,,4457
4458,Veg_Lollipop/Veg_Lollipop_040.jpg,96,Veg_Lollipop,train,2479,,4458
4459,Veg_Lollipop/Veg_Lollipop_041.jpg,96,Veg_Lollipop,test,602,,4459
4460,Veg_Lollipop/Veg_Lollipop_042.jpg,96,Veg_Lollipop,train,795,,4460
4461,Veg_Lollipop/Veg_Lollipop_043.jpg,96,Veg_Lollipop,test,83,,4461
4462,Veg_Lollipop/Veg_Lollipop_044.jpg,96,Veg_Lollipop,test,405,,4462
4463,Veg_Lollipop/Veg_Lollipop_045.jpg,96,Veg_Lollipop,train,2542,,4463
4464,Veg_Lollipop/Veg_Lollipop_046.jpg,96,Veg_Lollipop,train,312,,4464
4465,Veg_Lollipop/Veg_Lollipop_047.jpg,96,Veg_Lollipop,train,650,,4465
4466,Veg_Lollipop/Veg_Lollipop_048.jpg,96,Veg_Lollipop,train,2631,,4466
4467,Veg_Lollipop/Veg_Lollipop_049.jpg,96,Veg_Lollipop,test,15,,4467
4468,Veg_Lollipop/Veg_Lollipop_050.jpg,96,Veg_Lollipop,train,232,,4468
4469,Veg_Lollipop/Veg_Lollipop_051.jpg,96,Veg_Lollipop,train,1771,,4469
4470,Veg_Lollipop/Veg_Lollipop_052.jpg,96,Veg_Lollipop,train,2067,,4470
4471,Veg_Manchurian/Veg_Manchurian_001.jpg,97,Veg_Manchurian,train,1836,,4471
4472,Veg_Manchurian/Veg_Manchurian_002.jpg,97,Veg_Manchurian,val,125,,4472
4473,Veg_Manchurian/Veg_Manchurian_003.jpg,97,Veg_Manchurian,train,202,,4473
4474,Veg_Manchurian/Veg_Manchurian_004.jpg,97,Veg_Manchurian,train,2967,,4474
4475,Veg_Manchurian/Veg_Manchurian_005.jpg,97,Veg_Manchurian,train,1956,,4475
4476,Veg_Manchurian/Veg_Manchurian_006.jpg,97,Veg_Manchurian,train,2170,,4476
4477,Veg_Manchurian/Veg_Manchurian_007.jpg,97,Veg_Manchurian,train,46,,4477
4478,Veg_Manchurian/Veg_Manchurian_008.jpg,97,Veg_Manchurian,train,2140,,4478
4479,Veg_Manchurian/Veg_Manchurian_009.jpg,97,Veg_Manchurian,train,750,,4479
4480,Veg_Manchurian/Veg_Manchurian_010.jpg,97,Veg_Manchurian,train,996,,4480
4481,Veg_Manchurian/Veg_Manchurian_011.jpg,97,Veg_Manchurian,train,389,,4481
4482,Veg_Manchurian/Veg_Manchurian_012.jpg,97,Veg_Manchurian,test,302,,4482
4483,Veg_Manchurian/Veg_Manchurian_013.jpg,97,Veg_Manchurian,train,84,,4483
4484,Veg_Manchurian/Veg_Manchurian_014.jpg,97,Veg_Manchurian,train,1627,,4484
4485,Veg_Manchurian/Veg_Manchurian_015.jpg,97,Veg_Manchurian,train,1664,,4485
4486,Veg_Manchurian/Veg_Manchurian_016.jpg,97,Veg_Manchurian,train,78,,4486
4487,Veg_Manchurian/Veg_Manchurian_017.jpg,97,Veg_Manchurian,val,142,,4487
4488,Veg_Manchurian/Veg_Manchurian_018.jpg,97,Veg_Manchurian,train,2768,,4488
4489,Veg_Manchurian/Veg_Manchurian_019.jpg,97,Veg_Manchurian,train,871,,4489
4490,Veg_Manchurian/Veg_Manchurian_020.jpg,97,Veg_Manchurian,train,92,,4490
4491,Veg_Manchurian/Veg_Manchurian_021.jpg,97,Veg_Manchurian,train,1667,,4491
4492,Veg_Manchurian/Veg_Manchurian_022.jpg,97,Veg_Manchurian,train,1741,,4492
4493,Veg_Manchurian/Veg_Manchurian_023.jpg,97,Veg_Manchurian,train,2417,,4492
4494,Veg_Manchurian/Veg_Manchurian_024.jpg,97,Veg_Manchurian,train,2835,,4494
4495,Veg_Manchurian/Veg_Manchurian_025.jpg,97,Veg_Manchurian,train,812,,4495
4496,Veg_Manchurian/Veg_Manchurian_026.jpg,97,Veg_Manchurian,train,1970,,4496
4497,Veg_Manchurian/Veg_Manchurian_027.jpg,97,Veg_Manchurian,train,796,,4497
4498,Veg_Manchurian/Veg_Manchurian_028.jpg,97,Veg_Manchurian,val,621,,4498
4499,Veg_Manchurian/Veg_Manchurian_029.jpg,97,Veg_Manchurian,train,1078,,4499
4500,Veg_Manchurian/Veg_Manchurian_030.jpg,97,Veg_Manchurian,train,535,,4500
4501,Veg_Manchurian/Veg_Manchurian_031.jpg,97,Veg_Manchurian,test,340,,4501
4502,Veg_Manchurian/Veg_Manchurian_032.jpg,97,Veg_Manchurian,val,480,,4502
4503,Veg_Manchurian/Veg_Manchurian_033.jpg,97,Veg_Manchurian,train,370,,4503
4504,Veg_Manchurian/Veg_Manchurian_034.jpg,97,Veg_Manchurian,val,308,,4504
4505,Veg_Manchurian/Veg_Manchurian_035.jpg,97,Veg_Manchurian,train,2510,,4490
4506,Veg_Manchurian/Veg_Manchurian_036.jpg,97,Veg_Manchurian,train,263,,4506
4507,Veg_Manchurian/Veg_Manchurian_037.jpg,97,Veg_Manchurian,train,1784,,4507
4508,Veg_Manchurian/Veg_Manchurian_038.jpg,97,Veg_Manchurian,train,1955,,4508
4509,Veg_Manchurian/Veg_Manchurian_039.jpg,97,Veg_Manchurian,train,989,,4509
4510,Veg_Manchurian/Veg_Manchurian_040.jpg,97,Veg_Manchurian,train,2084,,4510
4511,Veg_Manchurian/Veg_Manchurian_041.jpg,97,Veg_Manchurian,train,2351,,4511
4512,Veg_Manchurian/Veg_Manchurian_042.jpg,97,Veg_Manchurian,train,1156,,4512
4513,Veg_Manchurian/Veg_Manchurian_043.jpg,97,Veg_Manchurian,train,1816,,4512
4514,Veg_Manchurian/Veg_Manchurian_044.jpg,97,Veg_Manchurian,train,1550,,4514
4515,Veg_Manchurian/Veg_Manchurian_045.jpg,97,Veg_Manchurian,test,409,,4515
4516,Veg_Manchurian/Veg_Manchurian_046.jpg,97,Veg_Manchurian,val,159,,4516
4517,Veg_Manchurian/Veg_Manchurian_047.jpg,97,Veg_Manchurian,val,181,,4516
4518,Veg_Manchurian/Veg_Manchurian_048.jpg,97,Veg_Manchurian,train,1650,,4518
4519,Veg_Manchurian/Veg_Manchurian_049.jpg,97,Veg_Manchurian,train,2886,,4519
4520,Veg_Manchurian/Veg_Manchurian_050.jpg,97,Veg_Manchurian,test,522,,4520
4521,Veg_Manchurian/Veg_Manchurian_051.jpg,97,Veg_Manchurian,test,491,,4521
4522,Veg_Manchurian/Veg_Manchurian_052.jpg,97,Veg_Manchurian,test,478,,4520
4523,Veg_Manchurian/Veg_Manchurian_053.jpg,97,Veg_Manchurian,train,117,,4523
4524,Veg_Manchurian/Veg_Manchurian_054.jpg,97,Veg_Manchurian,val,163,,4524
4525,Veg_Manchurian/Veg_Manchurian_055.jpg,97,Veg_Manchurian,test,342,,4525
4526,Veg_Manchurian/Veg_Manchurian_056.jpg,97,Veg_Manchurian,test,674,,4526
4527,Veg_Manchurian/Veg_Manchurian_057.jpg,97,Veg_Manchurian,test,333,,4527
4528,Veg_Manchurian/Veg_Manchurian_058.jpg,97,Veg_Manchurian,val,32,,4528
4529,Veg_Manchurian/Veg_Manchurian_059.jpg,97,Veg_Manchurian,train,448,,4529
4530,Veg_Manchurian/Veg_Manchurian_060.jpg,97,Veg_Manchurian,train,2373,,4530
4531,Veg_Manchurian/Veg_Manchurian_061.jpg,97,Veg_Manchurian,train,1846,,4531
4532,Veg_fried_noodles/Veg_fried_noodles_001.jpg,98,Veg_fried_noodles,test,438,,4532
4533,Veg_fried_noodles/Veg_fried_noodles_002.jpg,98,Veg_fried_noodles,test,604,,4532
4534,Veg_fried_noodles/Veg_fried_noodles_003.jpg,98,Veg_fried_noodles,train,2602,,4534
4535,Veg_fried_noodles/Veg_fried_noodles_004.jpg,98,Veg_fried_noodles,train,2443,,4535
4536,Veg_fried_noodles/Veg_fried_noodles_005.jpg,98,Veg_fried_noodles,train,770,,4536
4537,Veg_fried_noodles/Veg_fried_noodles_006.jpg,98,Veg_fried_noodles,train,173,,4537
4538,Veg_fried_noodles/Veg_fried_noodles_007.jpg,98,Veg_fried_noodles,test,324,,4538
4539,Veg_fried_noodles/Veg_fried_noodles_008.jpg,98,Veg_fried_noodles,train,2032,,4539
4540,Veg_fried_noodles/Veg_fried_noodles_009.jpg,98,Veg_fried_noodles,val,66,,4540
4541,Veg_fried_noodles/Veg_fried_noodles_010.jpg,98,Veg_fried_noodles,train,1277,,4541
4542,Veg_fried_noodles/Veg_fried_noodles_011.jpg,98,Veg_fried_noodles,train,2552,,4542
4543,Veg_fried_noodles/Veg_fried_noodles_012.jpg,98,Veg_fried_noodles,train,2882,,4543
4544,Veg_fried_noodles/Veg_fried_noodles_013.jpg,98,Veg_fried_noodles,train,2721,,4544
4545,Veg_fried_noodles/Veg_fried_noodles_014.jpg,98,Veg_fried_noodles,val,571,,4545
4546,Veg_fried_noodles/Veg_fried_noodles_015.jpg,98,Veg_fried_noodles,val,392,,4545
4547,Veg_fried_noodles/Veg_fried_noodles_016.jpg,98,Veg_fried_noodles,train,2095,,4547
4548,Veg_fried_noodles/Veg_fried_noodles_017.jpg,98,Veg_fried_noodles,train,193,,4548
4549,Veg_fried_noodles/Veg_fried_noodles_018.jpg,98,Veg_fried_noodles,test,642,,4549
4550,Veg_fried_noodles/Veg_fried_noodles_019.jpg,98,Veg_fried_noodles,train,2455,,4550
4551,Veg_fried_noodles/Veg_fried_noodles_020.jpg,98,Veg_fried_noodles,train,1880,,4551
4552,Veg_fried_noodles/Veg_fried_noodles_021.jpg,98,Veg_fried_noodles,train,1299,,4552
4553,Veg_fried_noodles/Veg_fried_noodles_022.jpg,98,Veg_fried_noodles,val,612,,4553
4554,Veg_fried_noodles/Veg_fried_noodles_023.jpg,98,Veg_fried_noodles,train,2223,,4554
4555,Veg_fried_noodles/Veg_fried_noodles_024.jpg,98,Veg_fried_noodles,train,1441,,4555
4556,Veg_fried_noodles/Veg_fried_noodles_025.jpg,98,Veg_fried_noodles,train,1803,,4556
4557,Veg_sandwich/Veg_sandwich_001.jpg,99,Veg_sandwich,train,1380,,4557
4558,Veg_sandwich/Veg_sandwich_002.jpg,99,Veg_sandwich,train,2078,,4558
4559,Veg_sandwich/Veg_sandwich_003.jpg,99,Veg_sandwich,val,339,,4559
4560,Veg_sandwich/Veg_sandwich_004.jpg,99,Veg_sandwich,val,148,,4559
4561,Veg_sandwich/Veg_sandwich_005.jpg,99,Veg_sandwich,val,359,,4561
4562,Veg_sandwich/Veg_sandwich_006.jpg,99,Veg_sandwich,train,1561,,4562
4563,Veg_sandwich/Veg_sandwich_007.jpg,99,Veg_sandwich,train,2044,,4563
4564,Veg_sandwich/Veg_sandwich_008.jpg,99,Veg_sandwich,train,2233,,4564
4565,Veg_sandwich/Veg_sandwich_009.jpg,99,Veg_sandwich,test,645,,4565
4566,Veg_sandwich/Veg_sandwich_010.jpg,99,Veg_sandwich,test,332,,4565
4567,Veg_sandwich/Veg_sandwich_011.jpg,99,Veg_sandwich,test,603,,4565
4568,Veg_sandwich/Veg_sandwich_012.jpg,99,Veg_sandwich,train,1395,,4568
4569,Veg_sandwich/Veg_sandwich_013.jpg,99,Veg_sandwich,train,2342,,4569
4570,Veg_sandwich/Veg_sandwich_014.jpg,99,Veg_sandwich,train,1381,,4570
4571,Veg_sandwich/Veg_sandwich_015.jpg,99,Veg_sandwich,train,2097,,4571
4572,Veg_sandwich/Veg_sandwich_016.jpg,99,Veg_sandwich,train,2210,,4572
4573,Veg_sandwich/Veg_sandwich_017.jpg,99,Veg_sandwich,train,418,,4573
4574,Veg_sandwich/Veg_sandwich_018.jpg,99,Veg_sandwich,train,2131,,4574
4575,Veg_sandwich/Veg_sandwich_019.jpg,99,Veg_sandwich,train,954,,4575
4576,Veg_sandwich/Veg_sandwich_020.jpg,99,Veg_sandwich,train,225,,4576
4577,Veg_sandwich/Veg_sandwich_021.jpg,99,Veg_sandwich,train,2911,,4577
